index,stream,Zscore,district_rank,island_rank,al_year,sub1,sub1_r,sub2,sub2_r,sub3,sub3_r,cgt_r,ge_r,syllabus,birth_day,birth_month,birth_year,gender
6705,-,-,-,-,2020,PHYSICS,S,CHEMISTRY,F,COMBINED MATHEMATICS,F,060,B,new,18,February,2001,male
107121,-,-,-,-,2020,POLITICAL SCIENCE,Absent,HINDU CIVILIZATION,Absent,ART,Absent,Absent,Absent,new,30,January,2002,male
129284,-,-,-,-,2020,ECONOMICS,F,BUSINESS STUDIES,S,ACCOUNTING,F,046,F,new,17,March,2001,male
68751,-,-,-,-,2020,PHYSICS,F,CHEMISTRY,F,BIOLOGY,F,034,F,new,15,March,2001,female
195366,BIOSYSTEMS TECHNOLOGY,.2347,263 (NEW),4546 (NEW),2020,AGRICULTURAL SCIENCE,C,BIO SYSTEMS TECHNOLOGY,C,SCIENCE FOR TECHNOLOGY,S,034,F,new,7,February,2001,male
3129,ARTS,1.1425,996 (NEW),13024 (NEW),2020,COMMUNICATION & MEDIA STUDIES,B,BUDDHIST CIVILIZATION,B,SINHALA,B,046,F,new,22,January,2002,female
293014,ARTS,.6338,139 (NEW),29125 (NEW),2020,GEOGRAPHY,C,COMMUNICATION & MEDIA STUDIES,C,CARNATIC MUSIC,A,032,F,new,29,June,2001,female
15398,-,-,-,-,2020,GEOGRAPHY,F,HISTORY OF SRI LANKA & INDIA,F,SINHALA,S,032,S,new,7,May,2000,female
329782,-,-,-,-,2020,PHYSICS,Absent,CHEMISTRY,Absent,COMBINED MATHEMATICS,Absent,Absent,Absent,old,4,June,1999,female
329639,-,-,-,-,2020,CHEMISTRY,Absent,AGRICULTURAL SCIENCE,Absent,BIOLOGY,Absent,Absent,Absent,old,29,May,1996,female
48359,-,-,-,-,2020,INFORMATION & COMMUNICATION TECHNOLOGY,F,ENGINEERING TECHNOLOGY,Absent,SCIENCE FOR TECHNOLOGY,F,Absent,Absent,new,19,April,2000,male
132044,-,-,-,-,2020,FOOD TECHNOLOGY,Absent,GEOGRAPHY,Absent,BUDDHIST CIVILIZATION,Absent,Absent,Absent,new,16,June,2000,male
337044,-,-.1491,-,-,2020,LOGIC & SCIENTIFIC METHOD,F,HINDU CIVILIZATION,C,TAMIL,S,040,F,old,16,March,1999,female
5858,-,-,-,-,2020,ECONOMICS,F,BUSINESS STUDIES,Absent,ACCOUNTING,F,Absent,Absent,new,29,August,2000,male
66475,-,-,-,-,2020,POLITICAL SCIENCE,F,COMMUNICATION & MEDIA STUDIES,F,SINHALA,C,028,F,new,16,June,2001,female
56288,-,-,-,-,2020,INFORMATION & COMMUNICATION TECHNOLOGY,F,ECONOMICS,S,ACCOUNTING,F,040,C,new,18,August,2001,male
278532,ARTS,.5987,683 (NEW),30421 (NEW),2020,POLITICAL SCIENCE,C,DRAMA AND THEATRE (TAMIL),B,TAMIL,B,030,F,new,8,September,2001,female
25211,-,-,-,-,2020,PHYSICS,F,CHEMISTRY,F,COMBINED MATHEMATICS,F,060,C,new,30,November,2001,female
51282,BIOLOGICAL SCIENCE,-.6001,1878 (NEW),21593 (NEW),2020,PHYSICS,S,CHEMISTRY,S,BIOLOGY,S,056,S,new,22,August,2001,male
184463,ARTS,1.7781,107 (NEW),1773 (NEW),2020,GEOGRAPHY,A,COMMUNICATION & MEDIA STUDIES,A,SINHALA,A,036,S,new,20,July,2001,female
237190,ARTS,-.2816,2064 (NEW),62866 (NEW),2020,AGRICULTURAL SCIENCE,S,POLITICAL SCIENCE,S,SINHALA,C,026,F,new,23,March,2001,female
158966,ARTS,-.8575,7513 (NEW),72562 (NEW),2020,GEOGRAPHY,S,ISLAMIC CIVILIZATION,S,ART,S,032,F,new,24,December,2001,female
113138,ARTS,1.4952,163 (NEW),5197 (NEW),2020,COMMUNICATION & MEDIA STUDIES,A,BUDDHIST CIVILIZATION,B,SINHALA,B,046,F,new,30,May,2001,female
290946,-,-,-,-,2020,PHYSICS,F,CHEMISTRY,F,BIOLOGY,F,064,S,new,20,April,2001,male
243829,BIOLOGICAL SCIENCE,1.1463,131 (NEW),5110 (NEW),2020,PHYSICS,C,CHEMISTRY,B,BIOLOGY,C,070,B,new,30,March,2001,female
19878,-,-.3428,-,-,2020,PHYSICS,F,CHEMISTRY,C,BIOLOGY,S,056,B,new,21,January,2002,female
290632,COMMERCE,-.6222,222 (NEW),39017 (NEW),2020,ECONOMICS,S,BUSINESS STUDIES,S,ACCOUNTING,S,040,S,new,7,May,2001,female
255831,PHYSICAL SCIENCE,.3893,439 (NEW),12097 (NEW),2020,PHYSICS,C,CHEMISTRY,S,COMBINED MATHEMATICS,C,048,B,new,6,January,2002,male
73483,-,-.5451,-,-,2020,PHYSICS,S,CHEMISTRY,F,COMBINED MATHEMATICS,S,056,S,new,17,October,2001,female
20722,-,-.6360,-,-,2020,PHYSICS,S,CHEMISTRY,F,BIOLOGY,S,046,S,new,30,July,2001,female
282854,ARTS,1.4095,132 (NEW),6757 (NEW),2020,AGRO TECHNOLOGY,C,HISTORY OF SRI LANKA & EUROPE,A,TAMIL,B,040,F,new,23,July,2001,female
252301,ARTS,-.2869,3133 (NEW),63056 (NEW),2020,HISTORY OF SRI LANKA & INDIA,C,DANCING(INDIGENOUS),C,SINHALA,S,042,F,new,11,July,2001,female
137269,COMMERCE,1.9630,16 (NEW),586 (NEW),2020,ECONOMICS,A,BUSINESS STUDIES,A,ACCOUNTING,A,062,B,new,29,October,2001,female
68367,ARTS,.3624,2127 (NEW),39292 (NEW),2020,ECONOMICS,S,POLITICAL SCIENCE,C,SINHALA,B,036,F,new,3,October,2001,female
41106,COMMERCE,-.0511,3527 (NEW),29387 (NEW),2020,ECONOMICS,S,BUSINESS STUDIES,C,ACCOUNTING,S,050,S,new,12,October,2001,male
182892,-,-,-,-,2020,PHYSICS,F,CHEMISTRY,F,BIOLOGY,F,058,F,new,14,August,2001,female
320218,-,-,-,-,2020,PHYSICS,Absent,CHEMISTRY,Absent,BIOLOGY,Absent,Absent,Absent,old,21,July,1999,female
292465,-,-.9395,-,-,2020,GEOGRAPHY,F,HINDU CIVILIZATION,C,TAMIL,S,030,F,new,5,May,2001,female
185686,-,-,-,-,2020,PHYSICS,F,CHEMISTRY,F,BIOLOGY,F,042,F,new,18,April,2001,female
219506,ARTS,.2314,2902 (NEW),44328 (NEW),2020,GEOGRAPHY,C,ISLAMIC CIVILIZATION,C,TAMIL,B,044,F,new,10,January,2001,female
303308,ARTS,1.4211,166 (NEW),6536 (NEW),2020,GEOGRAPHY,B,HINDU CIVILIZATION,A,TAMIL,A,016,Absent,new,3,December,2001,female
334227,-,-.5316,-,-,2020,GEOGRAPHY,S,POLITICAL SCIENCE,F,CHRISTIAN CIVILIZATION,S,037,S,old,14,December,1997,male
284518,PHYSICAL SCIENCE,1.2048,48 (NEW),4822 (NEW),2020,PHYSICS,C,CHEMISTRY,B,COMBINED MATHEMATICS,C,066,C,new,3,May,2000,female
118605,COMMERCE,.9159,637 (NEW),11692 (NEW),2020,ECONOMICS,A,BUSINESS STUDIES,C,ACCOUNTING,C,056,S,new,16,August,2001,female
218071,-,-,-,-,2020,PHYSICS,F,CHEMISTRY,F,BIOLOGY,F,Absent,S,new,22,February,2000,male
111897,-,-.2156,-,-,2020,INFORMATION & COMMUNICATION TECHNOLOGY,C,ENGINEERING TECHNOLOGY,F,SCIENCE FOR TECHNOLOGY,S,Absent,Absent,new,19,December,2000,female
43566,-,-,-,-,2020,PHYSICS,F,CHEMISTRY,F,BIOLOGY,F,030,B,new,15,November,2001,female
327321,-,-.7648,-,-,2020,PHYSICS,F,CHEMISTRY,S,BIOLOGY,S,065,Absent,old,22,July,1999,female
220399,-,-.9255,-,-,2020,ECONOMICS,S,BUSINESS STUDIES,F,ACCOUNTING,S,046,C,new,5,January,2002,male
32102,COMMERCE,.8998,2375 (NEW),11969 (NEW),2020,ECONOMICS,C,BUSINESS STUDIES,B,ACCOUNTING,B,Absent,Absent,new,24,October,2000,female
47178,-,-.2132,-,-,2020,BUDDHISM,C,PALI,C,SANSKRIT,F,050,F,new,6,October,1996,male
59731,-,-,-,-,2020,BUDDHISM,F,PALI,F,SANSKRIT,F,Absent,F,new,21,May,2001,male
183430,BIOLOGICAL SCIENCE,1.9788,12 (NEW),1022 (NEW),2020,PHYSICS,B,CHEMISTRY,A,BIOLOGY,A,Absent,Absent,new,2,October,2000,female
145433,COMMERCE,.7890,559 (NEW),13820 (NEW),2020,ECONOMICS,C,BUSINESS STUDIES,C,ACCOUNTING,B,054,S,new,15,April,2001,female
219899,-,-,-,-,2020,INFORMATION & COMMUNICATION TECHNOLOGY,F,GEOGRAPHY,F,COMMUNICATION & MEDIA STUDIES,F,036,F,new,29,April,2001,male
251228,ENGINEERING TECHNOLOGY,1.2469,67 (NEW),1801 (NEW),2020,MATHEMATICS,S,ENGINEERING TECHNOLOGY,C,SCIENCE FOR TECHNOLOGY,A,054,B,new,16,April,2001,female
283211,-,-,-,-,2020,ECONOMICS,F,BUSINESS STUDIES,F,ACCOUNTING,Absent,Absent,Absent,new,7,December,2001,male
278422,-,-,-,-,2020,PHYSICS,F,CHEMISTRY,S,COMBINED MATHEMATICS,F,072,S,new,12,October,1999,male
102238,BIOSYSTEMS TECHNOLOGY,.6752,129 (NEW),2767 (NEW),2020,AGRICULTURAL SCIENCE,C,BIO SYSTEMS TECHNOLOGY,C,SCIENCE FOR TECHNOLOGY,S,030,F,new,15,June,2001,female
243874,PHYSICAL SCIENCE,-.4346,817 (NEW),20644 (NEW),2020,PHYSICS,S,CHEMISTRY,S,COMBINED MATHEMATICS,S,052,S,new,26,February,2001,female
26935,COMMERCE,.8150,2639 (NEW),13393 (NEW),2020,ECONOMICS,B,BUSINESS STUDIES,C,ACCOUNTING,B,060,B,new,28,August,2001,male
337175,-,-,-,-,2020,PHYSICS,Absent,CHEMISTRY,Absent,BIOLOGY,Absent,Absent,Absent,old,2,December,1999,male
319913,-,-,-,-,2020,ECONOMICS,Absent,COMMUNICATION & MEDIA STUDIES,Absent,BUDDHIST CIVILIZATION,Absent,Absent,Absent,old,11,February,1998,male
232293,ARTS,-.2297,4269 (NEW),61207 (NEW),2020,GEOGRAPHY,S,POLITICAL SCIENCE,S,HISTORY OF SRI LANKA & INDIA,C,050,F,new,23,April,2001,male
320975,BIOLOGICAL SCIENCE,.0664,151 (OLD),4101 (OLD),2020,PHYSICS,S,CHEMISTRY,C,BIOLOGY,S,045,C,old,23,July,1999,female
92095,-,-,-,-,2020,GEOGRAPHY,F,BUDDHIST CIVILIZATION,F,SINHALA,F,032,F,new,24,August,2001,female
180387,-,-,-,-,2020,PHYSICS,F,CHEMISTRY,F,BIOLOGY,F,056,F,new,19,March,2001,female
34840,-,-.7599,-,-,2020,POLITICAL SCIENCE,S,HISTORY OF SRI LANKA & INDIA,F,HOME ECONOMICS,S,044,S,new,31,December,2001,female
175586,ARTS,.5073,1130 (NEW),33831 (NEW),2020,GEOGRAPHY,C,ART,C,SINHALA,B,040,F,new,7,January,2002,female
196812,ARTS,1.1047,341 (NEW),14071 (NEW),2020,GEOGRAPHY,C,POLITICAL SCIENCE,C,SINHALA,A,040,F,new,23,March,2001,female
252549,COMMERCE,-.1027,1121 (NEW),30486 (NEW),2020,INFORMATION & COMMUNICATION TECHNOLOGY,C,BUSINESS STUDIES,S,ACCOUNTING,S,042,F,new,30,April,2000,male
302685,ARTS,-.0311,1527 (NEW),54252 (NEW),2020,POLITICAL SCIENCE,S,CHRISTIAN CIVILIZATION,C,TAMIL,C,034,F,new,6,February,2001,female
124526,-,-,-,-,2020,CHEMISTRY,F,AGRICULTURAL SCIENCE,S,BIOLOGY,F,052,F,new,18,April,2001,female
84501,COMMERCE,.6036,1141 (NEW),16973 (NEW),2020,ECONOMICS,C,BUSINESS STUDIES,C,ACCOUNTING,B,052,S,new,7,October,2001,female
173726,NON,.4180,-,-,2020,PHYSICS,S,COMBINED MATHEMATICS,C,INFORMATION & COMMUNICATION TECHNOLOGY,C,070,S,new,14,September,2001,male
290910,-,-,-,-,2020,INFORMATION & COMMUNICATION TECHNOLOGY,S,BUSINESS STUDIES,F,ACCOUNTING,F,038,Absent,new,4,May,2000,male
52109,-,-.9581,-,-,2020,INFORMATION & COMMUNICATION TECHNOLOGY,S,ENGINEERING TECHNOLOGY,S,SCIENCE FOR TECHNOLOGY,F,042,F,new,25,May,2001,male
42003,-,-1.1120,-,-,2020,ECONOMICS,F,BUDDHIST CIVILIZATION,S,SINHALA,S,032,F,new,25,April,2001,male
208304,ARTS,.2012,1264 (NEW),45502 (NEW),2020,GEOGRAPHY,C,DANCING(INDIGENOUS),B,SINHALA,S,032,F,new,30,March,2001,male
119569,ARTS,.1087,2944 (NEW),49055 (NEW),2020,GEOGRAPHY,C,BUDDHIST CIVILIZATION,S,SINHALA,C,032,F,new,29,September,2000,male
117555,-,-.2210,-,-,2020,GEOGRAPHY,F,POLITICAL SCIENCE,C,SINHALA,C,050,F,new,6,July,2000,male
42964,COMMERCE,-.0607,3547 (NEW),29589 (NEW),2020,ECONOMICS,S,BUSINESS STUDIES,C,ACCOUNTING,S,044,S,new,17,August,2001,female
59864,COMMERCE,.2880,2688 (NEW),22778 (NEW),2020,ECONOMICS,C,BUSINESS STUDIES,C,ACCOUNTING,S,044,S,new,23,February,2001,female
210426,-,-,-,-,2020,POLITICAL SCIENCE,F,BUDDHISM,F,SINHALA,S,018,F,new,22,October,2001,female
320925,-,-,-,-,2020,POLITICAL SCIENCE,Absent,COMMUNICATION & MEDIA STUDIES,Absent,SINHALA,Absent,Absent,Absent,old,6,February,1998,female
156875,ARTS,-.4475,7063 (NEW),67257 (NEW),2020,HOME ECONOMICS,C,COMMUNICATION & MEDIA STUDIES,S,DANCING(INDIGENOUS),S,040,Absent,new,9,October,2000,female
324511,-,-,-,-,2020,PHYSICS,Absent,CHEMISTRY,Absent,BIOLOGY,Absent,Absent,Absent,old,23,September,1999,male
201734,ARTS,1.4899,145 (NEW),5288 (NEW),2020,GEOGRAPHY,A,DANCING(INDIGENOUS),A,SINHALA,A,040,F,new,28,April,2001,female
278371,BIOLOGICAL SCIENCE,.3760,286 (NEW),12332 (NEW),2020,PHYSICS,S,CHEMISTRY,S,BIOLOGY,C,048,S,new,27,October,2001,male
99081,PHYSICAL SCIENCE,1.3740,277 (NEW),3753 (NEW),2020,PHYSICS,C,CHEMISTRY,B,COMBINED MATHEMATICS,A,066,F,new,11,December,2001,male
33040,ENGINEERING TECHNOLOGY,.2531,838 (NEW),6840 (NEW),2020,INFORMATION & COMMUNICATION TECHNOLOGY,S,ENGINEERING TECHNOLOGY,S,SCIENCE FOR TECHNOLOGY,C,040,F,new,27,January,2002,male
233052,ARTS,.2992,2724 (NEW),41723 (NEW),2020,POLITICAL SCIENCE,S,CHRISTIANITY,B,TAMIL,C,028,F,new,23,January,2002,female
328583,BIOLOGICAL SCIENCE,1.2793,61 (OLD),1088 (OLD),2020,PHYSICS,C,CHEMISTRY,B,BIOLOGY,B,Absent,Absent,old,18,December,1999,female
63435,-,-.4733,-,-,2020,LOGIC & SCIENTIFIC METHOD,S,BUDDHIST CIVILIZATION,F,CHINESE,C,030,C,new,27,November,2000,female
37190,-,-.6003,-,-,2020,PHYSICS,S,CHEMISTRY,S,COMBINED MATHEMATICS,F,032,B,new,29,July,2001,female
139397,ARTS,.6357,1201 (NEW),29055 (NEW),2020,GEOGRAPHY,C,DANCING(INDIGENOUS),B,SINHALA,B,038,F,new,13,September,2000,female
158023,COMMERCE,1.0686,665 (NEW),9381 (NEW),2020,ECONOMICS,A,BUSINESS STUDIES,A,ACCOUNTING,C,Absent,Absent,new,11,May,2000,female
101654,-,-,-,-,2020,POLITICAL SCIENCE,Absent,DANCING(INDIGENOUS),Absent,SINHALA,Absent,Absent,Absent,new,16,October,2000,female
152142,-,-.3065,-,-,2020,HISTORY OF SRI LANKA & EUROPE,C,SINHALA,C,GERMAN,F,034,S,new,19,December,2001,female
103035,ARTS,.8063,1217 (NEW),23245 (NEW),2020,GEOGRAPHY,C,DANCING(INDIGENOUS),A,SINHALA,C,054,F,new,8,November,2000,female
256954,COMMERCE,-.1819,702 (NEW),32118 (NEW),2020,ECONOMICS,S,BUSINESS STUDIES,C,ACCOUNTING,S,036,F,new,8,November,2001,female
246477,PHYSICAL SCIENCE,-.2861,773 (NEW),19676 (NEW),2020,PHYSICS,S,CHEMISTRY,S,COMBINED MATHEMATICS,S,050,S,new,22,May,2001,male
82196,ARTS,1.4917,363 (NEW),5257 (NEW),2020,INFORMATION & COMMUNICATION TECHNOLOGY,C,SINHALA,A,JAPANESE,A,Absent,S,new,27,January,2001,female
331686,-,-,-,-,2020,AGRICULTURAL SCIENCE,Absent,POLITICAL SCIENCE,Absent,SINHALA,Absent,Absent,Absent,old,21,December,1999,female
277397,COMMERCE,.1848,348 (NEW),24723 (NEW),2020,ECONOMICS,C,BUSINESS STUDIES,C,ACCOUNTING,C,044,F,new,1,August,2001,female
228851,ENGINEERING TECHNOLOGY,.9956,164 (NEW),2673 (NEW),2020,INFORMATION & COMMUNICATION TECHNOLOGY,S,ENGINEERING TECHNOLOGY,C,SCIENCE FOR TECHNOLOGY,B,068,B,new,11,January,2001,male
204896,COMMERCE,.6694,347 (NEW),15825 (NEW),2020,INFORMATION & COMMUNICATION TECHNOLOGY,C,BUSINESS STUDIES,C,ACCOUNTING,B,058,B,new,16,August,2001,female
131159,-,-,-,-,2020,AGRICULTURAL SCIENCE,Absent,HISTORY OF SRI LANKA & EUROPE,Absent,SINHALA,Absent,Absent,Absent,new,17,July,2000,male
322968,BIOLOGICAL SCIENCE,1.1199,150 (OLD),1384 (OLD),2020,PHYSICS,C,CHEMISTRY,B,BIOLOGY,B,043,C,old,Invalid nic error,Invalid nic error,Invalid nic error,
12653,COMMERCE,1.4552,1033 (NEW),4221 (NEW),2020,ECONOMICS,A,BUSINESS STUDIES,A,ACCOUNTING,A,068,A,new,12,March,2001,female
47430,-,-,-,-,2020,INFORMATION & COMMUNICATION TECHNOLOGY,F,ENGINEERING TECHNOLOGY,F,SCIENCE FOR TECHNOLOGY,S,050,F,new,19,March,2001,male
109424,-,-,-,-,2020,PHYSICS,F,CHEMISTRY,F,BIOLOGY,F,042,S,new,20,June,2001,female
77502,COMMERCE,-.5573,2327 (NEW),38328 (NEW),2020,ECONOMICS,S,BUSINESS STUDIES,S,ACCOUNTING,S,048,F,new,29,November,2001,female
276689,BIOLOGICAL SCIENCE,.5940,239 (NEW),9974 (NEW),2020,PHYSICS,C,CHEMISTRY,C,BIOLOGY,C,068,C,new,10,November,2000,female
224347,ARTS,-.0269,3690 (NEW),54108 (NEW),2020,GEOGRAPHY,S,ISLAMIC CIVILIZATION,C,TAMIL,C,028,C,new,29,July,2001,female
330417,BIOLOGICAL SCIENCE,1.0039,143 (OLD),1617 (OLD),2020,PHYSICS,C,CHEMISTRY,C,BIOLOGY,A,070,A,old,10,July,1999,female
153867,-,-.3576,-,-,2020,PHYSICS,F,CHEMISTRY,C,BIOLOGY,S,074,S,new,11,June,2001,female
312521,-,-,-,-,2020,ECONOMICS,Absent,BUSINESS STUDIES,Absent,ACCOUNTING,Absent,Absent,Absent,old,11,October,1999,female
316667,-,-,-,-,2020,POLITICAL SCIENCE,Absent,HISTORY OF INDIA,Absent,SINHALA,Absent,Absent,Absent,old,29,May,1990,male
94109,ENGINEERING TECHNOLOGY,2.7219,5 (NEW),44 (NEW),2020,INFORMATION & COMMUNICATION TECHNOLOGY,A,ENGINEERING TECHNOLOGY,A,SCIENCE FOR TECHNOLOGY,A,064,C,new,8,August,2001,male
40746,COMMERCE,-.0847,3611 (NEW),30097 (NEW),2020,ECONOMICS,C,BUSINESS STUDIES,C,ACCOUNTING,S,048,S,new,15,February,2001,male
226810,-,-,-,-,2020,INFORMATION & COMMUNICATION TECHNOLOGY,F,ECONOMICS,F,BUSINESS STUDIES,F,026,A,new,2,November,2001,male
95401,BIOLOGICAL SCIENCE,1.7462,139 (NEW),1826 (NEW),2020,PHYSICS,B,CHEMISTRY,A,BIOLOGY,C,076,A,new,9,October,2001,male
306128,-,-,-,-,2020,PHYSICS,F,CHEMISTRY,F,COMBINED MATHEMATICS,S,048,F,new,10,February,2000,female
60498,-,-,-,-,2020,PHYSICS,F,CHEMISTRY,F,BIOLOGY,S,060,C,new,22,June,2001,male
83517,PHYSICAL SCIENCE,.6557,830 (NEW),9353 (NEW),2020,PHYSICS,C,CHEMISTRY,C,COMBINED MATHEMATICS,C,070,A,new,3,December,2001,male
171793,PHYSICAL SCIENCE,-.0361,1347 (NEW),17082 (NEW),2020,PHYSICS,S,CHEMISTRY,C,COMBINED MATHEMATICS,S,072,F,new,6,May,2001,male
326907,-,-,-,-,2020,ECONOMICS,Absent,COMMUNICATION & MEDIA STUDIES,Absent,BUSINESS STUDIES,Absent,Absent,Absent,old,10,February,1999,female
249764,ARTS,.9212,914 (NEW),19411 (NEW),2020,AGRICULTURAL SCIENCE,C,GEOGRAPHY,C,POLITICAL SCIENCE,B,042,F,new,25,July,2001,male
258380,-,-,-,-,2020,PHYSICS,F,CHEMISTRY,F,COMBINED MATHEMATICS,S,054,B,new,30,April,2001,male
177812,-,-1.1814,-,-,2020,POLITICAL SCIENCE,F,CHRISTIANITY,S,SINHALA,S,032,F,new,9,March,2001,female
149087,PHYSICAL SCIENCE,-.2862,1530 (NEW),19680 (NEW),2020,PHYSICS,S,CHEMISTRY,S,COMBINED MATHEMATICS,S,044,F,new,5,January,2002,male
193851,-,-,-,-,2020,GEOGRAPHY,F,BUDDHIST CIVILIZATION,F,SINHALA,S,034,F,new,23,December,2001,female
159911,-,-,-,-,2020,COMMUNICATION & MEDIA STUDIES,S,ORIENTAL MUSIC,Absent,SINHALA,S,020,F,new,4,May,2001,female
218454,-,-,-,-,2020,ECONOMICS,Absent,BUSINESS STUDIES,Absent,ACCOUNTING,Absent,Absent,Absent,new,8,September,2000,male
187908,ENGINEERING TECHNOLOGY,-.5389,610 (NEW),12135 (NEW),2020,COMMUNICATION & MEDIA STUDIES,S,ENGINEERING TECHNOLOGY,S,SCIENCE FOR TECHNOLOGY,S,046,F,new,5,July,2001,female
329132,-,-,-,-,2020,PHYSICS,Absent,CHEMISTRY,Absent,COMBINED MATHEMATICS,Absent,Absent,Absent,old,4,May,1998,female
211711,-,-,-,-,2020,INFORMATION & COMMUNICATION TECHNOLOGY,S,ENGINEERING TECHNOLOGY,Absent,SCIENCE FOR TECHNOLOGY,F,044,A,new,28,March,1992,male
85803,-,-,-,-,2020,CHEMISTRY,F,AGRICULTURAL SCIENCE,F,BIOLOGY,F,034,F,new,15,June,2001,female
18298,ARTS,1.4324,574 (NEW),6335 (NEW),2020,POLITICAL SCIENCE,B,COMMUNICATION & MEDIA STUDIES,A,SINHALA,B,038,F,new,24,September,2000,female
311314,-,-,-,-,2020,POLITICAL SCIENCE,Absent,ISLAM,Absent,ARABIC,Absent,Absent,Absent,old,4,January,1990,male
272084,ARTS,.5096,1168 (NEW),33744 (NEW),2020,POLITICAL SCIENCE,C,ISLAMIC CIVILIZATION,B,ARABIC,C,044,S,new,12,February,2001,female
235317,-,-,-,-,2020,GEOGRAPHY,F,POLITICAL SCIENCE,F,TAMIL,S,036,F,new,23,December,2001,female
200132,ARTS,.8705,486 (NEW),21072 (NEW),2020,GEOGRAPHY,S,POLITICAL SCIENCE,B,SINHALA,A,044,F,new,7,February,2000,female
150633,COMMERCE,1.0111,725 (NEW),10208 (NEW),2020,ECONOMICS,B,BUSINESS STUDIES,A,ACCOUNTING,C,052,S,new,2,June,2001,female
25578,COMMERCE,.1488,4776 (NEW),25416 (NEW),2020,ECONOMICS,C,BUSINESS STUDIES,C,ACCOUNTING,S,052,S,new,20,May,2001,female
164703,ARTS,.1769,5018 (NEW),46448 (NEW),2020,POLITICAL SCIENCE,S,BUDDHIST CIVILIZATION,C,SINHALA,C,036,F,new,1,September,2001,female
287607,-,-,-,-,2020,ECONOMICS,Absent,BUSINESS STUDIES,Absent,ACCOUNTING,Absent,Absent,Absent,new,20,August,2000,female
133689,PHYSICAL SCIENCE,-.5564,892 (NEW),20970 (NEW),2020,PHYSICS,S,CHEMISTRY,S,COMBINED MATHEMATICS,S,068,S,new,20,April,2001,female
242813,ARTS,.7882,561 (NEW),23843 (NEW),2020,HOME ECONOMICS,C,BUDDHIST CIVILIZATION,C,SINHALA,B,050,S,new,26,January,2000,female
156717,-,-,-,-,2020,GEOGRAPHY,F,LOGIC & SCIENTIFIC METHOD,F,HOME ECONOMICS,C,038,F,new,23,August,2001,female
234338,-,-,-,-,2020,INFORMATION & COMMUNICATION TECHNOLOGY,Absent,HINDU CIVILIZATION,Absent,TAMIL,Absent,Absent,Absent,new,29,November,2001,female
172158,ARTS,1.2806,1019 (NEW),9602 (NEW),2020,COMMUNICATION & MEDIA STUDIES,B,BUDDHIST CIVILIZATION,A,SINHALA,B,046,F,new,27,November,2001,male
304389,NON,.4922,-,-,2020,CIVIL TECHNOLOGY,C,ENGINEERING TECHNOLOGY,S,SCIENCE FOR TECHNOLOGY,S,046,S,new,31,March,1991,female
294455,ARTS,.0963,345 (NEW),49530 (NEW),2020,GEOGRAPHY,S,DANCING(BHARATHA),B,TAMIL,C,044,F,new,18,August,2000,female
101526,ARTS,-.6826,3012 (NEW),71253 (NEW),2020,HISTORY OF SRI LANKA & INDIA,S,BUDDHIST CIVILIZATION,S,SINHALA,S,046,F,new,22,April,1999,male
132087,-,-,-,-,2020,PHYSICS,F,CHEMISTRY,S,COMBINED MATHEMATICS,F,058,S,new,19,February,2001,male
32998,ENGINEERING TECHNOLOGY,-.0453,1068 (NEW),9188 (NEW),2020,INFORMATION & COMMUNICATION TECHNOLOGY,S,ENGINEERING TECHNOLOGY,S,SCIENCE FOR TECHNOLOGY,S,040,F,new,18,July,2001,male
124048,ARTS,1.4382,465 (NEW),6235 (NEW),2020,AGRICULTURAL SCIENCE,C,LOGIC & SCIENTIFIC METHOD,C,COMMUNICATION & MEDIA STUDIES,A,038,Absent,new,26,January,2001,female
311068,-,-,-,-,2020,INFORMATION & COMMUNICATION TECHNOLOGY,F,ENGINEERING TECHNOLOGY,F,SCIENCE FOR TECHNOLOGY,F,052,S,old,11,May,1999,male
272613,ARTS,-.1191,2079 (NEW),57492 (NEW),2020,GEOGRAPHY,S,ISLAM,C,TAMIL,C,022,F,new,26,August,2001,female
24775,-,-,-,-,2020,ECONOMICS,F,BUSINESS STUDIES,F,ACCOUNTING,F,052,B,new,18,November,2001,male
93440,COMMERCE,1.1106,649 (NEW),8738 (NEW),2020,ECONOMICS,A,BUSINESS STUDIES,C,ACCOUNTING,B,060,C,new,30,December,2001,male
305506,-,-,-,-,2020,POLITICAL SCIENCE,Absent,HISTORY OF SRI LANKA & EUROPE,Absent,TAMIL,Absent,Absent,Absent,new,4,May,2000,female
322273,-,-,-,-,2020,CHEMISTRY,Absent,AGRICULTURAL SCIENCE,Absent,BIOLOGY,Absent,Absent,Absent,old,22,April,1997,female
110501,ARTS,.1088,1728 (NEW),49049 (NEW),2020,POLITICAL SCIENCE,S,HISTORY OF SRI LANKA & INDIA,S,SINHALA,B,036,F,new,27,October,2001,female
248217,ARTS,1.0528,709 (NEW),15499 (NEW),2020,GEOGRAPHY,B,BUDDHIST CIVILIZATION,B,SINHALA,B,038,S,new,22,November,2001,female
31003,BIOSYSTEMS TECHNOLOGY,1.0638,131 (NEW),1534 (NEW),2020,INFORMATION & COMMUNICATION TECHNOLOGY,C,BIO SYSTEMS TECHNOLOGY,C,SCIENCE FOR TECHNOLOGY,B,064,C,new,10,March,2001,female
148882,PHYSICAL SCIENCE,.1659,1150 (NEW),14653 (NEW),2020,PHYSICS,S,CHEMISTRY,S,COMBINED MATHEMATICS,C,072,B,new,6,August,2001,male
101504,ENGINEERING TECHNOLOGY,.8145,305 (NEW),3497 (NEW),2020,INFORMATION & COMMUNICATION TECHNOLOGY,C,ENGINEERING TECHNOLOGY,C,SCIENCE FOR TECHNOLOGY,S,050,S,new,13,August,2001,male
328698,-,-,-,-,2020,CHEMISTRY,Absent,AGRICULTURAL SCIENCE,Absent,BIOLOGY,Absent,Absent,Absent,old,18,June,1996,female
249853,COMMERCE,-.3983,1343 (NEW),36105 (NEW),2020,ECONOMICS,S,BUSINESS STUDIES,C,ACCOUNTING,S,048,Absent,new,30,May,1998,female
125608,ARTS,1.7495,161 (NEW),1989 (NEW),2020,POLITICAL SCIENCE,A,HISTORY OF SRI LANKA & INDIA,A,COMMUNICATION & MEDIA STUDIES,B,Absent,Absent,new,27,August,2000,female
221079,-,-.5769,-,-,2020,INFORMATION & COMMUNICATION TECHNOLOGY,S,COMMUNICATION & MEDIA STUDIES,F,CHINESE,S,050,S,new,27,November,2001,male
208827,COMMERCE,.8447,278 (NEW),12860 (NEW),2020,ECONOMICS,B,BUSINESS STUDIES,C,ACCOUNTING,C,052,S,new,24,November,2001,male
333140,PHYSICAL SCIENCE,-.1351,46 (OLD),1398 (OLD),2020,PHYSICS,S,CHEMISTRY,S,COMBINED MATHEMATICS,S,040,C,old,14,November,1999,female
92751,-,-,-,-,2020,ECONOMICS,Absent,BUSINESS STUDIES,Absent,ACCOUNTING,Absent,Absent,Absent,new,30,January,2001,female
260858,ARTS,.9362,662 (NEW),18979 (NEW),2020,POLITICAL SCIENCE,B,COMMUNICATION & MEDIA STUDIES,C,DRAMA AND THEATRE (SINHALA),B,032,F,new,7,January,2002,female
6080,PHYSICAL SCIENCE,1.5459,624 (NEW),2782 (NEW),2020,PHYSICS,C,CHEMISTRY,B,COMBINED MATHEMATICS,A,076,C,new,21,November,2001,female
126483,-,-,-,-,2020,HISTORY OF SRI LANKA & INDIA,Absent,COMMUNICATION & MEDIA STUDIES,Absent,SINHALA,Absent,Absent,Absent,new,16,September,2000,male
314115,ARTS,-.0874,224 (OLD),4508 (OLD),2020,GEOGRAPHY,S,HOME ECONOMICS,B,COMMUNICATION & MEDIA STUDIES,C,038,C,old,25,July,1999,female
192667,ARTS,-.6794,3721 (NEW),71222 (NEW),2020,COMMUNICATION & MEDIA STUDIES,S,BUDDHIST CIVILIZATION,S,SINHALA,S,032,F,new,23,June,2001,female
219074,-,-,-,-,2020,AGRICULTURAL SCIENCE,Absent,BIO SYSTEMS TECHNOLOGY,Absent,SCIENCE FOR TECHNOLOGY,Absent,Absent,Absent,new,15,July,2000,female
208316,ARTS,.1129,1374 (NEW),48905 (NEW),2020,GEOGRAPHY,C,BUDDHIST CIVILIZATION,S,SINHALA,C,044,F,new,3,November,2000,male
269966,-,-,-,-,2020,GEOGRAPHY,Absent,POLITICAL SCIENCE,Absent,ISLAM,Absent,Absent,Absent,new,4,September,2000,female
208538,-,-1.0950,-,-,2020,GEOGRAPHY,F,DANCING(INDIGENOUS),S,SINHALA,S,022,F,new,26,January,2002,female
105114,ARTS,.1336,2218 (NEW),48084 (NEW),2020,POLITICAL SCIENCE,C,BUDDHIST CIVILIZATION,S,SINHALA,C,034,F,new,25,July,2000,female
14457,BIOLOGICAL SCIENCE,.2463,2185 (NEW),13895 (NEW),2020,PHYSICS,S,CHEMISTRY,S,BIOLOGY,C,062,A,new,25,June,2001,female
194577,ARTS,-.4668,3533 (NEW),67680 (NEW),2020,HISTORY OF SRI LANKA & INDIA,S,BUDDHIST CIVILIZATION,S,SINHALA,S,024,F,new,29,May,2000,female
81209,ARTS,.5104,2017 (NEW),33716 (NEW),2020,GEOGRAPHY,C,DANCING(INDIGENOUS),B,SINHALA,B,042,C,new,28,December,2001,female
291658,COMMERCE,1.0809,31 (NEW),9202 (NEW),2020,ECONOMICS,B,BUSINESS STUDIES,B,ACCOUNTING,A,046,S,new,16,January,2002,female
223285,COMMERCE,.7739,893 (NEW),14093 (NEW),2020,ECONOMICS,B,BUSINESS STUDIES,B,ACCOUNTING,C,044,C,new,5,December,2000,female
39725,ARTS,.3161,3172 (NEW),41064 (NEW),2020,INFORMATION & COMMUNICATION TECHNOLOGY,S,ECONOMICS,C,GEOGRAPHY,B,046,F,new,4,April,2001,female
210592,BIOLOGICAL SCIENCE,.1336,1223 (NEW),15302 (NEW),2020,PHYSICS,S,CHEMISTRY,S,BIOLOGY,C,062,B,new,12,July,2000,female
158038,PHYSICAL SCIENCE,.8198,625 (NEW),7876 (NEW),2020,PHYSICS,C,CHEMISTRY,C,COMBINED MATHEMATICS,B,062,C,new,18,February,2000,male
127495,-,-,-,-,2020,HOME ECONOMICS,Absent,BIO SYSTEMS TECHNOLOGY,Absent,SCIENCE FOR TECHNOLOGY,Absent,Absent,Absent,new,28,March,2000,female
103050,ARTS,1.2884,486 (NEW),9420 (NEW),2020,GEOGRAPHY,A,COMMUNICATION & MEDIA STUDIES,B,SINHALA,B,026,F,new,15,September,2000,female
31069,COMMERCE,.5117,3540 (NEW),18573 (NEW),2020,ECONOMICS,B,BUSINESS STUDIES,C,ACCOUNTING,C,056,C,new,25,June,2001,female
5881,-,-,-,-,2020,POLITICAL SCIENCE,Absent,COMMUNICATION & MEDIA STUDIES,Absent,SINHALA,Absent,Absent,Absent,new,17,May,2000,female
97993,-,-.6092,-,-,2020,PHYSICS,F,CHEMISTRY,S,BIOLOGY,S,Absent,S,new,2,October,2000,female
181944,-,-,-,-,2020,AGRICULTURAL SCIENCE,Absent,BIO SYSTEMS TECHNOLOGY,Absent,SCIENCE FOR TECHNOLOGY,Absent,Absent,Absent,new,11,June,2000,male
175833,COMMERCE,-.3700,1065 (NEW),35665 (NEW),2020,ECONOMICS,S,BUSINESS STUDIES,C,ACCOUNTING,S,064,B,new,13,October,2001,male
114442,PHYSICAL SCIENCE,.7513,372 (NEW),8516 (NEW),2020,PHYSICS,C,CHEMISTRY,C,COMBINED MATHEMATICS,B,076,F,new,19,October,2001,male
51634,-,-,-,-,2020,PHYSICS,F,CHEMISTRY,F,COMBINED MATHEMATICS,F,048,F,new,20,September,2001,female
239716,-,-.3711,-,-,2020,PHYSICS,F,CHEMISTRY,S,BIOLOGY,C,058,B,new,8,July,2000,female
38444,NON,.2206,-,-,2020,PHYSICS,S,COMBINED MATHEMATICS,S,INFORMATION & COMMUNICATION TECHNOLOGY,C,Absent,Absent,new,18,September,2000,male
976,-,-,-,-,2020,ECONOMICS,Absent,BUSINESS STUDIES,Absent,ACCOUNTING,Absent,Absent,Absent,new,28,June,1993,female
186506,-,-.4699,-,-,2020,PHYSICS,F,CHEMISTRY,S,COMBINED MATHEMATICS,S,052,A,new,7,July,2000,female
263020,ARTS,.6995,894 (NEW),26857 (NEW),2020,POLITICAL SCIENCE,B,BUDDHIST CIVILIZATION,B,SINHALA,C,040,F,new,5,July,2000,female
316986,-,-,-,-,2020,AGRICULTURAL SCIENCE,Absent,HISTORY OF INDIA,Absent,SINHALA,Absent,Absent,Absent,old,20,June,1997,female
325079,PHYSICAL SCIENCE,-.5468,127 (OLD),1774 (OLD),2020,PHYSICS,S,CHEMISTRY,S,COMBINED MATHEMATICS,S,045,C,old,26,August,1999,male
99315,-,-,-,-,2020,PHYSICS,F,COMBINED MATHEMATICS,F,INFORMATION & COMMUNICATION TECHNOLOGY,S,Absent,A,new,28,April,2000,male
315463,-,-,-,-,2020,COMMUNICATION & MEDIA STUDIES,S,BIO SYSTEMS TECHNOLOGY,F,SCIENCE FOR TECHNOLOGY,F,038,F,old,19,October,1998,female
82527,BIOLOGICAL SCIENCE,1.2083,381 (NEW),4663 (NEW),2020,PHYSICS,C,CHEMISTRY,C,BIOLOGY,B,Absent,Absent,new,28,March,2000,female
85266,ENGINEERING TECHNOLOGY,1.1129,138 (NEW),2267 (NEW),2020,INFORMATION & COMMUNICATION TECHNOLOGY,S,ENGINEERING TECHNOLOGY,B,SCIENCE FOR TECHNOLOGY,C,046,F,new,9,April,2000,male
107380,COMMERCE,1.4863,199 (NEW),3902 (NEW),2020,ECONOMICS,A,BUSINESS STUDIES,B,ACCOUNTING,A,Absent,Absent,new,1,November,2000,male
96815,ARTS,1.7779,95 (NEW),1777 (NEW),2020,INFORMATION & COMMUNICATION TECHNOLOGY,A,ENGLISH,C,FRENCH,A,056,A,new,25,December,2001,female
314724,-,-.4891,-,-,2020,PHYSICS,F,CHEMISTRY,S,BIOLOGY,C,043,F,old,8,September,1999,male
208088,ARTS,.8773,522 (NEW),20836 (NEW),2020,GEOGRAPHY,B,ISLAM,B,TAMIL,B,034,S,new,24,March,2000,female
221508,COMMERCE,.7739,893 (NEW),14093 (NEW),2020,ECONOMICS,C,BUSINESS STUDIES,B,ACCOUNTING,C,050,S,new,9,July,2001,male
113778,BIOLOGICAL SCIENCE,-.3691,759 (NEW),20795 (NEW),2020,PHYSICS,S,CHEMISTRY,S,BIOLOGY,S,050,F,new,15,October,2001,female
134702,-,-,-,-,2020,ECONOMICS,S,BUSINESS STUDIES,F,ACCOUNTING,F,046,F,new,18,December,2000,male
95600,COMMERCE,1.0804,453 (NEW),9210 (NEW),2020,ECONOMICS,A,BUSINESS STUDIES,B,ACCOUNTING,B,066,C,new,19,December,2001,male
70025,BIOLOGICAL SCIENCE,-.0060,996 (NEW),17072 (NEW),2020,PHYSICS,C,CHEMISTRY,S,BIOLOGY,S,058,A,new,27,June,2002,female
61205,-,-,-,-,2020,CHRISTIANITY,C,DRAMA AND THEATRE (SINHALA),Absent,SINHALA,S,050,B,new,30,June,2001,male
30645,ARTS,-.5221,4618 (NEW),68830 (NEW),2020,POLITICAL SCIENCE,S,HISTORY OF SRI LANKA & INDIA,S,SINHALA,S,030,S,new,12,November,2001,male
3638,ENGINEERING TECHNOLOGY,.0620,978 (NEW),8311 (NEW),2020,INFORMATION & COMMUNICATION TECHNOLOGY,S,ENGINEERING TECHNOLOGY,S,SCIENCE FOR TECHNOLOGY,C,044,B,new,9,March,2001,male
44843,COMMERCE,-.1190,3697 (NEW),30799 (NEW),2020,INFORMATION & COMMUNICATION TECHNOLOGY,S,ECONOMICS,S,ACCOUNTING,S,034,S,new,18,June,2001,female
142590,ENGINEERING TECHNOLOGY,.5770,187 (NEW),4733 (NEW),2020,INFORMATION & COMMUNICATION TECHNOLOGY,C,ENGINEERING TECHNOLOGY,S,SCIENCE FOR TECHNOLOGY,C,058,S,new,7,March,2001,male
59310,ARTS,.4542,2775 (NEW),35841 (NEW),2020,HOME ECONOMICS,C,SINHALA,B,JAPANESE,S,040,S,new,16,October,2001,female
327402,ARTS,.5629,194 (OLD),2522 (OLD),2020,GEOGRAPHY,C,POLITICAL SCIENCE,C,HISTORY OF INDIA,B,037,F,old,1,May,1999,female
117951,-,-.6673,-,-,2020,BUDDHIST CIVILIZATION,F,DRAMA AND THEATRE (SINHALA),C,SINHALA,S,044,F,new,14,March,2001,male
328639,-,-,-,-,2020,GEOGRAPHY,Absent,BUDDHIST CIVILIZATION,Absent,SINHALA,Absent,Absent,Absent,old,30,December,1999,female
195566,-,-.1682,-,-,2020,POLITICAL SCIENCE,F,BUDDHIST CIVILIZATION,C,SINHALA,C,052,F,new,25,August,2001,male
32386,-,-,-,-,2020,ECONOMICS,F,BUSINESS STUDIES,S,ACCOUNTING,F,034,C,new,25,March,2001,male
201493,BIOLOGICAL SCIENCE,.8252,71 (NEW),7689 (NEW),2020,PHYSICS,S,CHEMISTRY,B,BIOLOGY,B,Absent,S,new,18,May,2000,female
99077,PHYSICAL SCIENCE,-.4585,1272 (NEW),20747 (NEW),2020,PHYSICS,S,CHEMISTRY,S,COMBINED MATHEMATICS,S,060,S,new,29,July,2001,male
300107,COMMERCE,.3410,376 (NEW),21745 (NEW),2020,ECONOMICS,B,BUSINESS STUDIES,C,ACCOUNTING,S,064,S,new,23,February,2000,male
148957,-,-.2935,-,-,2020,PHYSICS,S,CHEMISTRY,S,COMBINED MATHEMATICS,F,074,A,new,4,August,2001,male
234140,-,-.9199,-,-,2020,ECONOMICS,F,BUSINESS STUDIES,S,ACCOUNTING,S,044,F,new,5,July,2001,male
74114,ARTS,-.5157,3561 (NEW),68700 (NEW),2020,GEOGRAPHY,S,ISLAM,C,TAMIL,S,030,F,new,22,November,2001,female
29197,ARTS,-.6087,4735 (NEW),70326 (NEW),2020,INFORMATION & COMMUNICATION TECHNOLOGY,S,GEOGRAPHY,S,ART,S,034,C,new,28,July,2000,female
221894,ARTS,-.0202,3663 (NEW),53882 (NEW),2020,POLITICAL SCIENCE,S,COMMUNICATION & MEDIA STUDIES,C,SINHALA,C,032,S,new,1,July,2001,female
22542,-,-,-,-,2020,ECONOMICS,F,BUSINESS STUDIES,S,ACCOUNTING,F,044,B,new,12,November,2001,female
123782,BIOLOGICAL SCIENCE,1.7921,67 (NEW),1654 (NEW),2020,PHYSICS,B,CHEMISTRY,A,BIOLOGY,B,Absent,Absent,new,1,May,2000,male
235296,ARTS,1.9231,14 (NEW),899 (NEW),2020,GEOGRAPHY,A,POLITICAL SCIENCE,A,TAMIL,A,048,S,new,28,March,2001,female
280867,-,-.6859,-,-,2020,POLITICAL SCIENCE,F,ISLAM,B,ARABIC,S,026,F,new,8,February,2001,female
318219,BIOLOGICAL SCIENCE,.1466,108 (OLD),3856 (OLD),2020,PHYSICS,S,CHEMISTRY,C,BIOLOGY,C,045,S,old,18,February,1999,female
152303,-,-,-,-,2020,PHYSICS,Absent,CHEMISTRY,Absent,BIOLOGY,Absent,Absent,Absent,new,14,January,2001,female
296578,-,-.9666,-,-,2020,GEOGRAPHY,S,HISTORY OF SRI LANKA & EUROPE,S,CHRISTIAN CIVILIZATION,F,024,F,new,6,October,2001,male
17438,-,-.5116,-,-,2020,PHYSICS,S,CHEMISTRY,F,COMBINED MATHEMATICS,S,064,B,new,19,March,2001,male
69198,BIOSYSTEMS TECHNOLOGY,.0692,220 (NEW),5270 (NEW),2020,INFORMATION & COMMUNICATION TECHNOLOGY,S,BIO SYSTEMS TECHNOLOGY,S,SCIENCE FOR TECHNOLOGY,C,Absent,S,new,19,August,2000,female
148415,ENGINEERING TECHNOLOGY,.1089,749 (NEW),7922 (NEW),2020,AGRICULTURAL SCIENCE,S,ENGINEERING TECHNOLOGY,S,SCIENCE FOR TECHNOLOGY,S,040,F,new,31,March,2000,male
235732,-,-.4904,-,-,2020,PHYSICS,F,CHEMISTRY,S,BIOLOGY,S,056,B,new,14,July,2001,female
240858,ARTS,.7535,600 (NEW),24993 (NEW),2020,GEOGRAPHY,C,DRAMA AND THEATRE (SINHALA),C,SINHALA,B,030,S,new,21,October,2001,female
83389,COMMERCE,1.5628,259 (NEW),3123 (NEW),2020,ECONOMICS,A,BUSINESS STUDIES,A,ACCOUNTING,B,Absent,Absent,new,25,December,2000,male
19112,-,-,-,-,2020,ECONOMICS,F,BUSINESS STUDIES,F,ACCOUNTING,F,026,F,new,27,July,2000,female
55867,-,-,-,-,2020,ECONOMICS,Absent,BUSINESS STUDIES,Absent,ACCOUNTING,Absent,Absent,Absent,new,8,April,2000,male
63006,-,-,-,-,2020,COMMUNICATION & MEDIA STUDIES,Absent,BUDDHIST CIVILIZATION,Absent,SINHALA,Absent,Absent,Absent,new,7,January,2002,male
427,-,-,-,-,2020,HISTORY OF SRI LANKA & EUROPE,Absent,COMMUNICATION & MEDIA STUDIES,Absent,CHRISTIANITY,Absent,Absent,Absent,new,20,July,2000,male
91283,-,-,-,-,2020,PHYSICS,S,CHEMISTRY,F,COMBINED MATHEMATICS,F,062,S,new,31,October,2001,male
33712,-,-.4849,-,-,2020,PHYSICS,S,CHEMISTRY,S,COMBINED MATHEMATICS,F,042,C,new,16,August,2001,male
291979,NON,1.7659,-,-,2020,PHYSICS,B,COMBINED MATHEMATICS,B,INFORMATION & COMMUNICATION TECHNOLOGY,A,072,A,new,15,October,2001,male
99605,COMMERCE,-.1540,1358 (NEW),31535 (NEW),2020,ECONOMICS,C,BUSINESS STUDIES,S,ACCOUNTING,S,070,C,new,27,April,2001,male
256198,-,-,-,-,2020,PHYSICS,F,CHEMISTRY,F,BIOLOGY,F,054,S,new,7,March,2001,male
299224,PHYSICAL SCIENCE,-.1974,815 (NEW),18843 (NEW),2020,PHYSICS,S,CHEMISTRY,S,COMBINED MATHEMATICS,S,036,F,new,10,July,2000,female
324883,-,-,-,-,2020,PHYSICS,F,CHEMISTRY,F,COMBINED MATHEMATICS,S,Absent,F,old,25,May,1999,female
178816,-,-,-,-,2020,ECONOMICS,Absent,BUSINESS STUDIES,Absent,ACCOUNTING,Absent,Absent,Absent,new,12,June,2000,female
227953,COMMERCE,-.2550,2321 (NEW),33559 (NEW),2020,ECONOMICS,S,BUSINESS STUDIES,S,ACCOUNTING,C,052,F,new,22,April,2001,male
88998,BIOLOGICAL SCIENCE,.6180,736 (NEW),9720 (NEW),2020,PHYSICS,C,CHEMISTRY,C,BIOLOGY,C,Absent,Absent,new,31,May,2000,female
244112,PHYSICAL SCIENCE,.9579,235 (NEW),6675 (NEW),2020,PHYSICS,C,CHEMISTRY,C,COMBINED MATHEMATICS,C,070,B,new,28,June,2001,male
320088,-,-,-,-,2020,BUDDHISM,Absent,SINHALA,Absent,PALI,Absent,Absent,Absent,old,7,February,1998,male
327942,-,-,-,-,2020,POLITICAL SCIENCE,F,DANCING(INDIGENOUS),S,DRAMA AND THEATRE (SINHALA),F,023,Absent,old,31,December,1999,female
317204,-,-,-,-,2020,PHYSICS,Absent,CHEMISTRY,Absent,BIOLOGY,Absent,Absent,Absent,old,17,November,1999,female
67398,-,-,-,-,2020,INFORMATION & COMMUNICATION TECHNOLOGY,F,ENGINEERING TECHNOLOGY,Absent,SCIENCE FOR TECHNOLOGY,S,048,F,new,26,July,2001,male
78730,COMMERCE,1.0978,660 (NEW),8936 (NEW),2020,ECONOMICS,B,BUSINESS STUDIES,B,ACCOUNTING,B,042,S,new,21,June,2001,male
79321,-,-,-,-,2020,INFORMATION & COMMUNICATION TECHNOLOGY,F,BIO SYSTEMS TECHNOLOGY,F,SCIENCE FOR TECHNOLOGY,S,040,F,new,12,February,2001,female
269741,-,-,-,-,2020,GEOGRAPHY,F,POLITICAL SCIENCE,S,TAMIL,F,030,F,new,29,October,2001,female
108804,-,-,-,-,2020,AGRICULTURAL SCIENCE,Absent,BIO SYSTEMS TECHNOLOGY,Absent,SCIENCE FOR TECHNOLOGY,Absent,Absent,Absent,new,28,November,2000,male
292223,-,-,-,-,2020,INFORMATION & COMMUNICATION TECHNOLOGY,F,ENGINEERING TECHNOLOGY,F,SCIENCE FOR TECHNOLOGY,F,046,F,new,18,September,2001,male
251381,BIOLOGICAL SCIENCE,-.3798,735 (NEW),20845 (NEW),2020,PHYSICS,S,CHEMISTRY,S,BIOLOGY,S,064,A,new,30,January,2001,male
255468,COMMERCE,.2627,835 (NEW),23262 (NEW),2020,INFORMATION & COMMUNICATION TECHNOLOGY,S,BUSINESS STUDIES,B,ACCOUNTING,S,040,F,new,11,May,2001,male
199866,-,-.4882,-,-,2020,PHYSICS,F,CHEMISTRY,S,BIOLOGY,S,050,S,new,8,April,2001,female
282111,ARTS,.8619,465 (NEW),21369 (NEW),2020,GEOGRAPHY,C,HISTORY OF SRI LANKA & EUROPE,B,DRAMA AND THEATRE (TAMIL),C,030,S,new,30,May,2000,female
288909,ARTS,.9028,413 (NEW),20020 (NEW),2020,AGRICULTURAL SCIENCE,C,GEOGRAPHY,B,ISLAM,B,036,F,new,16,April,2000,female
102872,-,-,-,-,2020,CHEMISTRY,F,AGRICULTURAL SCIENCE,F,BIOLOGY,F,056,F,new,24,November,2001,male
201853,COMMERCE,1.5194,54 (NEW),3546 (NEW),2020,ECONOMICS,A,BUSINESS STUDIES,A,ACCOUNTING,B,044,S,new,16,March,2001,female
151867,-,-,-,-,2020,GEOGRAPHY,F,POLITICAL SCIENCE,F,SINHALA,F,032,Absent,new,15,August,2001,male
49744,-,-,-,-,2020,PHYSICS,S,CHEMISTRY,F,COMBINED MATHEMATICS,F,056,S,new,17,February,2001,female
205501,PHYSICAL SCIENCE,.4249,128 (NEW),11696 (NEW),2020,PHYSICS,S,CHEMISTRY,C,COMBINED MATHEMATICS,C,066,F,new,9,December,2001,male
2839,COMMERCE,1.4060,1141 (NEW),4820 (NEW),2020,ECONOMICS,A,BUSINESS STATISTICS,B,ACCOUNTING,A,058,A,new,26,November,2001,female
91883,ENGINEERING TECHNOLOGY,1.9510,32 (NEW),434 (NEW),2020,INFORMATION & COMMUNICATION TECHNOLOGY,B,ENGINEERING TECHNOLOGY,B,SCIENCE FOR TECHNOLOGY,A,054,C,new,31,December,2001,male
165643,-,-,-,-,2020,PHYSICS,Absent,CHEMISTRY,Absent,COMBINED MATHEMATICS,Absent,Absent,Absent,new,8,September,2000,male
148131,-,-,-,-,2020,PHYSICS,S,CHEMISTRY,F,BIOLOGY,F,050,C,new,25,June,2001,female
253131,ARTS,1.4869,227 (NEW),5331 (NEW),2020,GEOGRAPHY,A,POLITICAL SCIENCE,B,HISTORY OF SRI LANKA & INDIA,A,042,S,new,25,November,2001,female
142386,ARTS,-.3013,2885 (NEW),63473 (NEW),2020,HISTORY OF SRI LANKA & INDIA,C,ORIENTAL MUSIC,C,SINHALA,C,Absent,F,new,5,December,2000,male
416,-,-,-,-,2020,PHYSICS,F,COMBINED MATHEMATICS,F,INFORMATION & COMMUNICATION TECHNOLOGY,C,056,B,new,1,August,2000,male
184847,ARTS,.9886,941 (NEW),17426 (NEW),2020,POLITICAL SCIENCE,C,BUDDHIST CIVILIZATION,B,SINHALA,B,036,F,new,26,April,2001,female
318641,ARTS,.5582,50 (OLD),2538 (OLD),2020,GEOGRAPHY,C,BUDDHIST CIVILIZATION,S,SINHALA,A,033,Absent,old,17,November,1994,female
195084,-,-,-,-,2020,INFORMATION & COMMUNICATION TECHNOLOGY,F,COMMUNICATION & MEDIA STUDIES,F,SINHALA,F,050,S,new,27,March,2001,male
270943,BIOSYSTEMS TECHNOLOGY,.2843,236 (NEW),4337 (NEW),2020,AGRICULTURAL SCIENCE,C,BIO SYSTEMS TECHNOLOGY,S,SCIENCE FOR TECHNOLOGY,S,050,F,new,28,January,2001,female
120564,-,-.4614,-,-,2020,PHYSICS,S,CHEMISTRY,S,COMBINED MATHEMATICS,F,056,B,new,16,April,2001,female
322149,PHYSICAL SCIENCE,.9378,72 (OLD),431 (OLD),2020,PHYSICS,C,CHEMISTRY,B,COMBINED MATHEMATICS,C,065,S,old,18,December,1999,female
98232,COMMERCE,.5689,816 (NEW),17562 (NEW),2020,ECONOMICS,C,BUSINESS STUDIES,C,ACCOUNTING,B,042,S,new,14,August,2001,female
270023,-,-.2942,-,-,2020,PHYSICS,F,CHEMISTRY,S,BIOLOGY,S,052,C,new,29,April,2000,female
184160,COMMERCE,-.3794,1343 (NEW),35810 (NEW),2020,ECONOMICS,S,BUSINESS STUDIES,S,ACCOUNTING,S,044,S,new,21,June,2001,male
313737,-,-,-,-,2020,HISTORY OF INDIA,F,DRAMA AND THEATRE (SINHALA),Absent,SINHALA,F,037,F,old,2,April,1999,female
61193,-,-.3223,-,-,2020,ECONOMICS,S,BUSINESS STUDIES,C,ACCOUNTING,F,Absent,F,new,1,November,1997,female
234787,ARTS,1.1234,259 (NEW),13560 (NEW),2020,GEOGRAPHY,B,POLITICAL SCIENCE,B,TAMIL,B,036,S,new,3,March,2000,male
293620,COMMERCE,.7565,50 (NEW),14384 (NEW),2020,ECONOMICS,B,BUSINESS STUDIES,C,ACCOUNTING,C,034,F,new,12,August,2000,male
56585,PHYSICAL SCIENCE,.0324,1634 (NEW),16279 (NEW),2020,PHYSICS,S,CHEMISTRY,C,COMBINED MATHEMATICS,S,Absent,S,new,24,December,2000,female
50731,-,-,-,-,2020,ECONOMICS,Absent,BUSINESS STUDIES,Absent,ACCOUNTING,Absent,Absent,Absent,new,30,August,1999,female
318748,-,-,-,-,2020,PHYSICS,F,CHEMISTRY,S,COMBINED MATHEMATICS,F,058,A,old,23,June,1998,male
268378,ARTS,.7718,805 (NEW),24373 (NEW),2020,POLITICAL SCIENCE,B,LOGIC & SCIENTIFIC METHOD,C,ISLAM,B,042,F,new,7,May,2000,female
128004,-,-,-,-,2020,AGRICULTURAL SCIENCE,F,ENGINEERING TECHNOLOGY,F,SCIENCE FOR TECHNOLOGY,F,036,F,new,27,May,2001,male
40646,-,-,-,-,2020,ECONOMICS,F,BUSINESS STUDIES,F,ACCOUNTING,F,028,F,new,22,December,2001,male
187716,ARTS,.0107,2773 (NEW),52670 (NEW),2020,POLITICAL SCIENCE,S,BUDDHIST CIVILIZATION,C,SINHALA,C,036,F,new,23,January,2002,female
243606,BIOLOGICAL SCIENCE,1.1471,129 (NEW),5101 (NEW),2020,PHYSICS,C,CHEMISTRY,B,BIOLOGY,C,070,C,new,16,January,2001,female
124056,-,-.5518,-,-,2020,INFORMATION & COMMUNICATION TECHNOLOGY,S,ENGINEERING TECHNOLOGY,F,SCIENCE FOR TECHNOLOGY,S,054,F,new,21,April,2001,male
264624,ENGINEERING TECHNOLOGY,.9334,77 (NEW),2918 (NEW),2020,INFORMATION & COMMUNICATION TECHNOLOGY,C,ENGINEERING TECHNOLOGY,S,SCIENCE FOR TECHNOLOGY,B,046,F,new,5,December,2000,male
12913,PHYSICAL SCIENCE,.9844,1313 (NEW),6448 (NEW),2020,PHYSICS,C,CHEMISTRY,C,COMBINED MATHEMATICS,B,078,A,new,23,September,2001,female
18640,-,-.7875,-,-,2020,INFORMATION & COMMUNICATION TECHNOLOGY,S,ECONOMICS,F,COMMUNICATION & MEDIA STUDIES,S,046,C,new,6,July,2001,male
27320,-,-,-,-,2020,HISTORY OF SRI LANKA & INDIA,F,BUDDHIST CIVILIZATION,F,DRAMA AND THEATRE (SINHALA),F,040,F,new,22,June,2001,male
282812,ARTS,.2950,1006 (NEW),41882 (NEW),2020,GEOGRAPHY,C,ART,C,TAMIL,C,040,F,new,25,May,2001,female
248009,-,-,-,-,2020,POLITICAL SCIENCE,Absent,BUDDHIST CIVILIZATION,Absent,SINHALA,Absent,Absent,Absent,new,11,July,2001,female
199187,-,-1.0708,-,-,2020,ECONOMICS,F,BUSINESS STUDIES,S,ACCOUNTING,S,050,F,new,23,January,2002,male
256360,ARTS,-.3300,3196 (NEW),64315 (NEW),2020,POLITICAL SCIENCE,S,HINDU CIVILIZATION,S,TAMIL,C,028,F,new,26,April,2000,female
179287,-,-,-,-,2020,ECONOMICS,Absent,BUSINESS STUDIES,Absent,ACCOUNTING,Absent,Absent,Absent,new,3,November,2000,male
293567,-,-,-,-,2020,GEOGRAPHY,F,HOME ECONOMICS,S,TAMIL,F,022,F,new,22,April,2001,female
65517,ARTS,-.2320,3208 (NEW),61279 (NEW),2020,LOGIC & SCIENTIFIC METHOD,S,BUDDHIST CIVILIZATION,S,SINHALA,B,028,S,new,12,August,2000,female
85248,-,-.2985,-,-,2020,ECONOMICS,F,BUDDHIST CIVILIZATION,C,SINHALA,C,030,S,new,27,October,2001,female
263500,-,-,-,-,2020,GEOGRAPHY,F,COMMUNICATION & MEDIA STUDIES,F,BUDDHIST CIVILIZATION,S,066,F,new,27,July,2000,male
59877,-,-,-,-,2020,ECONOMICS,F,BUSINESS STUDIES,S,ACCOUNTING,F,034,F,new,5,May,2000,male
122399,-,-,-,-,2020,POLITICAL SCIENCE,F,COMMUNICATION & MEDIA STUDIES,S,DRAMA AND THEATRE (SINHALA),Absent,054,F,new,30,June,2001,male
40382,ARTS,-.2628,4824 (NEW),62257 (NEW),2020,GEOGRAPHY,S,HISTORY OF SRI LANKA & INDIA,C,SINHALA,S,036,F,new,29,January,2002,male
210367,ARTS,-.2398,1768 (NEW),61550 (NEW),2020,HISTORY OF SRI LANKA & INDIA,S,BUDDHIST CIVILIZATION,S,SINHALA,C,030,F,new,23,December,2000,female
109474,ARTS,.8944,737 (NEW),20271 (NEW),2020,GEOGRAPHY,B,COMMUNICATION & MEDIA STUDIES,C,SINHALA,B,036,S,new,18,January,2002,female
215415,BIOLOGICAL SCIENCE,1.3698,263 (NEW),3679 (NEW),2020,PHYSICS,C,CHEMISTRY,B,BIOLOGY,B,Absent,A,new,5,February,2000,female
323264,-,-,-,-,2020,CHEMISTRY,F,AGRICULTURAL SCIENCE,F,BIOLOGY,F,050,S,old,30,September,1999,female
251581,ARTS,1.2935,418 (NEW),9305 (NEW),2020,HISTORY OF SRI LANKA & INDIA,B,ART,B,SINHALA,A,038,B,new,4,September,2000,female
293609,ARTS,.1959,318 (NEW),45722 (NEW),2020,ECONOMICS,S,GEOGRAPHY,C,TAMIL,C,038,F,new,6,September,2001,female
81106,PHYSICAL SCIENCE,.3714,1052 (NEW),12296 (NEW),2020,PHYSICS,C,CHEMISTRY,C,COMBINED MATHEMATICS,C,056,S,new,18,November,2001,female
291628,BIOLOGICAL SCIENCE,-.3703,110 (NEW),20805 (NEW),2020,CHEMISTRY,S,AGRICULTURAL SCIENCE,S,BIOLOGY,S,058,S,new,22,December,2001,female
89526,-,-,-,-,2020,ECONOMICS,Absent,BUSINESS STUDIES,Absent,ACCOUNTING,Absent,Absent,Absent,new,30,September,2000,male
239554,ARTS,-.1369,1846 (NEW),58089 (NEW),2020,GEOGRAPHY,C,POLITICAL SCIENCE,S,TAMIL,C,022,F,new,11,May,2001,male
305538,-,-.0132,-,-,2020,POLITICAL SCIENCE,F,HISTORY OF SRI LANKA & EUROPE,C,TAMIL,B,038,F,new,6,October,2000,female
62918,-,-,-,-,2020,INFORMATION & COMMUNICATION TECHNOLOGY,F,ENGINEERING TECHNOLOGY,F,SCIENCE FOR TECHNOLOGY,S,048,S,new,13,March,2001,male
276281,PHYSICAL SCIENCE,-.2726,317 (NEW),19561 (NEW),2020,PHYSICS,S,CHEMISTRY,S,COMBINED MATHEMATICS,S,060,S,new,17,June,2001,female
296642,PHYSICAL SCIENCE,.2867,57 (NEW),13239 (NEW),2020,PHYSICS,S,CHEMISTRY,C,COMBINED MATHEMATICS,C,054,F,new,16,October,2000,female
330900,PHYSICAL SCIENCE,1.4677,20 (OLD),143 (OLD),2020,PHYSICS,C,CHEMISTRY,A,COMBINED MATHEMATICS,A,065,F,old,15,August,1999,male
40029,ARTS,.6463,2212 (NEW),28680 (NEW),2020,GEOGRAPHY,B,COMMUNICATION & MEDIA STUDIES,C,SINHALA,C,040,F,new,11,April,2001,female
200717,-,-.5660,-,-,2020,INFORMATION & COMMUNICATION TECHNOLOGY,S,ENGINEERING TECHNOLOGY,S,SCIENCE FOR TECHNOLOGY,F,Absent,F,new,21,September,2000,male
76132,COMMERCE,.2941,1537 (NEW),22648 (NEW),2020,INFORMATION & COMMUNICATION TECHNOLOGY,C,BUSINESS STUDIES,C,ACCOUNTING,S,044,A,new,28,July,2000,female
281641,ARTS,-.1180,1490 (NEW),57458 (NEW),2020,GEOGRAPHY,S,DANCING(BHARATHA),C,TAMIL,C,034,F,new,1,October,2001,female
49268,ARTS,1.2027,903 (NEW),11416 (NEW),2020,HISTORY OF SRI LANKA & EUROPE,A,COMMUNICATION & MEDIA STUDIES,B,SINHALA,B,044,C,new,9,October,2001,female
182981,-,-,-,-,2020,PHYSICS,F,CHEMISTRY,F,BIOLOGY,F,040,B,new,11,December,2001,male
289639,-,-,-,-,2020,ECONOMICS,F,BUSINESS STUDIES,F,ACCOUNTING,S,044,F,new,30,May,2000,male
241199,ARTS,.7397,615 (NEW),25466 (NEW),2020,GEOGRAPHY,C,POLITICAL SCIENCE,C,SINHALA,B,038,F,new,9,January,2002,female
155931,COMMERCE,-.3311,2341 (NEW),34968 (NEW),2020,ECONOMICS,S,BUSINESS STUDIES,C,ACCOUNTING,S,038,S,new,2,December,2001,female
50437,PHYSICAL SCIENCE,.7616,793 (NEW),8418 (NEW),2020,PHYSICS,C,CHEMISTRY,C,COMBINED MATHEMATICS,A,Absent,C,new,6,February,2000,male
70289,-,-.5961,-,-,2020,GEOGRAPHY,F,ISLAM,S,TAMIL,C,030,F,new,23,February,2001,female
161505,ARTS,-.4847,7118 (NEW),68027 (NEW),2020,GEOGRAPHY,S,COMMUNICATION & MEDIA STUDIES,S,SINHALA,S,048,F,new,21,October,2001,male
33455,-,-,-,-,2020,ECONOMICS,F,GEOGRAPHY,S,HISTORY OF SRI LANKA & INDIA,F,038,F,new,14,July,2001,male
129412,ARTS,1.4137,497 (NEW),6670 (NEW),2020,ECONOMICS,B,COMMUNICATION & MEDIA STUDIES,B,BUDDHISM,A,050,C,new,10,March,2001,female
116457,ARTS,1.0485,559 (NEW),15643 (NEW),2020,ECONOMICS,A,ORIENTAL MUSIC,A,SINHALA,B,044,S,new,4,September,2001,female
69652,ARTS,.1239,2581 (NEW),48464 (NEW),2020,POLITICAL SCIENCE,S,COMMUNICATION & MEDIA STUDIES,S,DRAMA AND THEATRE (SINHALA),B,038,B,new,23,October,2001,female
89346,ENGINEERING TECHNOLOGY,.1413,464 (NEW),7680 (NEW),2020,GEOGRAPHY,S,ENGINEERING TECHNOLOGY,C,SCIENCE FOR TECHNOLOGY,S,Absent,F,new,4,May,2000,male
146765,-,-,-,-,2020,ECONOMICS,F,BUSINESS STUDIES,F,ACCOUNTING,F,036,F,new,18,October,2001,male
241828,-,-,-,-,2020,PHYSICS,Absent,CHEMISTRY,Absent,BIOLOGY,Absent,Absent,Absent,new,10,December,1999,female
10453,PHYSICAL SCIENCE,-.3143,3367 (NEW),19920 (NEW),2020,PHYSICS,S,CHEMISTRY,S,COMBINED MATHEMATICS,S,Absent,Absent,new,22,April,2000,male
101352,-,-,-,-,2020,GEOGRAPHY,F,BUDDHIST CIVILIZATION,F,SINHALA,S,042,Absent,new,4,February,2000,female
277576,-,-,-,-,2020,GEOGRAPHY,Absent,POLITICAL SCIENCE,Absent,ISLAMIC CIVILIZATION,Absent,Absent,Absent,new,22,January,1996,male
221472,BIOSYSTEMS TECHNOLOGY,-.4984,627 (NEW),7371 (NEW),2020,INFORMATION & COMMUNICATION TECHNOLOGY,S,BIO SYSTEMS TECHNOLOGY,S,SCIENCE FOR TECHNOLOGY,S,042,F,new,17,August,2001,male
114150,ARTS,1.1184,478 (NEW),13695 (NEW),2020,POLITICAL SCIENCE,A,BUDDHIST CIVILIZATION,A,SINHALA,C,Absent,S,new,10,August,2000,female
104360,PHYSICAL SCIENCE,1.2996,310 (NEW),4205 (NEW),2020,PHYSICS,C,CHEMISTRY,B,COMBINED MATHEMATICS,B,052,C,new,5,August,2001,male
92369,-,-,-,-,2020,PHYSICS,F,CHEMISTRY,F,COMBINED MATHEMATICS,F,042,F,new,18,October,2001,female
327554,-,-,-,-,2020,PHYSICS,Absent,CHEMISTRY,Absent,COMBINED MATHEMATICS,Absent,Absent,Absent,old,20,August,1999,male
3565,ENGINEERING TECHNOLOGY,.1133,939 (NEW),7886 (NEW),2020,INFORMATION & COMMUNICATION TECHNOLOGY,C,ENGINEERING TECHNOLOGY,S,SCIENCE FOR TECHNOLOGY,S,042,B,new,17,June,2001,male
82028,ARTS,1.6661,198 (NEW),2870 (NEW),2020,ECONOMICS,A,GEOGRAPHY,A,SINHALA,A,048,C,new,27,August,2001,female
80646,ARTS,.6168,1807 (NEW),29761 (NEW),2020,GEOGRAPHY,B,COMMUNICATION & MEDIA STUDIES,C,SINHALA,C,Absent,C,new,18,June,1995,female
147005,-,-,-,-,2020,HISTORY OF SRI LANKA & INDIA,F,COMMUNICATION & MEDIA STUDIES,F,SINHALA,S,034,F,new,26,April,2001,male
161901,-,-,-,-,2020,GEOGRAPHY,F,HOME ECONOMICS,C,SINHALA,F,022,F,new,26,February,2001,female
143161,-,-.4280,-,-,2020,PHYSICS,S,CHEMISTRY,S,BIOLOGY,F,048,S,new,11,July,2000,female
187024,COMMERCE,.6311,575 (NEW),16503 (NEW),2020,ECONOMICS,B,BUSINESS STUDIES,C,ACCOUNTING,B,042,S,new,10,September,2000,female
312032,ARTS,.0420,234 (OLD),4137 (OLD),2020,GEOGRAPHY,C,DRAMA AND THEATRE (SINHALA),C,SINHALA,B,Absent,F,old,10,December,1999,female
223041,-,-.1671,-,-,2020,INFORMATION & COMMUNICATION TECHNOLOGY,F,GREEK & ROMAN CIVILIZATION,S,ENGLISH,S,046,A,new,18,June,2001,female
245719,-,-,-,-,2020,ECONOMICS,F,BUSINESS STUDIES,F,ACCOUNTING,F,030,S,new,12,July,2000,male
78206,BIOLOGICAL SCIENCE,-.2536,1406 (NEW),19834 (NEW),2020,PHYSICS,S,CHEMISTRY,C,BIOLOGY,S,050,A,new,26,November,2001,female
318654,-,-,-,-,2020,PHYSICS,Absent,CHEMISTRY,Absent,BIOLOGY,Absent,Absent,Absent,old,2,October,1999,male
151067,PHYSICAL SCIENCE,-.1614,1452 (NEW),18482 (NEW),2020,PHYSICS,S,CHEMISTRY,S,COMBINED MATHEMATICS,S,058,A,new,22,July,2001,female
282596,-,-.1873,-,-,2020,INFORMATION & COMMUNICATION TECHNOLOGY,F,HISTORY OF SRI LANKA & EUROPE,C,ART,C,044,F,new,4,March,2001,female
244903,NON,1.5503,-,-,2020,POLITICAL SCIENCE,B,COMMUNICATION & MEDIA STUDIES,A,BUSINESS STUDIES,B,Absent,Absent,new,18,May,1996,male
261572,ARTS,.7414,847 (NEW),25413 (NEW),2020,GEOGRAPHY,C,BUDDHIST CIVILIZATION,A,SINHALA,C,028,F,new,25,November,2001,female
102672,-,-.9718,-,-,2020,GEOGRAPHY,S,BUDDHIST CIVILIZATION,F,SINHALA,S,026,F,new,28,July,2000,female
44203,ARTS,.3687,3010 (NEW),39070 (NEW),2020,HISTORY OF SRI LANKA & INDIA,B,ORIENTAL MUSIC,B,JAPANESE,S,044,S,new,30,June,2000,female
225945,COMMERCE,.1275,1710 (NEW),25849 (NEW),2020,ECONOMICS,C,BUSINESS STUDIES,C,ACCOUNTING,S,052,F,new,11,January,2002,male
227690,ARTS,-.2407,4305 (NEW),61586 (NEW),2020,GEOGRAPHY,S,HISTORY OF SRI LANKA & INDIA,C,SINHALA,C,052,F,new,2,October,2001,female
258851,ENGINEERING TECHNOLOGY,.0859,171 (NEW),8098 (NEW),2020,INFORMATION & COMMUNICATION TECHNOLOGY,S,ENGINEERING TECHNOLOGY,S,SCIENCE FOR TECHNOLOGY,S,032,F,new,23,July,2000,male
73650,ARTS,.6690,1598 (NEW),27942 (NEW),2020,GEOGRAPHY,C,HISTORY OF SRI LANKA & INDIA,C,SINHALA,A,Absent,C,new,7,October,2000,female
71497,-,-,-,-,2020,COMMUNICATION & MEDIA STUDIES,Absent,BUDDHIST CIVILIZATION,Absent,SINHALA,Absent,Absent,Absent,new,14,November,1999,female
337097,-,-,-,-,2020,CHEMISTRY,Absent,AGRICULTURAL SCIENCE,Absent,BIOLOGY,Absent,Absent,Absent,old,20,June,1996,male
331021,-,-,-,-,2020,CHEMISTRY,F,AGRICULTURAL SCIENCE,F,BIOLOGY,F,Absent,Absent,old,1,October,1999,female
210621,PHYSICAL SCIENCE,.1532,937 (NEW),14806 (NEW),2020,PHYSICS,S,CHEMISTRY,C,COMBINED MATHEMATICS,C,030,Absent,new,5,February,2000,female
160734,-,-1.0586,-,-,2020,POLITICAL SCIENCE,S,LOGIC & SCIENTIFIC METHOD,F,SINHALA,S,038,F,new,20,March,2001,male
267530,-,-.7489,-,-,2020,ECONOMICS,F,BUSINESS STUDIES,S,ACCOUNTING,S,044,F,new,31,January,2001,female
97737,COMMERCE,1.3947,252 (NEW),4977 (NEW),2020,ECONOMICS,A,BUSINESS STUDIES,B,ACCOUNTING,A,Absent,Absent,new,19,October,2000,male
69588,-,-,-,-,2020,PHYSICS,F,CHEMISTRY,C,BIOLOGY,F,052,A,new,25,October,2001,female
106831,ENGINEERING TECHNOLOGY,-.0499,642 (NEW),9240 (NEW),2020,INFORMATION & COMMUNICATION TECHNOLOGY,S,ENGINEERING TECHNOLOGY,C,SCIENCE FOR TECHNOLOGY,S,046,F,new,13,December,2001,male
113357,BIOSYSTEMS TECHNOLOGY,.2062,145 (NEW),4658 (NEW),2020,INFORMATION & COMMUNICATION TECHNOLOGY,S,BIO SYSTEMS TECHNOLOGY,S,SCIENCE FOR TECHNOLOGY,C,Absent,F,new,8,March,2000,female
207396,-,.2076,-,-,2020,INFORMATION & COMMUNICATION TECHNOLOGY,F,ENGINEERING TECHNOLOGY,C,SCIENCE FOR TECHNOLOGY,C,056,S,new,25,March,2000,female
66725,-,-,-,-,2020,GEOGRAPHY,Absent,BUDDHIST CIVILIZATION,Absent,SINHALA,Absent,Absent,Absent,new,4,April,2001,female
109719,ENGINEERING TECHNOLOGY,-.1354,387 (NEW),9875 (NEW),2020,INFORMATION & COMMUNICATION TECHNOLOGY,C,ENGINEERING TECHNOLOGY,S,SCIENCE FOR TECHNOLOGY,S,048,F,new,20,June,2000,male
152463,ARTS,1.0926,1559 (NEW),14396 (NEW),2020,INFORMATION & COMMUNICATION TECHNOLOGY,C,GEOGRAPHY,B,FRENCH,C,Absent,A,new,29,November,2000,female
154377,BIOSYSTEMS TECHNOLOGY,-.0639,567 (NEW),5869 (NEW),2020,AGRICULTURAL SCIENCE,S,BIO SYSTEMS TECHNOLOGY,S,SCIENCE FOR TECHNOLOGY,S,046,S,new,5,January,2002,female
236869,ENGINEERING TECHNOLOGY,1.4045,16 (NEW),1385 (NEW),2020,AGRICULTURAL SCIENCE,B,ENGINEERING TECHNOLOGY,B,SCIENCE FOR TECHNOLOGY,C,040,F,new,30,August,2000,male
18545,-,-.3105,-,-,2020,PHYSICS,C,CHEMISTRY,S,COMBINED MATHEMATICS,F,Absent,S,new,9,November,2000,male
128588,ARTS,-.0293,3199 (NEW),54194 (NEW),2020,GEOGRAPHY,C,POLITICAL SCIENCE,S,COMMUNICATION & MEDIA STUDIES,S,038,F,new,14,May,2001,female
309591,-,-,-,-,2020,ECONOMICS,Absent,POLITICAL SCIENCE,Absent,TAMIL,Absent,Absent,Absent,old,28,August,1998,female
303527,COMMERCE,-.4107,672 (NEW),36337 (NEW),2020,ECONOMICS,S,BUSINESS STUDIES,S,ACCOUNTING,S,044,F,new,24,November,2001,female
285761,-,-,-,-,2020,POLITICAL SCIENCE,Absent,LOGIC & SCIENTIFIC METHOD,Absent,SINHALA,Absent,Absent,Absent,new,7,July,2000,female
131196,BIOSYSTEMS TECHNOLOGY,1.1492,103 (NEW),1304 (NEW),2020,AGRICULTURAL SCIENCE,C,BIO SYSTEMS TECHNOLOGY,C,SCIENCE FOR TECHNOLOGY,B,038,C,new,17,January,2000,female
319292,-,-.8021,-,-,2020,POLITICAL SCIENCE,S,ISLAM,S,ARABIC,F,035,F,old,7,December,1999,male
163821,-,-,-,-,2020,HISTORY OF SRI LANKA & INDIA,F,BUDDHIST CIVILIZATION,F,SINHALA,S,024,F,new,23,April,2001,female
215321,BIOLOGICAL SCIENCE,-.0185,1357 (NEW),17229 (NEW),2020,PHYSICS,S,CHEMISTRY,S,BIOLOGY,S,060,B,new,24,March,2000,female
184183,-,-,-,-,2020,INFORMATION & COMMUNICATION TECHNOLOGY,F,DRAMA AND THEATRE (SINHALA),C,JAPANESE,F,038,F,new,17,May,2001,male
126860,ARTS,-.5225,3944 (NEW),68839 (NEW),2020,POLITICAL SCIENCE,S,BUDDHIST CIVILIZATION,S,SINHALA,S,026,F,new,18,July,2001,male
104204,-,-.4527,-,-,2020,GEOGRAPHY,S,POLITICAL SCIENCE,F,SINHALA,C,042,C,new,3,May,1995,female
66932,COMMERCE,1.4878,318 (NEW),3887 (NEW),2020,ECONOMICS,A,BUSINESS STUDIES,B,ACCOUNTING,A,048,F,new,28,September,2001,female
1361,-,-,-,-,2020,PHYSICS,F,CHEMISTRY,F,COMBINED MATHEMATICS,S,052,S,new,22,May,2001,female
235672,BIOSYSTEMS TECHNOLOGY,.8393,43 (NEW),2212 (NEW),2020,GEOGRAPHY,C,BIO SYSTEMS TECHNOLOGY,C,SCIENCE FOR TECHNOLOGY,C,042,F,new,17,February,2001,male
51885,COMMERCE,1.5704,321 (NEW),3055 (NEW),2020,ECONOMICS,A,BUSINESS STUDIES,A,ACCOUNTING,A,038,S,new,17,November,2001,female
142072,PHYSICAL SCIENCE,1.3571,134 (NEW),3850 (NEW),2020,PHYSICS,C,CHEMISTRY,B,COMBINED MATHEMATICS,B,078,C,new,26,November,2001,male
181666,-,-.9088,-,-,2020,ECONOMICS,F,GEOGRAPHY,S,SINHALA,S,046,F,new,22,December,2001,male
174290,PHYSICAL SCIENCE,1.7611,39 (NEW),1813 (NEW),2020,PHYSICS,B,CHEMISTRY,A,COMBINED MATHEMATICS,A,072,A,new,21,September,2001,female
311496,BIOLOGICAL SCIENCE,.4778,112 (OLD),2915 (OLD),2020,PHYSICS,C,CHEMISTRY,C,BIOLOGY,C,Absent,B,old,26,October,1998,female
311266,-,-,-,-,2020,ECONOMICS,F,BUSINESS STUDIES,F,ACCOUNTING,F,Absent,Absent,old,17,August,1993,male
249771,COMMERCE,.1921,889 (NEW),24574 (NEW),2020,ECONOMICS,C,BUSINESS STUDIES,C,ACCOUNTING,C,Absent,Absent,new,15,April,2000,male
292925,BIOLOGICAL SCIENCE,1.6889,11 (NEW),2059 (NEW),2020,PHYSICS,B,CHEMISTRY,A,BIOLOGY,B,074,B,new,9,March,2000,male
10961,COMMERCE,-.5089,6988 (NEW),37755 (NEW),2020,ECONOMICS,S,BUSINESS STUDIES,S,ACCOUNTING,S,048,A,new,12,January,2002,male
146218,ENGINEERING TECHNOLOGY,1.7383,16 (NEW),686 (NEW),2020,INFORMATION & COMMUNICATION TECHNOLOGY,B,ENGINEERING TECHNOLOGY,B,SCIENCE FOR TECHNOLOGY,B,050,F,new,17,March,2000,male
143154,-,-,-,-,2020,PHYSICS,F,CHEMISTRY,F,BIOLOGY,F,Absent,S,new,19,July,2000,female
72064,-,-,-,-,2020,PHYSICS,F,CHEMISTRY,F,BIOLOGY,F,050,C,new,19,May,2001,female
248064,ARTS,1.9505,36 (NEW),779 (NEW),2020,POLITICAL SCIENCE,A,BUDDHIST CIVILIZATION,A,SINHALA,A,050,S,new,24,November,2001,female
207970,-,-,-,-,2020,GEOGRAPHY,Absent,ISLAMIC CIVILIZATION,Absent,TAMIL,Absent,Absent,Absent,new,27,November,2001,female
65228,COMMERCE,.9646,776 (NEW),10945 (NEW),2020,ECONOMICS,B,BUSINESS STUDIES,B,ACCOUNTING,C,046,F,new,7,August,2001,male
40834,-,-,-,-,2020,PHYSICS,F,CHEMISTRY,F,COMBINED MATHEMATICS,F,Absent,C,new,6,November,2000,male
153205,COMMERCE,-.1795,2155 (NEW),32083 (NEW),2020,ECONOMICS,S,BUSINESS STUDIES,C,ACCOUNTING,S,044,S,new,5,December,2000,male
277476,PHYSICAL SCIENCE,2.1318,13 (NEW),660 (NEW),2020,PHYSICS,A,CHEMISTRY,A,COMBINED MATHEMATICS,A,078,C,new,9,November,2001,male
211529,PHYSICAL SCIENCE,.0549,997 (NEW),16014 (NEW),2020,PHYSICS,S,CHEMISTRY,S,COMBINED MATHEMATICS,B,056,A,new,10,December,2001,female
68601,-,-,-,-,2020,AGRICULTURAL SCIENCE,S,BIO SYSTEMS TECHNOLOGY,F,SCIENCE FOR TECHNOLOGY,F,044,F,new,16,August,2001,female
219468,-,-.9593,-,-,2020,ECONOMICS,S,BUSINESS STUDIES,S,ACCOUNTING,F,024,F,new,19,April,2000,female
241017,-,-,-,-,2020,ECONOMICS,Absent,BUSINESS STUDIES,Absent,ACCOUNTING,Absent,Absent,Absent,new,14,March,2000,male
250218,-,-,-,-,2020,AGRICULTURAL SCIENCE,F,BIO SYSTEMS TECHNOLOGY,F,SCIENCE FOR TECHNOLOGY,F,050,F,new,10,October,2001,female
230703,COMMERCE,-.3541,2455 (NEW),35366 (NEW),2020,ECONOMICS,S,BUSINESS STUDIES,S,ACCOUNTING,S,038,A,new,13,May,2001,male
333150,NON,.5090,-,-,2020,CIVIL TECHNOLOGY,B,ENGINEERING TECHNOLOGY,S,SCIENCE FOR TECHNOLOGY,S,050,C,old,19,September,1996,male
219572,-,-,-,-,2020,ECONOMICS,F,BUSINESS STUDIES,F,ACCOUNTING,F,044,S,new,16,February,2001,male
235896,ARTS,.8410,501 (NEW),22074 (NEW),2020,GEOGRAPHY,B,POLITICAL SCIENCE,C,TAMIL,C,044,F,new,1,April,2001,female
51750,-,.2202,-,-,2020,COMMUNICATION & MEDIA STUDIES,B,ENGLISH,S,FRENCH,F,038,A,new,9,June,2001,female
324986,-,-,-,-,2020,COMMUNICATION & MEDIA STUDIES,Absent,BUDDHIST CIVILIZATION,Absent,SINHALA,Absent,Absent,Absent,old,6,October,1991,female
125461,-,-,-,-,2020,INFORMATION & COMMUNICATION TECHNOLOGY,C,ECONOMICS,F,ACCOUNTING,F,Absent,Absent,new,1,December,2000,male
52341,COMMERCE,-.3032,4113 (NEW),34432 (NEW),2020,ECONOMICS,S,BUSINESS STUDIES,S,ACCOUNTING,S,050,C,new,9,June,2001,male
73701,-,-,-,-,2020,ECONOMICS,F,BUSINESS STATISTICS,F,ACCOUNTING,S,Absent,Absent,new,1,December,2000,female
44765,-,-.6283,-,-,2020,PHYSICS,S,CHEMISTRY,F,COMBINED MATHEMATICS,S,050,A,new,12,July,2001,female
193862,-,-,-,-,2020,GEOGRAPHY,F,BUDDHIST CIVILIZATION,F,SINHALA,F,034,Absent,new,27,September,2000,male
91519,COMMERCE,1.6344,211 (NEW),2519 (NEW),2020,INFORMATION & COMMUNICATION TECHNOLOGY,B,BUSINESS STUDIES,A,ACCOUNTING,A,060,S,new,31,December,2001,male
209828,ARTS,.5422,870 (NEW),32531 (NEW),2020,GEOGRAPHY,C,COMMUNICATION & MEDIA STUDIES,C,DRAMA AND THEATRE (SINHALA),B,056,F,new,26,March,2001,female
110028,-,-,-,-,2020,ECONOMICS,F,GEOGRAPHY,F,POLITICAL SCIENCE,F,016,F,new,16,November,2001,male
177106,ARTS,-.9253,2490 (NEW),72774 (NEW),2020,GEOGRAPHY,S,HISTORY OF SRI LANKA & INDIA,S,SINHALA,S,030,F,new,30,November,2001,female
237479,ARTS,-.1802,1920 (NEW),59573 (NEW),2020,POLITICAL SCIENCE,C,ORIENTAL MUSIC,C,SINHALA,C,040,S,new,23,July,2001,female
78926,BIOLOGICAL SCIENCE,1.2845,349 (NEW),4182 (NEW),2020,PHYSICS,B,CHEMISTRY,A,BIOLOGY,S,058,A,new,17,January,2002,female
198794,-,-.4808,-,-,2020,MATHEMATICS,F,ENGINEERING TECHNOLOGY,S,SCIENCE FOR TECHNOLOGY,S,054,F,new,6,September,2001,male
154521,ARTS,1.7302,199 (NEW),2163 (NEW),2020,LOGIC & SCIENTIFIC METHOD,B,BUDDHIST CIVILIZATION,A,SINHALA,A,044,C,new,19,June,2001,female
332504,ENGINEERING TECHNOLOGY,.4516,26 (OLD),235 (OLD),2020,INFORMATION & COMMUNICATION TECHNOLOGY,S,ENGINEERING TECHNOLOGY,S,SCIENCE FOR TECHNOLOGY,C,053,S,old,Invalid nic error,Invalid nic error,Invalid nic error,
4240,PHYSICAL SCIENCE,1.7876,411 (NEW),1714 (NEW),2020,PHYSICS,A,CHEMISTRY,A,COMBINED MATHEMATICS,B,072,A,new,11,February,2001,male
305089,COMMERCE,.0855,475 (NEW),26687 (NEW),2020,ECONOMICS,C,BUSINESS STUDIES,C,ACCOUNTING,S,050,F,new,1,August,2001,female
307571,-,-,-,-,2020,PHYSICS,Absent,CHEMISTRY,Absent,BIOLOGY,Absent,Absent,Absent,old,16,March,1993,female
32834,ARTS,-.2704,4165 (NEW),62506 (NEW),2020,GEOGRAPHY,S,POLITICAL SCIENCE,S,SINHALA,S,042,F,new,13,October,2000,female
41827,-,-,-,-,2020,POLITICAL SCIENCE,Absent,ISLAMIC CIVILIZATION,Absent,ARABIC,Absent,Absent,Absent,new,30,November,2000,male
72850,BIOSYSTEMS TECHNOLOGY,-.1326,254 (NEW),6178 (NEW),2020,INFORMATION & COMMUNICATION TECHNOLOGY,S,BIO SYSTEMS TECHNOLOGY,S,SCIENCE FOR TECHNOLOGY,S,Absent,Absent,new,29,November,2000,male
60961,PHYSICAL SCIENCE,-.2789,1212 (NEW),19620 (NEW),2020,PHYSICS,S,CHEMISTRY,S,COMBINED MATHEMATICS,C,Absent,Absent,new,2,January,2001,female
288306,ENGINEERING TECHNOLOGY,.3085,66 (NEW),6459 (NEW),2020,INFORMATION & COMMUNICATION TECHNOLOGY,S,ENGINEERING TECHNOLOGY,S,SCIENCE FOR TECHNOLOGY,C,044,S,new,20,July,1999,female
181815,PHYSICAL SCIENCE,.1292,360 (NEW),15107 (NEW),2020,PHYSICS,S,CHEMISTRY,C,COMBINED MATHEMATICS,C,050,B,new,11,December,2000,male
335108,-,-.6291,-,-,2020,COMMUNICATION & MEDIA STUDIES,F,ENGINEERING TECHNOLOGY,S,SCIENCE FOR TECHNOLOGY,S,Absent,Absent,old,30,May,1995,male
968,-,-.9983,-,-,2020,BUSINESS STUDIES,F,CHRISTIANITY,B,DRAMA AND THEATRE (TAMIL),S,048,C,new,20,December,2000,male
47941,COMMERCE,1.0540,1081 (NEW),9600 (NEW),2020,ECONOMICS,A,BUSINESS STUDIES,B,ACCOUNTING,C,032,S,new,23,March,2001,female
163756,ARTS,.4509,3933 (NEW),35953 (NEW),2020,POLITICAL SCIENCE,C,COMMUNICATION & MEDIA STUDIES,C,SINHALA,C,026,F,new,25,August,2001,male
142716,-,-,-,-,2020,ECONOMICS,F,BUSINESS STUDIES,F,ACCOUNTING,F,034,F,new,12,January,2002,female
334766,-,-,-,-,2020,GEOGRAPHY,Absent,ISLAM,Absent,TAMIL,Absent,Absent,Absent,old,15,September,1980,male
88068,-,-.6434,-,-,2020,GEOGRAPHY,F,BIO SYSTEMS TECHNOLOGY,S,SCIENCE FOR TECHNOLOGY,S,038,F,new,20,September,2001,male
135618,-,-.6978,-,-,2020,INFORMATION & COMMUNICATION TECHNOLOGY,S,BUSINESS STUDIES,S,ACCOUNTING,F,034,S,new,10,April,1998,male
120022,-,-,-,-,2020,GEOGRAPHY,Absent,LOGIC & SCIENTIFIC METHOD,Absent,HISTORY OF SRI LANKA & INDIA,Absent,Absent,Absent,new,5,January,2001,male
62806,COMMERCE,.1410,1744 (NEW),25591 (NEW),2020,ECONOMICS,B,BUSINESS STUDIES,C,ACCOUNTING,S,040,S,new,17,August,2001,female
270616,-,-,-,-,2020,GEOGRAPHY,F,ENGINEERING TECHNOLOGY,F,SCIENCE FOR TECHNOLOGY,F,038,F,new,1,May,2001,male
222313,-,-,-,-,2020,PHYSICS,F,CHEMISTRY,F,BIOLOGY,F,044,F,new,2,March,2001,female
315855,PHYSICAL SCIENCE,-.1481,90 (OLD),1419 (OLD),2020,PHYSICS,S,CHEMISTRY,S,COMBINED MATHEMATICS,S,063,F,old,8,June,1998,male
273335,-,-,-,-,2020,COMMUNICATION & MEDIA STUDIES,F,ENGINEERING TECHNOLOGY,F,SCIENCE FOR TECHNOLOGY,F,064,F,new,5,June,2001,male
108441,-,-,-,-,2020,PHYSICS,F,CHEMISTRY,F,BIOLOGY,F,042,S,new,3,November,2001,male
213758,BIOLOGICAL SCIENCE,1.3808,258 (NEW),3622 (NEW),2020,PHYSICS,C,CHEMISTRY,A,BIOLOGY,C,064,B,new,10,February,2001,female
51766,-,-,-,-,2020,POLITICAL SCIENCE,F,COMMUNICATION & MEDIA STUDIES,F,SINHALA,S,028,S,new,26,April,2001,male
232559,ARTS,1.6789,153 (NEW),2719 (NEW),2020,GEOGRAPHY,A,DANCING(INDIGENOUS),A,SINHALA,A,054,F,new,29,August,2001,male
90422,-,-,-,-,2020,POLITICAL SCIENCE,Absent,BUDDHIST CIVILIZATION,F,SINHALA,Absent,Absent,Absent,new,26,November,2000,female
151000,-,-,-,-,2020,PHYSICS,F,CHEMISTRY,F,BIOLOGY,F,030,F,new,26,September,2001,female
25298,ARTS,1.7922,216 (NEW),1672 (NEW),2020,INFORMATION & COMMUNICATION TECHNOLOGY,B,GEOGRAPHY,A,LOGIC & SCIENTIFIC METHOD,A,042,B,new,14,October,2001,female
315060,ARTS,.1686,121 (OLD),3753 (OLD),2020,COMMUNICATION & MEDIA STUDIES,S,BUDDHIST CIVILIZATION,C,SINHALA,B,067,C,old,24,July,1999,male
118161,-,-,-,-,2020,POLITICAL SCIENCE,F,HISTORY OF SRI LANKA & INDIA,F,BUDDHIST CIVILIZATION,F,030,F,new,4,April,2001,male
223751,ARTS,.0939,3325 (NEW),49622 (NEW),2020,GEOGRAPHY,S,POLITICAL SCIENCE,C,ISLAMIC CIVILIZATION,C,028,F,new,8,September,2000,female
5022,COMMERCE,1.4302,1086 (NEW),4529 (NEW),2020,ECONOMICS,A,BUSINESS STUDIES,A,ACCOUNTING,A,056,Absent,new,10,February,2001,male
206381,COMMERCE,.7754,309 (NEW),14062 (NEW),2020,ECONOMICS,B,BUSINESS STUDIES,C,ACCOUNTING,B,Absent,F,new,7,January,2001,male
200910,ARTS,1.2763,243 (NEW),9705 (NEW),2020,BUDDHISM,B,PALI,A,SANSKRIT,B,022,Absent,new,5,September,1999,male
277744,-,-,-,-,2020,PHYSICS,Absent,CHEMISTRY,Absent,BIOLOGY,Absent,Absent,Absent,new,20,August,2001,female
55727,COMMERCE,-.5004,4501 (NEW),37631 (NEW),2020,ECONOMICS,S,BUSINESS STUDIES,S,ACCOUNTING,S,Absent,F,new,16,July,2000,male
83642,PHYSICAL SCIENCE,.6553,831 (NEW),9355 (NEW),2020,PHYSICS,C,CHEMISTRY,C,COMBINED MATHEMATICS,C,068,B,new,6,October,2001,male
166785,ARTS,.0497,5499 (NEW),51254 (NEW),2020,GEOGRAPHY,S,ART,B,SINHALA,S,Absent,S,new,1,July,2000,female
186485,-,-.4772,-,-,2020,PHYSICS,S,CHEMISTRY,S,BIOLOGY,F,Absent,Absent,new,14,October,2000,male
301260,-,-,-,-,2020,ECONOMICS,S,BUSINESS STUDIES,F,ACCOUNTING,F,042,F,new,5,July,2001,male
248638,ARTS,.9855,817 (NEW),17521 (NEW),2020,GEOGRAPHY,C,BUDDHIST CIVILIZATION,A,SINHALA,B,034,F,new,21,April,2000,female
111451,PHYSICAL SCIENCE,.7606,368 (NEW),8430 (NEW),2020,PHYSICS,C,CHEMISTRY,C,COMBINED MATHEMATICS,C,070,S,new,3,August,2000,female
295717,COMMERCE,-.4373,145 (NEW),36757 (NEW),2020,ECONOMICS,S,BUSINESS STUDIES,S,ACCOUNTING,S,048,S,new,19,July,2001,female
23766,-,-,-,-,2020,PHYSICS,F,CHEMISTRY,S,BIOLOGY,F,050,C,new,25,April,2001,female
14438,-,-,-,-,2020,ECONOMICS,F,BUSINESS STUDIES,F,ACCOUNTING,F,038,C,new,22,February,2001,male
149231,BIOLOGICAL SCIENCE,2.0289,46 (NEW),868 (NEW),2020,PHYSICS,A,CHEMISTRY,A,BIOLOGY,B,Absent,A,new,9,November,2000,male
237693,-,-,-,-,2020,GEOGRAPHY,Absent,HOME ECONOMICS,Absent,SINHALA,Absent,Absent,Absent,new,19,January,2001,female
30819,ENGINEERING TECHNOLOGY,.7295,510 (NEW),3925 (NEW),2020,INFORMATION & COMMUNICATION TECHNOLOGY,C,ENGINEERING TECHNOLOGY,C,SCIENCE FOR TECHNOLOGY,C,046,C,new,7,February,2001,male
22786,ARTS,.2470,2874 (NEW),43727 (NEW),2020,POLITICAL SCIENCE,C,HISTORY OF SRI LANKA & INDIA,S,BUDDHIST CIVILIZATION,C,044,S,new,26,May,2001,female
24095,ENGINEERING TECHNOLOGY,-.1270,1125 (NEW),9798 (NEW),2020,INFORMATION & COMMUNICATION TECHNOLOGY,S,ENGINEERING TECHNOLOGY,S,SCIENCE FOR TECHNOLOGY,S,050,B,new,8,May,2001,female
40332,-,-,-,-,2020,ECONOMICS,F,BUSINESS STUDIES,F,ACCOUNTING,F,052,F,new,15,November,2001,male
298697,COMMERCE,-.3447,651 (NEW),35200 (NEW),2020,ECONOMICS,S,BUSINESS STUDIES,C,ACCOUNTING,S,050,S,new,31,May,2001,male
62333,COMMERCE,1.4348,356 (NEW),4486 (NEW),2020,ECONOMICS,B,BUSINESS STUDIES,A,ACCOUNTING,A,048,B,new,19,October,2001,female
192380,-,-,-,-,2020,ECONOMICS,F,BUSINESS STUDIES,F,ACCOUNTING,S,030,F,new,6,February,2001,female
255463,-,-,-,-,2020,POLITICAL SCIENCE,F,COMMUNICATION & MEDIA STUDIES,F,SINHALA,S,030,Absent,new,4,May,2001,male
337530,-,-,-,-,2020,AGRICULTURAL SCIENCE,S,POLITICAL SCIENCE,C,COMMUNICATION & MEDIA STUDIES,Absent,Absent,Absent,old,18,February,1995,male
283980,-,-,-,-,2020,HISTORY OF SRI LANKA & EUROPE,Absent,ISLAM,Absent,ARABIC,Absent,Absent,Absent,new,20,July,2000,female
163644,ARTS,.5666,3478 (NEW),31599 (NEW),2020,GEOGRAPHY,C,BUDDHIST CIVILIZATION,B,DRAMA AND THEATRE (SINHALA),C,040,F,new,5,January,2001,female
145220,-,-.6314,-,-,2020,GEOGRAPHY,F,ENGINEERING TECHNOLOGY,S,SCIENCE FOR TECHNOLOGY,S,052,F,new,18,October,2001,male
195200,ARTS,.3795,2045 (NEW),38667 (NEW),2020,COMMUNICATION & MEDIA STUDIES,C,BUDDHIST CIVILIZATION,C,SINHALA,C,034,F,new,24,March,2001,female
225911,-,-.5297,-,-,2020,COMMUNICATION & MEDIA STUDIES,F,ENGINEERING TECHNOLOGY,S,SCIENCE FOR TECHNOLOGY,S,052,F,new,23,November,2000,male
77188,-,-,-,-,2020,INFORMATION & COMMUNICATION TECHNOLOGY,F,ENGINEERING TECHNOLOGY,F,SCIENCE FOR TECHNOLOGY,F,026,F,new,23,October,2001,male
82138,-,.1675,-,-,2020,POLITICAL SCIENCE,B,SINHALA,C,JAPANESE,F,044,B,new,7,December,2001,female
242487,-,-.7846,-,-,2020,ECONOMICS,F,BUSINESS STUDIES,S,ACCOUNTING,S,040,Absent,new,16,June,2001,male
268645,PHYSICAL SCIENCE,.1481,336 (NEW),14863 (NEW),2020,PHYSICS,S,CHEMISTRY,C,COMBINED MATHEMATICS,S,040,A,new,9,July,2000,female
133806,-,-,-,-,2020,INFORMATION & COMMUNICATION TECHNOLOGY,F,ENGINEERING TECHNOLOGY,S,SCIENCE FOR TECHNOLOGY,F,Absent,F,new,1,October,2000,male
183912,PHYSICAL SCIENCE,1.2488,115 (NEW),4548 (NEW),2020,PHYSICS,B,CHEMISTRY,C,COMBINED MATHEMATICS,B,066,S,new,19,October,2001,male
163627,-,-,-,-,2020,ECONOMICS,F,BUSINESS STUDIES,F,ACCOUNTING,F,Absent,F,new,5,January,2001,male
271029,-,-,-,-,2020,LOGIC & SCIENTIFIC METHOD,Absent,HOME ECONOMICS,Absent,TAMIL,Absent,Absent,Absent,new,2,May,1999,female
179882,ARTS,.5176,1114 (NEW),33453 (NEW),2020,POLITICAL SCIENCE,B,DRAMA AND THEATRE (SINHALA),C,SINHALA,B,030,F,new,13,November,2000,female
103430,ARTS,.5402,1611 (NEW),32610 (NEW),2020,GEOGRAPHY,C,LOGIC & SCIENTIFIC METHOD,C,SINHALA,B,036,F,new,7,June,2001,female
178338,-,-,-,-,2020,GEOGRAPHY,Absent,ART,Absent,SINHALA,Absent,Absent,Absent,new,2,January,2002,male
240108,-,-,-,-,2020,GEOGRAPHY,F,POLITICAL SCIENCE,F,TAMIL,F,048,S,new,8,February,2001,male
69535,BIOLOGICAL SCIENCE,.0600,943 (NEW),16199 (NEW),2020,PHYSICS,S,CHEMISTRY,S,BIOLOGY,S,070,C,new,24,November,2001,female
15499,COMMERCE,-.2397,6202 (NEW),33252 (NEW),2020,INFORMATION & COMMUNICATION TECHNOLOGY,S,BUSINESS STUDIES,C,ACCOUNTING,S,044,A,new,28,January,2002,female
318724,BIOLOGICAL SCIENCE,-.3396,118 (OLD),5235 (OLD),2020,PHYSICS,S,CHEMISTRY,C,BIOLOGY,S,058,Absent,old,31,July,1999,female
275470,COMMERCE,-.4545,526 (NEW),37009 (NEW),2020,ECONOMICS,S,BUSINESS STUDIES,S,ACCOUNTING,S,042,F,new,26,July,2000,female
260565,-,-,-,-,2020,PHYSICS,F,CHEMISTRY,F,BIOLOGY,F,038,F,new,1,December,2001,female
174277,BIOLOGICAL SCIENCE,1.9640,15 (NEW),1068 (NEW),2020,PHYSICS,A,CHEMISTRY,A,BIOLOGY,B,072,B,new,11,December,2001,female
325122,BIOLOGICAL SCIENCE,-.2478,342 (OLD),5004 (OLD),2020,CHEMISTRY,S,AGRICULTURAL SCIENCE,C,BIOLOGY,S,053,C,old,22,September,1999,female
195167,-,-.8084,-,-,2020,INFORMATION & COMMUNICATION TECHNOLOGY,S,GEOGRAPHY,S,DANCING(INDIGENOUS),F,036,F,new,2,April,2001,male
241789,-,-,-,-,2020,ECONOMICS,Absent,BUSINESS STUDIES,Absent,ACCOUNTING,Absent,Absent,Absent,new,13,December,2000,male
314437,-,-,-,-,2020,GEOGRAPHY,Absent,POLITICAL SCIENCE,Absent,SINHALA,Absent,Absent,Absent,old,25,July,1999,female
149841,ARTS,-.7232,7442 (NEW),71671 (NEW),2020,GEOGRAPHY,S,HOME ECONOMICS,C,CHINESE,S,038,F,new,5,September,2001,male
22308,COMMERCE,.1762,4675 (NEW),24902 (NEW),2020,ECONOMICS,C,BUSINESS STUDIES,C,ACCOUNTING,S,048,C,new,12,March,2001,female
209474,-,-,-,-,2020,POLITICAL SCIENCE,Absent,BUDDHISM,Absent,SINHALA,Absent,Absent,Absent,new,10,April,2000,female
202764,-,-.3635,-,-,2020,PHYSICS,S,CHEMISTRY,C,COMBINED MATHEMATICS,F,080,B,new,3,March,2001,male
213352,COMMERCE,.1844,1631 (NEW),24730 (NEW),2020,ECONOMICS,C,BUSINESS STUDIES,C,ACCOUNTING,S,036,F,new,6,July,2001,male
262277,-,-,-,-,2020,INFORMATION & COMMUNICATION TECHNOLOGY,Absent,ENGINEERING TECHNOLOGY,Absent,SCIENCE FOR TECHNOLOGY,Absent,Absent,Absent,new,27,December,2000,male
274698,-,-,-,-,2020,PHYSICS,Absent,CHEMISTRY,Absent,BIOLOGY,Absent,Absent,Absent,new,23,August,2000,male
265367,-,-,-,-,2020,AGRICULTURAL SCIENCE,F,AGRO TECHNOLOGY,Absent,GEOGRAPHY,Absent,Absent,Absent,new,22,June,2000,male
330740,PHYSICAL SCIENCE,.5552,82 (OLD),720 (OLD),2020,PHYSICS,C,CHEMISTRY,S,COMBINED MATHEMATICS,B,072,F,old,25,November,1999,male
247780,-,-.8081,-,-,2020,GEOGRAPHY,S,HISTORY OF SRI LANKA & INDIA,F,COMMUNICATION & MEDIA STUDIES,S,036,F,new,7,March,2001,female
216655,BIOLOGICAL SCIENCE,.4303,956 (NEW),11755 (NEW),2020,PHYSICS,C,CHEMISTRY,C,BIOLOGY,C,Absent,S,new,9,June,2000,male
258371,ENGINEERING TECHNOLOGY,.4820,98 (NEW),5303 (NEW),2020,GEOGRAPHY,C,ENGINEERING TECHNOLOGY,C,SCIENCE FOR TECHNOLOGY,S,028,F,new,30,July,2001,male
102122,ARTS,2.1097,17 (NEW),305 (NEW),2020,GEOGRAPHY,A,HOME ECONOMICS,A,SINHALA,A,048,C,new,8,February,2001,female
329449,PHYSICAL SCIENCE,.1252,85 (OLD),1125 (OLD),2020,PHYSICS,S,CHEMISTRY,C,COMBINED MATHEMATICS,S,068,F,old,9,November,1999,male
49397,-,-,-,-,2020,PHYSICS,F,CHEMISTRY,F,BIOLOGY,F,050,A,new,25,November,2000,female
280003,-,-,-,-,2020,AGRICULTURAL SCIENCE,F,POLITICAL SCIENCE,F,HINDU CIVILIZATION,C,040,S,new,2,September,2000,male
48705,ARTS,-.1267,4458 (NEW),57737 (NEW),2020,POLITICAL SCIENCE,S,COMMUNICATION & MEDIA STUDIES,S,SINHALA,C,044,S,new,26,November,2001,female
287123,ARTS,-.4847,1644 (NEW),68027 (NEW),2020,INFORMATION & COMMUNICATION TECHNOLOGY,S,COMMUNICATION & MEDIA STUDIES,S,ISLAM,S,034,S,new,3,January,2000,male
108424,BIOLOGICAL SCIENCE,1.7028,78 (NEW),1996 (NEW),2020,PHYSICS,C,CHEMISTRY,A,BIOLOGY,A,066,A,new,6,January,2002,female
81750,-,-,-,-,2020,CHEMISTRY,F,AGRICULTURAL SCIENCE,C,BIOLOGY,F,038,S,new,5,March,2001,female
103108,COMMERCE,-.7295,1613 (NEW),39793 (NEW),2020,INFORMATION & COMMUNICATION TECHNOLOGY,S,BUSINESS STUDIES,S,ACCOUNTING,S,054,S,new,11,October,2001,male
113600,ARTS,-.3562,2192 (NEW),65028 (NEW),2020,POLITICAL SCIENCE,S,BUDDHIST CIVILIZATION,S,SINHALA,C,036,F,new,1,October,2000,female
38048,ARTS,-.1963,4662 (NEW),60130 (NEW),2020,POLITICAL SCIENCE,C,LOGIC & SCIENTIFIC METHOD,S,SINHALA,S,046,S,new,28,February,2001,female
332704,-,-,-,-,2020,COMMUNICATION & MEDIA STUDIES,Absent,BUSINESS STUDIES,Absent,HINDU CIVILIZATION,Absent,Absent,Absent,old,7,December,1994,male
83790,-,-.9297,-,-,2020,AGRICULTURAL SCIENCE,F,DRAMA AND THEATRE (SINHALA),S,SINHALA,S,042,S,new,18,December,2001,male
257038,COMMERCE,-.1108,677 (NEW),30653 (NEW),2020,ECONOMICS,S,BUSINESS STUDIES,C,ACCOUNTING,S,046,S,new,15,January,2001,female
293184,ARTS,.0494,343 (NEW),51266 (NEW),2020,GEOGRAPHY,S,POLITICAL SCIENCE,C,ISLAM,C,030,F,new,7,October,2001,female
220705,ARTS,-.7714,5175 (NEW),72054 (NEW),2020,GEOGRAPHY,S,HISTORY OF SRI LANKA & INDIA,C,SINHALA,S,044,S,new,21,August,2001,male
288619,BIOLOGICAL SCIENCE,-.0426,274 (NEW),17537 (NEW),2020,PHYSICS,S,CHEMISTRY,S,BIOLOGY,S,056,S,new,29,May,2000,female
23426,COMMERCE,.1076,4922 (NEW),26241 (NEW),2020,ECONOMICS,C,BUSINESS STUDIES,C,ACCOUNTING,S,050,A,new,12,February,2001,female
88425,-,-,-,-,2020,POLITICAL SCIENCE,F,COMMUNICATION & MEDIA STUDIES,F,SINHALA,S,036,F,new,27,August,2001,male
143844,ENGINEERING TECHNOLOGY,.4153,237 (NEW),5753 (NEW),2020,INFORMATION & COMMUNICATION TECHNOLOGY,S,ENGINEERING TECHNOLOGY,C,SCIENCE FOR TECHNOLOGY,C,042,F,new,3,October,2000,male
106264,COMMERCE,.3326,983 (NEW),21897 (NEW),2020,ECONOMICS,C,BUSINESS STUDIES,C,ACCOUNTING,C,056,F,new,24,March,2001,male
102835,ARTS,.9148,1036 (NEW),19615 (NEW),2020,GEOGRAPHY,B,BUDDHIST CIVILIZATION,C,SINHALA,B,046,B,new,4,September,2001,male
214678,BIOLOGICAL SCIENCE,1.4016,249 (NEW),3514 (NEW),2020,PHYSICS,C,CHEMISTRY,B,BIOLOGY,B,062,B,new,21,March,2001,female
194267,PHYSICAL SCIENCE,.7311,234 (NEW),8692 (NEW),2020,PHYSICS,C,CHEMISTRY,C,COMBINED MATHEMATICS,C,060,S,new,15,September,2000,male
212349,-,-,-,-,2020,POLITICAL SCIENCE,F,BUDDHIST CIVILIZATION,F,SINHALA,F,Absent,S,new,6,April,2001,male
298236,BIOLOGICAL SCIENCE,.3481,562 (NEW),12674 (NEW),2020,PHYSICS,S,CHEMISTRY,C,BIOLOGY,C,046,F,new,22,March,2001,female
335926,BIOLOGICAL SCIENCE,-.1490,67 (OLD),4710 (OLD),2020,PHYSICS,S,CHEMISTRY,S,BIOLOGY,S,057,F,old,30,October,1998,female
330746,BIOLOGICAL SCIENCE,.2611,291 (OLD),3534 (OLD),2020,PHYSICS,S,CHEMISTRY,C,BIOLOGY,C,060,S,old,26,December,1998,male
272438,ENGINEERING TECHNOLOGY,-.1016,293 (NEW),9618 (NEW),2020,INFORMATION & COMMUNICATION TECHNOLOGY,S,ENGINEERING TECHNOLOGY,S,SCIENCE FOR TECHNOLOGY,C,028,S,new,30,January,2002,male
78044,BIOLOGICAL SCIENCE,2.3630,39 (NEW),270 (NEW),2020,PHYSICS,A,CHEMISTRY,A,BIOLOGY,A,078,A,new,25,January,2002,female
288537,-,-,-,-,2020,PHYSICS,F,CHEMISTRY,F,BIOLOGY,S,044,S,new,15,May,2000,female
21071,-,-,-,-,2020,CHEMISTRY,F,AGRICULTURAL SCIENCE,F,BIOLOGY,F,Absent,F,new,11,July,2000,female
265285,-,-,-,-,2020,ECONOMICS,F,BUSINESS STUDIES,F,ACCOUNTING,F,042,F,new,2,July,2001,male
190145,COMMERCE,1.1864,254 (NEW),7654 (NEW),2020,ECONOMICS,A,BUSINESS STUDIES,C,ACCOUNTING,A,048,F,new,14,January,2002,female
97443,ARTS,-.0884,2518 (NEW),56370 (NEW),2020,POLITICAL SCIENCE,S,BUDDHIST CIVILIZATION,S,SINHALA,B,040,F,new,26,November,2001,female
321752,ARTS,.6927,204 (OLD),2156 (OLD),2020,ECONOMICS,C,COMMUNICATION & MEDIA STUDIES,C,BUDDHIST CIVILIZATION,B,Absent,S,old,20,October,1990,female
149258,PHYSICAL SCIENCE,.7483,676 (NEW),8545 (NEW),2020,PHYSICS,C,CHEMISTRY,B,COMBINED MATHEMATICS,S,072,C,new,3,September,2000,male
331932,-,-.0353,-,-,2020,PHYSICS,F,CHEMISTRY,S,BIOLOGY,B,068,B,old,2,October,1998,female
191067,-,-.3559,-,-,2020,PHYSICS,S,CHEMISTRY,F,COMBINED MATHEMATICS,C,066,S,new,4,June,2000,male
102928,ARTS,.0419,2338 (NEW),51522 (NEW),2020,GEOGRAPHY,S,DANCING(INDIGENOUS),B,SINHALA,C,044,F,new,30,April,2001,female
140199,-,-,-,-,2020,MATHEMATICS,F,ENGINEERING TECHNOLOGY,S,SCIENCE FOR TECHNOLOGY,F,050,F,new,9,June,2001,male
120719,BIOLOGICAL SCIENCE,.2556,650 (NEW),13786 (NEW),2020,PHYSICS,S,CHEMISTRY,S,BIOLOGY,C,052,A,new,26,April,2001,female
87065,-,-.4402,-,-,2020,INFORMATION & COMMUNICATION TECHNOLOGY,F,ENGINEERING TECHNOLOGY,S,SCIENCE FOR TECHNOLOGY,S,040,F,new,6,September,2001,male
267209,-,-,-,-,2020,INFORMATION & COMMUNICATION TECHNOLOGY,F,ENGINEERING TECHNOLOGY,S,SCIENCE FOR TECHNOLOGY,F,042,S,new,29,March,2001,male
99331,BIOLOGICAL SCIENCE,.4298,666 (NEW),11763 (NEW),2020,PHYSICS,C,CHEMISTRY,C,BIOLOGY,S,Absent,S,new,13,April,2000,male
158873,ARTS,-.4232,7001 (NEW),66669 (NEW),2020,POLITICAL SCIENCE,S,COMMUNICATION & MEDIA STUDIES,S,SINHALA,C,038,F,new,12,June,2000,female
212134,COMMERCE,1.3431,329 (NEW),5608 (NEW),2020,ECONOMICS,A,BUSINESS STUDIES,A,ACCOUNTING,B,054,C,new,12,October,2001,male
37954,ARTS,.2405,3407 (NEW),43951 (NEW),2020,HISTORY OF SRI LANKA & INDIA,S,BUDDHIST CIVILIZATION,C,SINHALA,B,036,F,new,7,July,2001,female
331870,-,-,-,-,2020,ECONOMICS,Absent,POLITICAL SCIENCE,Absent,DRAMA AND THEATRE (SINHALA),Absent,Absent,Absent,old,14,April,1999,male
129752,-,-,-,-,2020,GEOGRAPHY,Absent,HISTORY OF SRI LANKA & INDIA,Absent,SINHALA,Absent,Absent,Absent,new,13,March,2000,female
70234,-,-,-,-,2020,PHYSICS,Absent,COMBINED MATHEMATICS,Absent,INFORMATION & COMMUNICATION TECHNOLOGY,Absent,Absent,Absent,new,12,March,2000,female
323570,-,-,-,-,2020,PHYSICS,Absent,CHEMISTRY,Absent,COMBINED MATHEMATICS,Absent,Absent,Absent,old,Invalid nic error,Invalid nic error,Invalid nic error,
277365,PHYSICAL SCIENCE,1.5884,40 (NEW),2582 (NEW),2020,PHYSICS,B,CHEMISTRY,B,COMBINED MATHEMATICS,A,054,F,new,1,February,2001,female
79512,-,-,-,-,2020,PHYSICS,F,CHEMISTRY,F,BIOLOGY,S,064,C,new,14,November,2001,male
95947,COMMERCE,-.1559,1361 (NEW),31574 (NEW),2020,INFORMATION & COMMUNICATION TECHNOLOGY,C,BUSINESS STUDIES,S,ACCOUNTING,S,Absent,S,new,9,January,2001,male
163493,-,-,-,-,2020,INFORMATION & COMMUNICATION TECHNOLOGY,F,BUSINESS STUDIES,F,ACCOUNTING,S,028,F,new,19,February,2001,male
171615,-,-,-,-,2020,POLITICAL SCIENCE,Absent,DRAMA AND THEATRE (SINHALA),Absent,SINHALA,Absent,Absent,Absent,new,9,June,2001,male
165500,ENGINEERING TECHNOLOGY,.8271,297 (NEW),3431 (NEW),2020,MATHEMATICS,C,ENGINEERING TECHNOLOGY,S,SCIENCE FOR TECHNOLOGY,B,062,A,new,12,June,2001,female
26957,-,-.8388,-,-,2020,INFORMATION & COMMUNICATION TECHNOLOGY,S,ENGINEERING TECHNOLOGY,F,SCIENCE FOR TECHNOLOGY,S,034,F,new,23,August,2001,male
144642,BIOSYSTEMS TECHNOLOGY,-.3038,454 (NEW),6812 (NEW),2020,INFORMATION & COMMUNICATION TECHNOLOGY,S,BIO SYSTEMS TECHNOLOGY,S,SCIENCE FOR TECHNOLOGY,S,036,S,new,20,August,2001,female
81276,ARTS,1.5796,275 (NEW),3907 (NEW),2020,POLITICAL SCIENCE,A,LOGIC & SCIENTIFIC METHOD,A,SINHALA,B,040,Absent,new,23,March,2000,female
290740,-,-,-,-,2020,GEOGRAPHY,F,POLITICAL SCIENCE,F,ISLAM,S,030,F,new,8,November,2001,male
118721,COMMERCE,1.5596,146 (NEW),3159 (NEW),2020,ECONOMICS,B,BUSINESS STUDIES,A,ACCOUNTING,A,070,B,new,15,December,2001,female
54703,-,-.6741,-,-,2020,ECONOMICS,F,BUSINESS STUDIES,S,ACCOUNTING,S,044,B,new,31,August,2001,female
877,-,-.6012,-,-,2020,COMMUNICATION & MEDIA STUDIES,F,ART,C,SINHALA,S,038,S,new,8,June,2001,female
204494,-,-,-,-,2020,GEOGRAPHY,Absent,ART,Absent,SINHALA,Absent,Absent,Absent,new,17,September,2000,male
266969,BIOSYSTEMS TECHNOLOGY,.6875,140 (NEW),2729 (NEW),2020,AGRICULTURAL SCIENCE,C,BIO SYSTEMS TECHNOLOGY,S,SCIENCE FOR TECHNOLOGY,C,048,S,new,2,May,2001,female
301898,-,-.3979,-,-,2020,PHYSICS,F,CHEMISTRY,S,BIOLOGY,S,046,S,new,13,May,2001,female
305176,-,-.5205,-,-,2020,GEOGRAPHY,F,DANCING(BHARATHA),C,TAMIL,C,028,F,new,6,December,2001,female
243917,PHYSICAL SCIENCE,.2176,537 (NEW),14033 (NEW),2020,PHYSICS,S,CHEMISTRY,C,COMBINED MATHEMATICS,S,058,A,new,20,February,2001,female
267991,-,-.7014,-,-,2020,PHYSICS,S,CHEMISTRY,S,BIOLOGY,F,050,A,new,22,May,2000,male
73005,COMMERCE,-.6110,2555 (NEW),38891 (NEW),2020,ECONOMICS,S,BUSINESS STUDIES,S,ACCOUNTING,S,052,S,new,1,August,2001,male
170874,BIOLOGICAL SCIENCE,.7731,627 (NEW),8170 (NEW),2020,CHEMISTRY,C,AGRICULTURAL SCIENCE,C,BIOLOGY,C,Absent,C,new,14,September,2000,female
74393,COMMERCE,1.0713,667 (NEW),9348 (NEW),2020,ECONOMICS,B,BUSINESS STUDIES,B,ACCOUNTING,A,048,C,new,20,April,2001,male
148325,ARTS,.1633,5062 (NEW),46966 (NEW),2020,GEOGRAPHY,C,DANCING(INDIGENOUS),S,SINHALA,B,032,F,new,16,November,2000,female
132333,-,-,-,-,2020,PHYSICS,F,CHEMISTRY,F,COMBINED MATHEMATICS,F,Absent,S,new,9,May,2000,male
254540,-,-,-,-,2020,PHYSICS,F,CHEMISTRY,F,BIOLOGY,F,050,F,new,2,June,2001,female
10545,PHYSICAL SCIENCE,.6554,1825 (NEW),9354 (NEW),2020,PHYSICS,C,CHEMISTRY,C,COMBINED MATHEMATICS,S,070,C,new,14,January,2001,male
303316,-,-,-,-,2020,ECONOMICS,S,BUSINESS STUDIES,F,ACCOUNTING,F,040,F,new,26,May,1987,male
198001,ARTS,1.6204,92 (NEW),3407 (NEW),2020,POLITICAL SCIENCE,B,BUDDHIST CIVILIZATION,A,SINHALA,A,056,F,new,24,January,2002,male
220239,PHYSICAL SCIENCE,.8147,493 (NEW),7913 (NEW),2020,PHYSICS,C,CHEMISTRY,C,COMBINED MATHEMATICS,C,068,S,new,29,January,2002,male
259119,-,-1.0745,-,-,2020,AGRICULTURAL SCIENCE,F,ART,S,SINHALA,S,032,S,new,31,March,2001,male
194425,-,-,-,-,2020,POLITICAL SCIENCE,Absent,BUDDHIST CIVILIZATION,Absent,SINHALA,Absent,Absent,Absent,new,22,September,2000,female
319722,COMMERCE,.3968,31 (OLD),513 (OLD),2020,ECONOMICS,S,BUSINESS STUDIES,C,ACCOUNTING,C,027,F,old,10,December,1999,male
162527,-,-,-,-,2020,AGRICULTURAL SCIENCE,S,POLITICAL SCIENCE,F,BUDDHIST CIVILIZATION,F,036,F,new,11,July,2001,male
190611,ARTS,.1312,2528 (NEW),48181 (NEW),2020,GEOGRAPHY,S,BUDDHIST CIVILIZATION,S,SINHALA,B,040,F,new,3,January,2001,female
301787,-,-,-,-,2020,POLITICAL SCIENCE,Absent,DRAMA AND THEATRE (TAMIL),Absent,TAMIL,Absent,056,F,new,18,June,2000,female
135078,BIOSYSTEMS TECHNOLOGY,.2825,314 (NEW),4346 (NEW),2020,AGRICULTURAL SCIENCE,S,BIO SYSTEMS TECHNOLOGY,S,SCIENCE FOR TECHNOLOGY,C,042,F,new,12,July,2001,male
314909,-,-.3732,-,-,2020,AGRICULTURAL SCIENCE,C,BIO SYSTEMS TECHNOLOGY,F,SCIENCE FOR TECHNOLOGY,S,030,F,old,18,September,1998,female
295369,ARTS,.2472,317 (NEW),43715 (NEW),2020,GEOGRAPHY,S,CHRISTIAN CIVILIZATION,C,DRAMA AND THEATRE (TAMIL),B,038,F,new,14,October,1997,female
225183,ARTS,.5190,2118 (NEW),33404 (NEW),2020,GEOGRAPHY,C,HISTORY OF SRI LANKA & INDIA,C,SINHALA,C,042,S,new,4,May,2000,female
157070,-,-,-,-,2020,AGRICULTURAL SCIENCE,F,ENGINEERING TECHNOLOGY,F,SCIENCE FOR TECHNOLOGY,F,052,F,new,21,June,2001,male
294622,-,-,-,-,2020,AGRICULTURAL SCIENCE,F,GEOGRAPHY,F,TAMIL,F,040,F,new,22,July,1999,male
40667,-,-.5972,-,-,2020,PHYSICS,S,CHEMISTRY,F,BIOLOGY,S,052,S,new,20,July,2001,female
69438,ARTS,1.4009,444 (NEW),6892 (NEW),2020,GEOGRAPHY,B,POLITICAL SCIENCE,A,DANCING(INDIGENOUS),A,044,F,new,24,March,2000,female
283769,ARTS,-.1428,1399 (NEW),58295 (NEW),2020,GEOGRAPHY,S,COMMUNICATION & MEDIA STUDIES,C,SINHALA,C,032,F,new,2,June,2001,female
27874,BIOLOGICAL SCIENCE,.1426,2334 (NEW),15176 (NEW),2020,PHYSICS,S,CHEMISTRY,S,BIOLOGY,C,056,A,new,7,December,2000,male
16788,-,.0002,-,-,2020,ECONOMICS,C,BUSINESS STUDIES,C,ACCOUNTING,F,054,C,new,2,May,2001,male
220053,-,-,-,-,2020,PHYSICS,F,CHEMISTRY,F,COMBINED MATHEMATICS,F,050,S,new,1,February,2001,male
161926,BIOSYSTEMS TECHNOLOGY,-.0911,578 (NEW),5987 (NEW),2020,AGRICULTURAL SCIENCE,C,BIO SYSTEMS TECHNOLOGY,S,SCIENCE FOR TECHNOLOGY,S,038,F,new,6,October,2001,female
319370,-,-,-,-,2020,PHYSICS,Absent,CHEMISTRY,Absent,BIOLOGY,Absent,Absent,Absent,old,31,December,1999,female
227501,-,-,-,-,2020,GEOGRAPHY,Absent,POLITICAL SCIENCE,Absent,BUDDHIST CIVILIZATION,Absent,Absent,Absent,new,20,March,2000,female
11039,PHYSICAL SCIENCE,.3738,2264 (NEW),12268 (NEW),2020,PHYSICS,C,CHEMISTRY,S,COMBINED MATHEMATICS,C,070,C,new,10,June,2001,male
114319,ARTS,.1520,1664 (NEW),47403 (NEW),2020,POLITICAL SCIENCE,C,HISTORY OF SRI LANKA & INDIA,C,SINHALA,S,042,S,new,25,June,2001,female
74720,ARTS,.9274,1127 (NEW),19230 (NEW),2020,GEOGRAPHY,C,HISTORY OF SRI LANKA & INDIA,A,SINHALA,B,042,F,new,11,August,2001,male
200586,-,-,-,-,2020,INFORMATION & COMMUNICATION TECHNOLOGY,F,ENGINEERING TECHNOLOGY,F,SCIENCE FOR TECHNOLOGY,F,026,F,new,16,January,2002,male
36541,-,-,-,-,2020,PHYSICS,F,CHEMISTRY,F,BIOLOGY,S,038,C,new,8,September,2001,female
172213,-,-,-,-,2020,PHYSICS,F,CHEMISTRY,F,COMBINED MATHEMATICS,F,028,F,new,25,November,2001,male
35869,ARTS,.9827,1373 (NEW),17618 (NEW),2020,GEOGRAPHY,B,DANCING(INDIGENOUS),B,SINHALA,A,028,S,new,30,November,2001,female
248866,-,-,-,-,2020,AGRICULTURAL SCIENCE,Absent,INFORMATION & COMMUNICATION TECHNOLOGY,Absent,COMMUNICATION & MEDIA STUDIES,Absent,Absent,Absent,new,12,November,1996,male
128562,ENGINEERING TECHNOLOGY,.5456,365 (NEW),4896 (NEW),2020,INFORMATION & COMMUNICATION TECHNOLOGY,S,ENGINEERING TECHNOLOGY,C,SCIENCE FOR TECHNOLOGY,C,052,F,new,11,July,2001,male
123843,BIOLOGICAL SCIENCE,.6369,431 (NEW),9512 (NEW),2020,PHYSICS,C,CHEMISTRY,C,BIOLOGY,C,Absent,Absent,new,4,January,2001,male
252831,-,-,-,-,2020,POLITICAL SCIENCE,Absent,HINDU CIVILIZATION,Absent,TAMIL,Absent,Absent,Absent,new,27,September,2000,female
213158,-,-.6769,-,-,2020,GEOGRAPHY,F,HISTORY OF SRI LANKA & INDIA,S,SINHALA,C,028,F,new,6,November,2001,female
247194,COMMERCE,.4237,722 (NEW),20163 (NEW),2020,INFORMATION & COMMUNICATION TECHNOLOGY,C,BUSINESS STUDIES,C,ACCOUNTING,S,054,S,new,28,July,2001,male
183402,PHYSICAL SCIENCE,.3265,359 (NEW),12797 (NEW),2020,PHYSICS,S,CHEMISTRY,S,COMBINED MATHEMATICS,C,Absent,S,new,20,March,2000,female
119175,ARTS,.5679,2030 (NEW),31555 (NEW),2020,HISTORY OF SRI LANKA & INDIA,C,COMMUNICATION & MEDIA STUDIES,S,SINHALA,A,036,F,new,28,May,2001,female
20028,COMMERCE,1.5100,913 (NEW),3643 (NEW),2020,ECONOMICS,A,BUSINESS STUDIES,A,ACCOUNTING,A,058,S,new,3,September,2001,female
299438,PHYSICAL SCIENCE,2.4175,12 (NEW),240 (NEW),2020,PHYSICS,A,CHEMISTRY,A,COMBINED MATHEMATICS,A,076,B,new,26,September,2001,male
192024,ARTS,-.3013,3308 (NEW),63473 (NEW),2020,AGRICULTURAL SCIENCE,S,BUDDHIST CIVILIZATION,S,SINHALA,S,030,F,new,10,March,2001,female
128139,-,-,-,-,2020,PHYSICS,F,CHEMISTRY,F,BIOLOGY,F,036,B,new,23,May,2000,male
213132,-,-,-,-,2020,ECONOMICS,F,BUSINESS STUDIES,C,ACCOUNTING,F,054,F,new,14,February,2001,male
52955,-,-,-,-,2020,ECONOMICS,C,BUSINESS STUDIES,F,ACCOUNTING,F,048,S,new,22,May,2001,male
193827,ARTS,1.6200,192 (NEW),3411 (NEW),2020,GEOGRAPHY,A,BUDDHIST CIVILIZATION,A,SINHALA,A,044,F,new,23,November,2001,female
230162,-,-.9642,-,-,2020,GEOGRAPHY,F,HOME ECONOMICS,C,ISLAM,S,026,S,new,27,February,2001,female
192345,ENGINEERING TECHNOLOGY,.2062,365 (NEW),7182 (NEW),2020,INFORMATION & COMMUNICATION TECHNOLOGY,S,ENGINEERING TECHNOLOGY,S,SCIENCE FOR TECHNOLOGY,S,026,F,new,21,January,2002,male
108663,-,-.0888,-,-,2020,PHYSICS,C,CHEMISTRY,S,COMBINED MATHEMATICS,F,074,S,new,13,November,2000,female
287103,-,-,-,-,2020,GEOGRAPHY,F,POLITICAL SCIENCE,F,ISLAMIC CIVILIZATION,F,026,F,new,12,February,2000,male
225975,-,-,-,-,2020,HOME ECONOMICS,Absent,ENGINEERING TECHNOLOGY,Absent,SCIENCE FOR TECHNOLOGY,Absent,Absent,Absent,new,18,August,2000,male
38996,COMMERCE,-.1753,3850 (NEW),32006 (NEW),2020,ECONOMICS,C,BUSINESS STUDIES,C,ACCOUNTING,S,036,S,new,26,February,2001,male
209942,-,-,-,-,2020,PHYSICS,Absent,COMBINED MATHEMATICS,Absent,INFORMATION & COMMUNICATION TECHNOLOGY,Absent,Absent,Absent,new,6,September,2000,male
69897,BIOLOGICAL SCIENCE,.0911,915 (NEW),15825 (NEW),2020,PHYSICS,S,CHEMISTRY,S,BIOLOGY,C,Absent,C,new,7,August,2000,female
195244,ARTS,-.3330,3363 (NEW),64407 (NEW),2020,POLITICAL SCIENCE,S,ORIENTAL MUSIC,S,SINHALA,C,034,F,new,11,July,2000,female
104536,-,-.3006,-,-,2020,CHEMISTRY,F,AGRICULTURAL SCIENCE,C,BIOLOGY,S,042,F,new,18,March,2001,female
319204,-,-,-,-,2020,GEOGRAPHY,Absent,BUDDHIST CIVILIZATION,Absent,SINHALA,Absent,Absent,Absent,old,29,June,1999,male
103596,-,-,-,-,2020,POLITICAL SCIENCE,F,HISTORY OF SRI LANKA & INDIA,F,BUDDHIST CIVILIZATION,S,032,F,new,11,October,2001,male
4535,PHYSICAL SCIENCE,-.1745,3167 (NEW),18614 (NEW),2020,PHYSICS,S,CHEMISTRY,S,COMBINED MATHEMATICS,S,054,A,new,20,March,2001,female
188627,-,-,-,-,2020,ECONOMICS,F,BUSINESS STUDIES,F,ACCOUNTING,F,046,B,new,30,September,2001,male
175172,PHYSICAL SCIENCE,-.3892,489 (NEW),20436 (NEW),2020,PHYSICS,S,CHEMISTRY,S,COMBINED MATHEMATICS,S,068,C,new,15,April,2000,female
34002,-,-,-,-,2020,PHYSICS,F,CHEMISTRY,F,BIOLOGY,F,066,A,new,8,June,2000,male
255607,ARTS,.1377,2349 (NEW),47942 (NEW),2020,AGRICULTURAL SCIENCE,S,GEOGRAPHY,S,SINHALA,B,038,F,new,23,May,2000,female
44030,BIOLOGICAL SCIENCE,-.4206,1835 (NEW),21069 (NEW),2020,PHYSICS,S,CHEMISTRY,S,BIOLOGY,S,056,C,new,14,February,2001,male
146201,ENGINEERING TECHNOLOGY,1.5451,35 (NEW),1038 (NEW),2020,GEOGRAPHY,B,ENGINEERING TECHNOLOGY,B,SCIENCE FOR TECHNOLOGY,B,048,S,new,29,December,2001,male
52927,-,-,-,-,2020,CHRISTIANITY,S,ENGLISH,F,GERMAN,F,028,C,new,14,April,2000,male
16393,BIOLOGICAL SCIENCE,.4445,1919 (NEW),11609 (NEW),2020,PHYSICS,C,CHEMISTRY,C,BIOLOGY,C,058,C,new,25,February,2001,male
49531,-,-,-,-,2020,HISTORY OF SRI LANKA & MODERN WORLD,F,BUDDHIST CIVILIZATION,F,SINHALA,S,036,A,new,10,January,2002,female
79753,PHYSICAL SCIENCE,2.0905,71 (NEW),759 (NEW),2020,PHYSICS,A,CHEMISTRY,A,COMBINED MATHEMATICS,A,076,A,new,29,September,2000,male
197358,-,-,-,-,2020,POLITICAL SCIENCE,Absent,HINDU CIVILIZATION,Absent,TAMIL,Absent,Absent,Absent,new,1,December,2000,female
116484,ARTS,1.0321,572 (NEW),16117 (NEW),2020,GEOGRAPHY,B,BUDDHIST CIVILIZATION,A,SINHALA,B,042,F,new,25,September,2001,female
131192,ENGINEERING TECHNOLOGY,1.1369,169 (NEW),2184 (NEW),2020,INFORMATION & COMMUNICATION TECHNOLOGY,S,ENGINEERING TECHNOLOGY,B,SCIENCE FOR TECHNOLOGY,B,044,Absent,new,15,April,1999,male
94039,-,-,-,-,2020,INFORMATION & COMMUNICATION TECHNOLOGY,F,ENGINEERING TECHNOLOGY,F,SCIENCE FOR TECHNOLOGY,S,040,F,new,13,June,2001,female
99755,-,-,-,-,2020,HISTORY OF SRI LANKA & INDIA,Absent,COMMUNICATION & MEDIA STUDIES,Absent,BUDDHIST CIVILIZATION,Absent,Absent,Absent,new,19,September,2000,male
190336,ARTS,.8553,1167 (NEW),21594 (NEW),2020,HOME ECONOMICS,B,BUDDHIST CIVILIZATION,B,SINHALA,B,042,F,new,7,June,2001,female
64648,-,-.8052,-,-,2020,ECONOMICS,S,BUSINESS STUDIES,S,ACCOUNTING,F,038,F,new,26,April,2001,female
187910,COMMERCE,1.3194,183 (NEW),5902 (NEW),2020,ECONOMICS,B,BUSINESS STUDIES,B,ACCOUNTING,A,042,S,new,26,April,2001,female
277964,COMMERCE,-.1381,438 (NEW),31185 (NEW),2020,INFORMATION & COMMUNICATION TECHNOLOGY,S,BUSINESS STUDIES,S,ACCOUNTING,S,052,S,new,15,January,2002,female
186048,-,-,-,-,2020,GEOGRAPHY,Absent,ORIENTAL MUSIC,Absent,SINHALA,Absent,Absent,Absent,new,16,June,2000,female
174707,-,-.7752,-,-,2020,ECONOMICS,S,BUSINESS STUDIES,F,ACCOUNTING,S,048,F,new,10,May,2001,female
208263,-,-.8130,-,-,2020,POLITICAL SCIENCE,F,HOME ECONOMICS,C,ORIENTAL MUSIC,S,028,F,new,12,June,2001,male
128362,COMMERCE,1.0815,498 (NEW),9196 (NEW),2020,ECONOMICS,B,BUSINESS STUDIES,B,ACCOUNTING,A,064,S,new,20,September,2001,female
658,-,-.8647,-,-,2020,ECONOMICS,S,BUSINESS STUDIES,F,ACCOUNTING,S,044,A,new,9,March,2001,female
81985,ARTS,.4821,2072 (NEW),34762 (NEW),2020,POLITICAL SCIENCE,B,LOGIC & SCIENTIFIC METHOD,C,SINHALA,C,042,S,new,8,September,2001,female
197178,ARTS,-.4067,1390 (NEW),66307 (NEW),2020,POLITICAL SCIENCE,S,ISLAMIC CIVILIZATION,S,ART,S,048,F,new,6,June,2001,female
225977,-,-,-,-,2020,AGRICULTURAL SCIENCE,F,ENGINEERING TECHNOLOGY,F,SCIENCE FOR TECHNOLOGY,S,042,S,new,26,January,2001,male
218792,COMMERCE,.4822,1218 (NEW),19067 (NEW),2020,ECONOMICS,C,BUSINESS STUDIES,C,ACCOUNTING,C,062,S,new,19,January,2002,female
49206,-,-.5112,-,-,2020,PHYSICS,S,CHEMISTRY,F,COMBINED MATHEMATICS,S,062,A,new,22,December,2002,male
277025,BIOLOGICAL SCIENCE,.1025,359 (NEW),15672 (NEW),2020,CHEMISTRY,S,AGRICULTURAL SCIENCE,C,BIOLOGY,S,048,F,new,22,December,2001,female
152082,ARTS,.0952,5328 (NEW),49582 (NEW),2020,GEOGRAPHY,C,COMMUNICATION & MEDIA STUDIES,S,ART,C,034,F,new,13,September,2001,male
24275,COMMERCE,.4770,3645 (NEW),19167 (NEW),2020,ECONOMICS,C,BUSINESS STUDIES,C,ACCOUNTING,C,058,C,new,15,June,2001,female
261945,ENGINEERING TECHNOLOGY,.1432,158 (NEW),7656 (NEW),2020,INFORMATION & COMMUNICATION TECHNOLOGY,S,ENGINEERING TECHNOLOGY,S,SCIENCE FOR TECHNOLOGY,C,Absent,Absent,new,5,October,2000,male
26897,-,-,-,-,2020,ECONOMICS,Absent,BUSINESS STUDIES,Absent,ACCOUNTING,Absent,Absent,Absent,new,7,November,2000,female
238380,-,-,-,-,2020,INFORMATION & COMMUNICATION TECHNOLOGY,Absent,ENGINEERING TECHNOLOGY,Absent,SCIENCE FOR TECHNOLOGY,Absent,Absent,Absent,new,7,June,2001,male
133120,-,-.5190,-,-,2020,PHYSICS,S,CHEMISTRY,F,COMBINED MATHEMATICS,S,056,C,new,29,July,2000,male
118657,COMMERCE,1.1532,429 (NEW),8134 (NEW),2020,ECONOMICS,B,BUSINESS STUDIES,B,ACCOUNTING,B,042,C,new,28,July,2001,female
4218,-,-.3530,-,-,2020,PHYSICS,S,CHEMISTRY,S,COMBINED MATHEMATICS,F,070,A,new,5,August,2001,male
20956,-,-,-,-,2020,PHYSICS,F,CHEMISTRY,F,COMBINED MATHEMATICS,F,Absent,S,new,10,September,2000,female
118097,-,-,-,-,2020,INFORMATION & COMMUNICATION TECHNOLOGY,F,ENGINEERING TECHNOLOGY,F,SCIENCE FOR TECHNOLOGY,S,032,F,new,26,February,2001,female
81498,BIOSYSTEMS TECHNOLOGY,1.0197,58 (NEW),1669 (NEW),2020,GEOGRAPHY,C,BIO SYSTEMS TECHNOLOGY,B,SCIENCE FOR TECHNOLOGY,B,038,C,new,22,July,2001,female
5323,-,-,-,-,2020,PHYSICS,S,CHEMISTRY,F,COMBINED MATHEMATICS,F,Absent,Absent,new,3,August,2000,male
220927,PHYSICAL SCIENCE,-.2265,1167 (NEW),19112 (NEW),2020,PHYSICS,S,CHEMISTRY,S,COMBINED MATHEMATICS,S,028,B,new,18,February,2000,male
114217,-,-,-,-,2020,AGRICULTURAL SCIENCE,F,GEOGRAPHY,F,SINHALA,F,056,F,new,13,September,2001,male
84886,ARTS,1.0053,1096 (NEW),16922 (NEW),2020,POLITICAL SCIENCE,C,DANCING(INDIGENOUS),A,SINHALA,B,042,S,new,14,November,2000,female
111218,BIOLOGICAL SCIENCE,1.0792,187 (NEW),5596 (NEW),2020,PHYSICS,B,CHEMISTRY,B,BIOLOGY,C,Absent,Absent,new,15,March,2000,male
23689,COMMERCE,-.1478,5857 (NEW),31415 (NEW),2020,ECONOMICS,S,BUSINESS STUDIES,C,ACCOUNTING,S,042,A,new,30,January,2002,male
157535,COMMERCE,-.1451,2092 (NEW),31357 (NEW),2020,ECONOMICS,C,BUSINESS STUDIES,C,ACCOUNTING,S,044,F,new,6,May,2001,male
325879,-,-,-,-,2020,CHEMISTRY,Absent,AGRICULTURAL SCIENCE,Absent,BIOLOGY,Absent,Absent,Absent,old,23,May,1997,male
119387,-,-,-,-,2020,COMMUNICATION & MEDIA STUDIES,F,BUDDHIST CIVILIZATION,F,SINHALA,C,040,F,new,18,September,2001,female
51492,ARTS,1.8429,129 (NEW),1316 (NEW),2020,INFORMATION & COMMUNICATION TECHNOLOGY,B,GEOGRAPHY,A,ART,A,064,A,new,1,March,2001,female
175352,ARTS,-.0112,1812 (NEW),53512 (NEW),2020,GEOGRAPHY,S,HISTORY OF SRI LANKA & INDIA,C,SINHALA,B,042,C,new,11,August,2001,male
229747,-,-,-,-,2020,GEOGRAPHY,F,DANCING(INDIGENOUS),Absent,SINHALA,C,042,F,new,30,January,2002,female
110112,-,-,-,-,2020,PHYSICS,F,COMBINED MATHEMATICS,F,INFORMATION & COMMUNICATION TECHNOLOGY,F,Absent,Absent,new,27,August,1998,male
206278,ARTS,.7863,604 (NEW),23918 (NEW),2020,GEOGRAPHY,C,HOME ECONOMICS,B,SINHALA,B,030,S,new,21,July,2001,female
284664,ARTS,.0316,1225 (NEW),51907 (NEW),2020,GEOGRAPHY,C,ART,C,TAMIL,C,040,S,new,26,March,2001,female
181433,-,-,-,-,2020,PHYSICS,F,CHEMISTRY,F,BIOLOGY,F,048,F,new,15,March,2001,male
260661,ENGINEERING TECHNOLOGY,.0060,198 (NEW),8770 (NEW),2020,INFORMATION & COMMUNICATION TECHNOLOGY,S,ENGINEERING TECHNOLOGY,S,SCIENCE FOR TECHNOLOGY,S,062,C,new,11,March,2001,male
170990,BIOSYSTEMS TECHNOLOGY,1.0860,152 (NEW),1474 (NEW),2020,ART,B,BIO SYSTEMS TECHNOLOGY,C,SCIENCE FOR TECHNOLOGY,B,038,S,new,23,March,2000,female
134326,-,-,-,-,2020,POLITICAL SCIENCE,S,BUDDHIST CIVILIZATION,S,SINHALA,Absent,024,F,new,22,February,2001,male
258162,-,-,-,-,2020,COMMUNICATION & MEDIA STUDIES,Absent,BUDDHIST CIVILIZATION,Absent,SINHALA,Absent,Absent,Absent,new,1,April,2000,female
66239,ARTS,-.4274,3467 (NEW),66766 (NEW),2020,GEOGRAPHY,S,POLITICAL SCIENCE,S,ART,C,038,F,new,5,January,2001,male
202659,COMMERCE,.2648,444 (NEW),23228 (NEW),2020,ECONOMICS,C,BUSINESS STUDIES,B,ACCOUNTING,S,048,C,new,31,December,2000,female
158531,-,-.6107,-,-,2020,INFORMATION & COMMUNICATION TECHNOLOGY,F,BIO SYSTEMS TECHNOLOGY,S,SCIENCE FOR TECHNOLOGY,S,050,S,new,31,May,1998,female
4435,-,-.2272,-,-,2020,PHYSICS,F,CHEMISTRY,S,COMBINED MATHEMATICS,C,Absent,Absent,new,22,June,2000,male
282318,ARTS,-.4584,1813 (NEW),67504 (NEW),2020,HISTORY OF SRI LANKA & EUROPE,S,HINDU CIVILIZATION,C,TAMIL,S,026,F,new,9,March,2001,female
324097,ENGINEERING TECHNOLOGY,.7950,6 (OLD),144 (OLD),2020,INFORMATION & COMMUNICATION TECHNOLOGY,S,ENGINEERING TECHNOLOGY,C,SCIENCE FOR TECHNOLOGY,C,047,B,old,24,June,1994,male
93736,ARTS,.7166,1618 (NEW),26251 (NEW),2020,POLITICAL SCIENCE,B,BUDDHIST CIVILIZATION,C,SINHALA,B,026,S,new,2,July,2001,female
240496,-,-,-,-,2020,ECONOMICS,Absent,BUSINESS STUDIES,Absent,ACCOUNTING,Absent,Absent,Absent,new,5,August,1999,female
114210,BIOLOGICAL SCIENCE,.9785,215 (NEW),6374 (NEW),2020,CHEMISTRY,S,AGRICULTURAL SCIENCE,B,BIOLOGY,B,Absent,Absent,new,19,January,2001,male
77986,ARTS,-.4697,3586 (NEW),67743 (NEW),2020,GEOGRAPHY,S,HOME ECONOMICS,C,DANCING(INDIGENOUS),C,040,F,new,12,July,2001,female
95174,-,-1.2847,-,-,2020,GEOGRAPHY,F,HOME ECONOMICS,S,SINHALA,S,024,F,new,11,November,2001,female
139339,BIOSYSTEMS TECHNOLOGY,2.0089,10 (NEW),181 (NEW),2020,AGRICULTURAL SCIENCE,B,BIO SYSTEMS TECHNOLOGY,B,SCIENCE FOR TECHNOLOGY,B,046,F,new,11,August,2001,female
43308,-,-.7044,-,-,2020,ECONOMICS,S,BUSINESS STUDIES,F,ACCOUNTING,S,028,S,new,7,December,2001,male
42681,ARTS,-.3281,4998 (NEW),64262 (NEW),2020,POLITICAL SCIENCE,S,DANCING(INDIGENOUS),C,SINHALA,S,042,F,new,16,December,2001,female
195134,NON,.0126,-,-,2020,PHYSICS,S,COMBINED MATHEMATICS,S,INFORMATION & COMMUNICATION TECHNOLOGY,C,060,F,new,5,August,2000,male
8911,-,-,-,-,2020,HISTORY OF SRI LANKA & EUROPE,Absent,BUDDHIST CIVILIZATION,Absent,SINHALA,Absent,Absent,Absent,new,10,May,2001,female
61646,PHYSICAL SCIENCE,2.3966,11 (NEW),259 (NEW),2020,PHYSICS,A,CHEMISTRY,A,COMBINED MATHEMATICS,A,Absent,B,new,13,November,2000,male
10780,ARTS,1.9293,148 (NEW),875 (NEW),2020,INFORMATION & COMMUNICATION TECHNOLOGY,B,GEOGRAPHY,A,POLITICAL SCIENCE,A,058,A,new,30,October,2001,male
147043,ARTS,-.6112,3257 (NEW),70373 (NEW),2020,GEOGRAPHY,S,COMMUNICATION & MEDIA STUDIES,S,SINHALA,S,038,F,new,26,April,2001,male
40944,-,-.9468,-,-,2020,POLITICAL SCIENCE,F,ISLAM,C,ARABIC,C,044,F,new,24,May,2001,male
7105,COMMERCE,-.1033,5687 (NEW),30496 (NEW),2020,ECONOMICS,S,BUSINESS STUDIES,C,ACCOUNTING,C,056,B,new,18,September,2001,male
27112,ARTS,.4905,2283 (NEW),34474 (NEW),2020,POLITICAL SCIENCE,C,COMMUNICATION & MEDIA STUDIES,C,DANCING(INDIGENOUS),B,030,F,new,29,November,2001,female
223240,-,-,-,-,2020,ECONOMICS,Absent,BUSINESS STUDIES,Absent,ACCOUNTING,Absent,Absent,Absent,new,25,October,2000,female
208665,ARTS,.3617,1084 (NEW),39323 (NEW),2020,GEOGRAPHY,C,ISLAM,C,TAMIL,B,032,F,new,2,July,2000,female
210380,-,-.6923,-,-,2020,GEOGRAPHY,F,BUDDHIST CIVILIZATION,S,SINHALA,C,026,F,new,15,January,2001,female
82692,PHYSICAL SCIENCE,2.6513,13 (NEW),78 (NEW),2020,PHYSICS,A,CHEMISTRY,A,COMBINED MATHEMATICS,A,066,C,new,9,December,2001,male
100953,BIOSYSTEMS TECHNOLOGY,.5234,159 (NEW),3320 (NEW),2020,AGRICULTURAL SCIENCE,S,BIO SYSTEMS TECHNOLOGY,S,SCIENCE FOR TECHNOLOGY,B,034,F,new,1,August,2000,female
104511,BIOLOGICAL SCIENCE,.0734,897 (NEW),16042 (NEW),2020,PHYSICS,S,CHEMISTRY,C,BIOLOGY,S,056,S,new,25,September,2001,female
85428,ARTS,.1980,2587 (NEW),45651 (NEW),2020,GEOGRAPHY,S,POLITICAL SCIENCE,C,SINHALA,B,042,F,new,12,November,2001,female
176245,ARTS,.3856,1291 (NEW),38446 (NEW),2020,POLITICAL SCIENCE,C,HISTORY OF SRI LANKA & INDIA,C,SINHALA,B,052,F,new,21,March,2001,female
53050,-,-,-,-,2020,ECONOMICS,F,BUSINESS STUDIES,F,ACCOUNTING,F,046,S,new,29,May,2001,female
321670,-,-,-,-,2020,PHYSICS,Absent,CHEMISTRY,Absent,BIOLOGY,Absent,Absent,Absent,old,2,January,2000,female
281235,ARTS,-.2492,1641 (NEW),61846 (NEW),2020,POLITICAL SCIENCE,S,DRAMA AND THEATRE (TAMIL),C,TAMIL,C,022,F,new,16,February,2000,female
302660,-,.0654,-,-,2020,GEOGRAPHY,C,POLITICAL SCIENCE,F,TAMIL,B,032,F,new,2,March,2001,male
279993,-,-,-,-,2020,PHYSICS,F,CHEMISTRY,F,COMBINED MATHEMATICS,F,036,F,new,28,June,2001,male
131090,-,-,-,-,2020,AGRICULTURAL SCIENCE,F,BIO SYSTEMS TECHNOLOGY,S,SCIENCE FOR TECHNOLOGY,F,040,F,new,13,November,2000,female
92364,-,-.8439,-,-,2020,ECONOMICS,S,BUSINESS STUDIES,F,ACCOUNTING,S,042,F,new,27,February,2001,female
242393,ARTS,1.0601,305 (NEW),15290 (NEW),2020,GEOGRAPHY,C,POLITICAL SCIENCE,B,TAMIL,A,028,S,new,13,August,2001,female
200685,-,-,-,-,2020,PHYSICS,F,CHEMISTRY,F,BIOLOGY,F,032,F,new,4,April,2001,female
298779,-,-,-,-,2020,AGRICULTURAL SCIENCE,F,ENGINEERING TECHNOLOGY,F,SCIENCE FOR TECHNOLOGY,F,030,F,new,12,March,2001,male
269801,-,-.7061,-,-,2020,ECONOMICS,F,BUSINESS STUDIES,S,ACCOUNTING,S,060,S,new,27,April,2000,male
226428,-,-,-,-,2020,ECONOMICS,S,BUSINESS STUDIES,F,ACCOUNTING,F,042,S,new,24,May,2000,female
325056,BIOLOGICAL SCIENCE,-.0556,295 (OLD),4454 (OLD),2020,PHYSICS,S,CHEMISTRY,C,BIOLOGY,C,050,A,old,9,December,1999,female
52388,ARTS,.1068,3801 (NEW),49135 (NEW),2020,POLITICAL SCIENCE,S,LOGIC & SCIENTIFIC METHOD,S,CHRISTIAN CIVILIZATION,B,042,S,new,8,October,2001,male
18144,BIOLOGICAL SCIENCE,-.3618,2969 (NEW),20718 (NEW),2020,PHYSICS,S,CHEMISTRY,S,BIOLOGY,S,060,A,new,2,July,2001,female
173075,-,-,-,-,2020,GEOGRAPHY,F,POLITICAL SCIENCE,F,SINHALA,S,026,F,new,8,February,2001,female
171374,ENGINEERING TECHNOLOGY,-.6084,1136 (NEW),12310 (NEW),2020,AGRICULTURAL SCIENCE,S,ENGINEERING TECHNOLOGY,S,SCIENCE FOR TECHNOLOGY,S,038,F,new,19,July,2001,male
39973,PHYSICAL SCIENCE,.5563,1003 (NEW),10317 (NEW),2020,PHYSICS,S,CHEMISTRY,C,COMBINED MATHEMATICS,C,Absent,S,new,6,March,2000,male
39529,PHYSICAL SCIENCE,.5427,1018 (NEW),10454 (NEW),2020,PHYSICS,S,CHEMISTRY,C,COMBINED MATHEMATICS,C,050,C,new,13,August,2001,male
103543,ARTS,-.8027,3045 (NEW),72276 (NEW),2020,GEOGRAPHY,S,BUDDHIST CIVILIZATION,S,SINHALA,S,022,F,new,30,May,2000,male
171127,-,-,-,-,2020,ECONOMICS,F,BUSINESS STUDIES,F,ACCOUNTING,F,040,S,new,8,November,2001,male
79719,PHYSICAL SCIENCE,.6642,824 (NEW),9280 (NEW),2020,PHYSICS,S,CHEMISTRY,C,COMBINED MATHEMATICS,B,Absent,Absent,new,19,May,2000,male
253216,ARTS,.7083,1234 (NEW),26539 (NEW),2020,POLITICAL SCIENCE,C,LOGIC & SCIENTIFIC METHOD,C,COMMUNICATION & MEDIA STUDIES,C,032,F,new,1,January,2002,male
178110,PHYSICAL SCIENCE,.2960,321 (NEW),13129 (NEW),2020,PHYSICS,S,CHEMISTRY,C,COMBINED MATHEMATICS,C,060,S,new,8,June,2000,male
295263,ARTS,-.1906,461 (NEW),59952 (NEW),2020,GEOGRAPHY,S,CARNATIC MUSIC,B,TAMIL,S,030,F,new,28,February,1999,female
23201,-,-.7387,-,-,2020,ECONOMICS,S,BUSINESS STUDIES,S,ACCOUNTING,F,Absent,S,new,19,February,2000,male
316649,-,-,-,-,2020,POLITICAL SCIENCE,Absent,COMMUNICATION & MEDIA STUDIES,Absent,SINHALA,Absent,Absent,Absent,old,24,July,1997,male
142977,-,-,-,-,2020,PHYSICS,F,CHEMISTRY,F,BIOLOGY,F,036,F,new,3,May,2001,female
208768,-,-.5022,-,-,2020,GEOGRAPHY,S,BUDDHIST CIVILIZATION,F,SINHALA,C,036,S,new,3,April,2000,female
283966,ARTS,.0248,1233 (NEW),52155 (NEW),2020,GEOGRAPHY,S,ISLAMIC CIVILIZATION,B,ARABIC,B,032,F,new,29,April,1999,female
319612,BIOLOGICAL SCIENCE,-.3874,200 (OLD),5344 (OLD),2020,PHYSICS,S,CHEMISTRY,S,BIOLOGY,S,052,S,old,2,January,2000,female
285899,COMMERCE,-.3715,414 (NEW),35691 (NEW),2020,ECONOMICS,S,BUSINESS STUDIES,S,ACCOUNTING,S,054,F,new,3,July,2000,female
160362,-,-,-,-,2020,HISTORY OF SRI LANKA & EUROPE,F,COMMUNICATION & MEDIA STUDIES,F,SINHALA,S,048,F,new,19,September,2001,female
83336,COMMERCE,1.7539,146 (NEW),1641 (NEW),2020,ECONOMICS,A,BUSINESS STUDIES,A,ACCOUNTING,A,052,Absent,new,11,October,2000,male
231035,ARTS,.3446,2583 (NEW),39977 (NEW),2020,GEOGRAPHY,C,HISTORY OF SRI LANKA & EUROPE,C,SINHALA,C,036,F,new,31,January,2001,female
185435,-,-.6189,-,-,2020,INFORMATION & COMMUNICATION TECHNOLOGY,F,BUSINESS STUDIES,S,ACCOUNTING,S,034,S,new,31,October,2001,male
233545,-,-,-,-,2020,GEOGRAPHY,F,COMMUNICATION & MEDIA STUDIES,F,SINHALA,F,030,F,new,11,April,2001,male
134871,ARTS,.4057,1645 (NEW),37664 (NEW),2020,GEOGRAPHY,C,POLITICAL SCIENCE,S,ISLAMIC CIVILIZATION,B,022,F,new,3,June,2001,female
262586,-,-,-,-,2020,INFORMATION & COMMUNICATION TECHNOLOGY,Absent,GEOGRAPHY,Absent,POLITICAL SCIENCE,Absent,Absent,Absent,new,30,May,2001,male
269650,ENGINEERING TECHNOLOGY,1.8006,12 (NEW),601 (NEW),2020,INFORMATION & COMMUNICATION TECHNOLOGY,B,ENGINEERING TECHNOLOGY,C,SCIENCE FOR TECHNOLOGY,A,062,F,new,1,March,2001,male
241360,PHYSICAL SCIENCE,-.0967,306 (NEW),17801 (NEW),2020,PHYSICS,S,CHEMISTRY,S,COMBINED MATHEMATICS,S,054,B,new,14,December,2001,male
33638,PHYSICAL SCIENCE,.9199,646 (NEW),7004 (NEW),2020,PHYSICS,B,CHEMISTRY,C,COMBINED MATHEMATICS,C,066,A,new,1,March,2001,male
93130,-,-,-,-,2020,ECONOMICS,Absent,BUSINESS STUDIES,Absent,ACCOUNTING,Absent,Absent,Absent,new,16,April,2000,female
57953,BIOSYSTEMS TECHNOLOGY,1.2881,97 (NEW),1006 (NEW),2020,AGRICULTURAL SCIENCE,C,BIO SYSTEMS TECHNOLOGY,C,SCIENCE FOR TECHNOLOGY,B,052,S,new,12,June,2001,female
114926,-,-.6707,-,-,2020,GEOGRAPHY,S,POLITICAL SCIENCE,F,SINHALA,S,048,F,new,9,February,2001,female
236883,COMMERCE,1.0008,220 (NEW),10382 (NEW),2020,ECONOMICS,A,BUSINESS STUDIES,C,ACCOUNTING,B,Absent,A,new,6,April,2000,male
70867,-,-,-,-,2020,PHYSICS,F,CHEMISTRY,S,COMBINED MATHEMATICS,F,056,S,new,29,September,2001,male
34036,PHYSICAL SCIENCE,.5050,1060 (NEW),10831 (NEW),2020,PHYSICS,C,CHEMISTRY,S,COMBINED MATHEMATICS,C,Absent,Absent,new,22,February,2000,male
190740,ARTS,.3037,2205 (NEW),41544 (NEW),2020,HISTORY OF SRI LANKA & INDIA,C,BUDDHIST CIVILIZATION,C,SINHALA,C,042,F,new,14,June,2001,female
48689,COMMERCE,-.5319,4556 (NEW),38063 (NEW),2020,ECONOMICS,S,BUSINESS STUDIES,S,ACCOUNTING,S,048,F,new,15,June,2001,female
54084,-,-.5974,-,-,2020,PHYSICS,S,CHEMISTRY,F,COMBINED MATHEMATICS,S,050,C,new,30,January,2002,female
31274,ARTS,1.2399,848 (NEW),10533 (NEW),2020,GEOGRAPHY,B,COMMUNICATION & MEDIA STUDIES,B,SINHALA,B,056,S,new,10,June,2001,female
165092,BIOLOGICAL SCIENCE,.2888,1054 (NEW),13396 (NEW),2020,CHEMISTRY,S,AGRICULTURAL SCIENCE,C,BIOLOGY,S,052,S,new,19,May,2001,male
120545,-,-,-,-,2020,PHYSICS,F,CHEMISTRY,S,BIOLOGY,F,036,C,new,4,May,2001,female
10438,PHYSICAL SCIENCE,-.2309,3255 (NEW),19156 (NEW),2020,PHYSICS,S,CHEMISTRY,S,COMBINED MATHEMATICS,S,Absent,Absent,new,24,February,2000,male
185216,-,-,-,-,2020,INFORMATION & COMMUNICATION TECHNOLOGY,Absent,BUSINESS STUDIES,Absent,ACCOUNTING,Absent,Absent,Absent,new,Major error,Major error,Major error,Major error
275213,-,-,-,-,2020,ECONOMICS,Absent,BUSINESS STUDIES,Absent,ACCOUNTING,Absent,Absent,Absent,new,21,August,1989,male
290968,-,-.1591,-,-,2020,GEOGRAPHY,F,HINDU CIVILIZATION,A,TAMIL,S,028,F,new,31,March,1999,female
137507,ARTS,1.2622,324 (NEW),10019 (NEW),2020,POLITICAL SCIENCE,C,LOGIC & SCIENTIFIC METHOD,A,SINHALA,B,042,C,new,8,April,2001,female
287165,ARTS,-.4344,1627 (NEW),66932 (NEW),2020,GEOGRAPHY,S,POLITICAL SCIENCE,S,ISLAM,C,024,F,new,24,July,2001,female
49327,COMMERCE,.2224,2836 (NEW),24001 (NEW),2020,ECONOMICS,S,BUSINESS STUDIES,C,ACCOUNTING,B,056,S,new,25,July,2001,female
10571,PHYSICAL SCIENCE,1.7525,426 (NEW),1858 (NEW),2020,PHYSICS,B,CHEMISTRY,B,COMBINED MATHEMATICS,A,Absent,Absent,new,4,September,2000,male
156942,-,-.9490,-,-,2020,ECONOMICS,F,GEOGRAPHY,S,SINHALA,S,030,F,new,9,December,2001,male
251105,ENGINEERING TECHNOLOGY,1.5163,35 (NEW),1108 (NEW),2020,INFORMATION & COMMUNICATION TECHNOLOGY,B,ENGINEERING TECHNOLOGY,C,SCIENCE FOR TECHNOLOGY,B,052,S,new,27,September,2001,male
140843,-,-,-,-,2020,PHYSICS,F,CHEMISTRY,S,BIOLOGY,F,058,F,new,15,March,2001,female
193845,ARTS,.3070,2199 (NEW),41406 (NEW),2020,GEOGRAPHY,C,POLITICAL SCIENCE,C,SINHALA,C,042,S,new,25,October,2000,female
7845,-,-,-,-,2020,PHYSICS,Absent,CHEMISTRY,Absent,COMBINED MATHEMATICS,Absent,Absent,Absent,new,21,March,1993,male
21392,COMMERCE,.2804,4335 (NEW),22923 (NEW),2020,INFORMATION & COMMUNICATION TECHNOLOGY,S,ECONOMICS,C,ACCOUNTING,S,046,C,new,10,May,2001,female
202249,-,-,-,-,2020,GEOGRAPHY,Absent,ENGINEERING TECHNOLOGY,Absent,SCIENCE FOR TECHNOLOGY,Absent,Absent,Absent,new,10,November,1965,female
213645,-,-.5045,-,-,2020,GEOGRAPHY,S,POLITICAL SCIENCE,F,SINHALA,C,038,F,new,8,September,2000,female
145379,-,-,-,-,2020,GEOGRAPHY,Absent,BUDDHIST CIVILIZATION,Absent,SINHALA,Absent,Absent,Absent,new,4,May,2000,female
128772,COMMERCE,1.2279,368 (NEW),7097 (NEW),2020,INFORMATION & COMMUNICATION TECHNOLOGY,B,ECONOMICS,C,ACCOUNTING,A,054,S,new,17,August,2000,male
70315,-,-,-,-,2020,PHYSICS,S,CHEMISTRY,F,COMBINED MATHEMATICS,F,062,B,new,20,August,2001,male
46412,BIOLOGICAL SCIENCE,-.5402,1868 (NEW),21502 (NEW),2020,PHYSICS,S,CHEMISTRY,S,BIOLOGY,S,052,C,new,27,July,2001,female
315992,ARTS,.6373,124 (OLD),2318 (OLD),2020,GEOGRAPHY,C,POLITICAL SCIENCE,C,SINHALA,B,Absent,S,old,29,August,1999,female
6098,COMMERCE,1.6329,673 (NEW),2534 (NEW),2020,ECONOMICS,A,BUSINESS STUDIES,A,ACCOUNTING,A,062,B,new,3,October,2001,female
79117,ARTS,1.1246,896 (NEW),13522 (NEW),2020,COMMUNICATION & MEDIA STUDIES,B,DANCING(INDIGENOUS),B,SINHALA,B,040,C,new,4,March,2000,female
214030,NON,.7240,-,-,2020,PHYSICS,S,COMBINED MATHEMATICS,S,INFORMATION & COMMUNICATION TECHNOLOGY,A,Absent,Absent,new,22,December,2000,female
76571,ARTS,.9835,1047 (NEW),17599 (NEW),2020,POLITICAL SCIENCE,C,ISLAM,A,ARABIC,B,030,F,new,10,July,2001,male
160300,COMMERCE,-.7309,2645 (NEW),39796 (NEW),2020,ECONOMICS,S,BUSINESS STUDIES,S,ACCOUNTING,S,036,C,new,25,May,2001,male
307638,ARTS,1.2149,31 (OLD),707 (OLD),2020,POLITICAL SCIENCE,B,HISTORY OF INDIA,A,SINHALA,A,055,S,old,22,January,2000,female
77708,ENGINEERING TECHNOLOGY,-.2599,618 (NEW),10787 (NEW),2020,INFORMATION & COMMUNICATION TECHNOLOGY,S,ENGINEERING TECHNOLOGY,S,SCIENCE FOR TECHNOLOGY,S,038,F,new,7,October,2000,male
249061,BIOSYSTEMS TECHNOLOGY,.8812,93 (NEW),2066 (NEW),2020,AGRICULTURAL SCIENCE,C,BIO SYSTEMS TECHNOLOGY,C,SCIENCE FOR TECHNOLOGY,S,030,F,new,15,January,2002,female
78410,PHYSICAL SCIENCE,.8815,639 (NEW),7324 (NEW),2020,PHYSICS,C,CHEMISTRY,B,COMBINED MATHEMATICS,B,Absent,A,new,12,December,2000,female
93385,ARTS,-.8095,3799 (NEW),72323 (NEW),2020,POLITICAL SCIENCE,S,BUDDHIST CIVILIZATION,S,SINHALA,S,040,F,new,22,August,2000,female
24701,-,-,-,-,2020,ECONOMICS,S,BUSINESS STUDIES,F,ACCOUNTING,F,060,F,new,31,March,2001,male
219375,BIOSYSTEMS TECHNOLOGY,.3838,301 (NEW),3911 (NEW),2020,GEOGRAPHY,B,BIO SYSTEMS TECHNOLOGY,S,SCIENCE FOR TECHNOLOGY,C,048,F,new,21,July,2001,female
132449,COMMERCE,-.4417,1918 (NEW),36823 (NEW),2020,ECONOMICS,S,BUSINESS STUDIES,C,ACCOUNTING,S,056,F,new,1,December,2001,male
20136,ARTS,1.4500,556 (NEW),6002 (NEW),2020,HISTORY OF SRI LANKA & INDIA,A,ENGLISH,B,JAPANESE,B,058,A,new,5,November,2001,female
140297,-,-,-,-,2020,ECONOMICS,F,COMMUNICATION & MEDIA STUDIES,F,SINHALA,S,044,S,new,30,March,2001,male
334120,-,-.8894,-,-,2020,ECONOMICS,S,BUSINESS STUDIES,F,ACCOUNTING,S,032,F,old,19,January,2000,female
309832,-,-,-,-,2020,POLITICAL SCIENCE,Absent,ISLAM,Absent,TAMIL,Absent,Absent,Absent,old,16,February,1993,male
253755,ARTS,1.5723,170 (NEW),3993 (NEW),2020,GEOGRAPHY,B,BUDDHIST CIVILIZATION,A,SINHALA,A,044,S,new,1,October,2001,female
116193,ARTS,-.7204,2369 (NEW),71645 (NEW),2020,HISTORY OF SRI LANKA & INDIA,C,HOME ECONOMICS,S,SINHALA,S,030,F,new,1,December,2001,female
96035,-,-,-,-,2020,POLITICAL SCIENCE,F,LOGIC & SCIENTIFIC METHOD,F,JAPANESE,F,044,F,new,3,April,2000,male
274520,-,-,-,-,2020,PHYSICS,Absent,CHEMISTRY,Absent,BIOLOGY,Absent,Absent,Absent,new,30,May,2000,male
268324,-,-.5565,-,-,2020,POLITICAL SCIENCE,F,ISLAM,C,ARABIC,S,016,F,new,31,March,2001,male
51649,COMMERCE,.1788,2943 (NEW),24853 (NEW),2020,ECONOMICS,C,BUSINESS STUDIES,C,ACCOUNTING,C,056,S,new,25,September,2001,male
325583,-,-,-,-,2020,PHYSICS,F,CHEMISTRY,F,COMBINED MATHEMATICS,F,063,B,old,16,September,1999,male
127600,ENGINEERING TECHNOLOGY,-.0106,621 (NEW),8905 (NEW),2020,INFORMATION & COMMUNICATION TECHNOLOGY,S,ENGINEERING TECHNOLOGY,S,SCIENCE FOR TECHNOLOGY,S,048,F,new,5,August,2001,male
269948,ARTS,.6218,1008 (NEW),29571 (NEW),2020,GEOGRAPHY,S,HINDU CIVILIZATION,B,DRAMA AND THEATRE (TAMIL),B,030,F,new,29,August,2001,female
72852,ARTS,.5553,1782 (NEW),32031 (NEW),2020,COMMUNICATION & MEDIA STUDIES,C,DRAMA AND THEATRE (SINHALA),C,SINHALA,B,038,S,new,15,December,2001,female
4829,ARTS,-.2444,4112 (NEW),61704 (NEW),2020,POLITICAL SCIENCE,S,DANCING(INDIGENOUS),S,SINHALA,C,048,C,new,11,July,2001,female
48855,COMMERCE,-.4935,4488 (NEW),37548 (NEW),2020,ECONOMICS,S,BUSINESS STUDIES,S,ACCOUNTING,S,062,S,new,7,January,2002,male
87622,ARTS,.9223,1244 (NEW),19382 (NEW),2020,POLITICAL SCIENCE,C,BUDDHIST CIVILIZATION,A,SINHALA,C,042,F,new,6,October,2000,female
204744,PHYSICAL SCIENCE,.0687,194 (NEW),15843 (NEW),2020,PHYSICS,S,CHEMISTRY,S,COMBINED MATHEMATICS,S,058,S,new,30,December,2000,female
280575,ARTS,-.3051,1691 (NEW),63589 (NEW),2020,POLITICAL SCIENCE,S,ISLAM,C,TAMIL,C,050,F,new,15,February,2001,female
295170,-,-.9626,-,-,2020,HISTORY OF SRI LANKA & EUROPE,F,HINDU CIVILIZATION,S,TAMIL,S,022,F,new,11,December,1998,female
197994,ARTS,1.3077,224 (NEW),8972 (NEW),2020,POLITICAL SCIENCE,C,BUDDHIST CIVILIZATION,A,SINHALA,A,062,S,new,20,December,2001,female
234541,COMMERCE,1.9733,2 (NEW),549 (NEW),2020,ECONOMICS,A,BUSINESS STUDIES,A,ACCOUNTING,A,058,A,new,15,May,2001,female
286638,ARTS,1.0678,311 (NEW),15073 (NEW),2020,POLITICAL SCIENCE,B,ISLAMIC CIVILIZATION,A,ARABIC,B,032,F,new,10,November,2001,female
275548,-,-,-,-,2020,POLITICAL SCIENCE,Absent,ISLAMIC CIVILIZATION,Absent,TAMIL,Absent,Absent,Absent,new,14,January,1993,female
194546,-,-,-,-,2020,POLITICAL SCIENCE,Absent,ISLAMIC CIVILIZATION,Absent,ART,Absent,Absent,Absent,new,5,September,2000,female
3242,-,-.3886,-,-,2020,PHYSICS,F,CHEMISTRY,S,BIOLOGY,S,036,S,new,18,January,2002,male
336191,COMMERCE,-.0609,16 (OLD),757 (OLD),2020,ECONOMICS,S,BUSINESS STUDIES,S,ACCOUNTING,S,050,S,old,31,October,1998,female
294080,-,-.2829,-,-,2020,PHYSICS,F,CHEMISTRY,C,BIOLOGY,S,042,F,new,20,October,2001,male
201004,-,-,-,-,2020,POLITICAL SCIENCE,Absent,HISTORY OF SRI LANKA & INDIA,Absent,SINHALA,Absent,Absent,Absent,new,11,May,1999,male
248384,ARTS,1.2752,436 (NEW),9729 (NEW),2020,POLITICAL SCIENCE,B,LOGIC & SCIENTIFIC METHOD,C,SINHALA,A,032,F,new,6,November,2001,female
280413,COMMERCE,1.0149,114 (NEW),10151 (NEW),2020,ECONOMICS,B,BUSINESS STUDIES,B,ACCOUNTING,B,048,C,new,9,March,2001,female
118973,ENGINEERING TECHNOLOGY,1.0392,192 (NEW),2521 (NEW),2020,INFORMATION & COMMUNICATION TECHNOLOGY,C,ENGINEERING TECHNOLOGY,C,SCIENCE FOR TECHNOLOGY,B,042,A,new,23,May,2000,male
123651,-,-.4519,-,-,2020,PHYSICS,C,CHEMISTRY,S,COMBINED MATHEMATICS,F,Absent,C,new,16,October,2000,male
3950,COMMERCE,1.4091,1137 (NEW),4780 (NEW),2020,INFORMATION & COMMUNICATION TECHNOLOGY,B,ECONOMICS,B,ACCOUNTING,B,058,A,new,16,August,2001,male
236316,-,-,-,-,2020,PHYSICS,F,CHEMISTRY,F,BIOLOGY,F,052,S,new,29,April,2001,female
105374,-,-1.2707,-,-,2020,ECONOMICS,F,GEOGRAPHY,S,SINHALA,S,042,F,new,27,January,2001,female
231510,ARTS,-.7476,5149 (NEW),71876 (NEW),2020,HOME ECONOMICS,S,ORIENTAL MUSIC,S,SINHALA,C,032,F,new,29,October,2000,female
119120,BIOSYSTEMS TECHNOLOGY,.5517,233 (NEW),3221 (NEW),2020,INFORMATION & COMMUNICATION TECHNOLOGY,S,BIO SYSTEMS TECHNOLOGY,C,SCIENCE FOR TECHNOLOGY,C,Absent,Absent,new,6,September,2000,female
115779,-,-.7452,-,-,2020,POLITICAL SCIENCE,S,BUDDHIST CIVILIZATION,F,SINHALA,S,042,F,new,14,March,2001,female
150774,-,-,-,-,2020,PHYSICS,F,COMBINED MATHEMATICS,F,INFORMATION & COMMUNICATION TECHNOLOGY,F,046,B,new,13,August,2001,male
46446,-,-,-,-,2020,PHYSICS,F,CHEMISTRY,F,BIOLOGY,F,042,C,new,18,September,2001,female
295777,-,-,-,-,2020,HISTORY OF SRI LANKA & EUROPE,F,DANCING(BHARATHA),F,TAMIL,F,046,Absent,new,2,April,2000,female
159982,ARTS,.4003,4153 (NEW),37876 (NEW),2020,GEOGRAPHY,C,HISTORY OF SRI LANKA & EUROPE,C,COMMUNICATION & MEDIA STUDIES,C,050,F,new,7,November,2001,female
207860,-,-.2803,-,-,2020,GEOGRAPHY,F,POLITICAL SCIENCE,C,BUDDHIST CIVILIZATION,C,038,F,new,13,September,2001,female
210197,ARTS,.3513,1094 (NEW),39755 (NEW),2020,AGRICULTURAL SCIENCE,C,GEOGRAPHY,S,SINHALA,C,048,F,new,13,April,2000,female
214995,ARTS,.6667,1767 (NEW),28007 (NEW),2020,COMMUNICATION & MEDIA STUDIES,C,DANCING(INDIGENOUS),A,SINHALA,B,044,S,new,30,April,2001,female
202131,-,-,-,-,2020,INFORMATION & COMMUNICATION TECHNOLOGY,F,BUSINESS STUDIES,F,ACCOUNTING,F,040,S,new,6,April,2001,female
77090,ENGINEERING TECHNOLOGY,1.1240,134 (NEW),2230 (NEW),2020,INFORMATION & COMMUNICATION TECHNOLOGY,C,ENGINEERING TECHNOLOGY,C,SCIENCE FOR TECHNOLOGY,B,052,C,new,4,September,2001,male
231667,-,-,-,-,2020,GEOGRAPHY,F,LOGIC & SCIENTIFIC METHOD,F,TAMIL,S,032,F,new,31,December,1999,female
57356,COMMERCE,.6603,1814 (NEW),15982 (NEW),2020,ECONOMICS,C,BUSINESS STUDIES,C,ACCOUNTING,C,056,S,new,20,October,2001,male
38705,-,-.2211,-,-,2020,INFORMATION & COMMUNICATION TECHNOLOGY,F,ENGINEERING TECHNOLOGY,C,SCIENCE FOR TECHNOLOGY,S,026,F,new,5,May,2001,male
49658,ARTS,-.0943,4370 (NEW),56593 (NEW),2020,HISTORY OF SRI LANKA & INDIA,C,COMMUNICATION & MEDIA STUDIES,S,SINHALA,C,040,B,new,19,April,2001,female
91112,ARTS,1.2767,668 (NEW),9693 (NEW),2020,INFORMATION & COMMUNICATION TECHNOLOGY,B,DANCING(INDIGENOUS),A,SINHALA,B,058,C,new,29,January,2002,female
196192,-,-1.4183,-,-,2020,GEOGRAPHY,F,HISTORY OF SRI LANKA & INDIA,S,SINHALA,S,016,F,new,25,January,2002,male
256222,-,-.2077,-,-,2020,INFORMATION & COMMUNICATION TECHNOLOGY,F,ENGINEERING TECHNOLOGY,C,SCIENCE FOR TECHNOLOGY,S,048,S,new,1,September,1995,male
136418,ARTS,1.0653,536 (NEW),15136 (NEW),2020,INFORMATION & COMMUNICATION TECHNOLOGY,C,ISLAM,A,ARABIC,A,040,A,new,28,December,1999,female
23315,COMMERCE,-.7247,7371 (NEW),39768 (NEW),2020,ECONOMICS,S,BUSINESS STUDIES,S,ACCOUNTING,S,040,S,new,9,June,2001,male
186186,ARTS,-.8894,3818 (NEW),72678 (NEW),2020,HOME ECONOMICS,S,BUDDHIST CIVILIZATION,S,SINHALA,S,032,F,new,4,December,2001,female
103069,-,-,-,-,2020,GEOGRAPHY,F,COMMUNICATION & MEDIA STUDIES,C,SINHALA,F,038,F,new,10,March,2001,male
253147,ARTS,.3479,1937 (NEW),39872 (NEW),2020,GEOGRAPHY,C,DANCING(INDIGENOUS),B,SINHALA,C,040,S,new,3,May,2001,female
270913,BIOLOGICAL SCIENCE,.7480,244 (NEW),8394 (NEW),2020,PHYSICS,S,CHEMISTRY,B,BIOLOGY,C,050,S,new,30,June,2000,female
58714,COMMERCE,-.4558,4422 (NEW),37023 (NEW),2020,ECONOMICS,S,BUSINESS STUDIES,S,ACCOUNTING,S,040,F,new,26,August,2001,male
260973,-,-,-,-,2020,INFORMATION & COMMUNICATION TECHNOLOGY,Absent,BUSINESS STUDIES,Absent,ACCOUNTING,Absent,Absent,Absent,new,27,May,2000,male
326705,-,-,-,-,2020,PHYSICS,Absent,CHEMISTRY,Absent,BIOLOGY,Absent,Absent,Absent,old,24,November,1999,male
155441,-,-,-,-,2020,GEOGRAPHY,F,HISTORY OF SRI LANKA & INDIA,F,SINHALA,C,038,F,new,17,January,2001,female
255308,ARTS,-.7612,3601 (NEW),71983 (NEW),2020,GEOGRAPHY,S,COMMUNICATION & MEDIA STUDIES,S,SINHALA,S,040,F,new,27,June,2001,male
175942,PHYSICAL SCIENCE,.9948,152 (NEW),6366 (NEW),2020,PHYSICS,C,CHEMISTRY,B,COMBINED MATHEMATICS,B,Absent,Absent,new,24,April,2000,male
198640,NON,.6875,-,-,2020,PHYSICS,C,COMBINED MATHEMATICS,C,INFORMATION & COMMUNICATION TECHNOLOGY,C,054,S,new,16,November,2000,female
252586,-,-.6410,-,-,2020,INFORMATION & COMMUNICATION TECHNOLOGY,F,ENGINEERING TECHNOLOGY,S,SCIENCE FOR TECHNOLOGY,S,050,S,new,19,July,2001,male
71849,ARTS,-.4019,3435 (NEW),66189 (NEW),2020,HISTORY OF SRI LANKA & INDIA,S,COMMUNICATION & MEDIA STUDIES,S,SINHALA,C,040,F,new,26,September,2001,male
322476,ARTS,1.1697,76 (OLD),819 (OLD),2020,COMMUNICATION & MEDIA STUDIES,B,BUDDHIST CIVILIZATION,A,SINHALA,B,040,S,old,1,June,1999,female
15562,-,-,-,-,2020,ECONOMICS,Absent,BUSINESS STUDIES,Absent,ACCOUNTING,Absent,Absent,Absent,new,22,September,2000,female
62377,-,-,-,-,2020,INFORMATION & COMMUNICATION TECHNOLOGY,Absent,ENGINEERING TECHNOLOGY,Absent,SCIENCE FOR TECHNOLOGY,F,Absent,Absent,new,7,October,2000,male
334770,-,-,-,-,2020,HISTORY OF EUROPE,Absent,ISLAM,Absent,ARABIC,Absent,Absent,Absent,old,Invalid nic error,Invalid nic error,Invalid nic error,
167042,ARTS,.0722,5428 (NEW),50434 (NEW),2020,GEOGRAPHY,S,POLITICAL SCIENCE,C,CHRISTIANITY,B,042,S,new,6,October,2001,female
223183,-,-,-,-,2020,GEOGRAPHY,Absent,COMMUNICATION & MEDIA STUDIES,Absent,SINHALA,Absent,Absent,Absent,new,24,June,2000,female
7650,-,-,-,-,2020,POLITICAL SCIENCE,Absent,COMMUNICATION & MEDIA STUDIES,Absent,SINHALA,Absent,Absent,Absent,new,14,September,2000,female
195589,ARTS,-.0373,2863 (NEW),54487 (NEW),2020,POLITICAL SCIENCE,S,BUDDHIST CIVILIZATION,C,SINHALA,C,034,S,new,27,May,2001,male
27206,COMMERCE,.1878,4637 (NEW),24667 (NEW),2020,ECONOMICS,C,BUSINESS STUDIES,C,ACCOUNTING,S,038,S,new,9,May,2000,female
264751,ARTS,-.5612,2538 (NEW),69546 (NEW),2020,POLITICAL SCIENCE,S,BUDDHIST CIVILIZATION,S,SINHALA,S,030,F,new,19,July,1999,female
100501,-,-,-,-,2020,GEOGRAPHY,Absent,HISTORY OF SRI LANKA & EUROPE,Absent,COMMUNICATION & MEDIA STUDIES,Absent,Absent,Absent,new,Invalid nic error,Invalid nic error,Invalid nic error,
274593,-,-,-,-,2020,POLITICAL SCIENCE,F,HINDUISM,C,TAMIL,F,046,F,new,6,June,2000,female
254428,ARTS,.8050,1090 (NEW),23286 (NEW),2020,POLITICAL SCIENCE,C,HINDU CIVILIZATION,B,TAMIL,C,028,F,new,17,August,2001,female
114972,-,-.9576,-,-,2020,GEOGRAPHY,S,HISTORY OF SRI LANKA & INDIA,S,SINHALA,F,042,S,new,4,May,2001,male
56314,COMMERCE,.8370,1474 (NEW),13005 (NEW),2020,ECONOMICS,B,BUSINESS STUDIES,B,ACCOUNTING,C,028,S,new,19,May,2001,female
202946,ENGINEERING TECHNOLOGY,1.3850,42 (NEW),1434 (NEW),2020,INFORMATION & COMMUNICATION TECHNOLOGY,B,ENGINEERING TECHNOLOGY,C,SCIENCE FOR TECHNOLOGY,B,060,S,new,6,March,2001,male
107684,-,-,-,-,2020,INFORMATION & COMMUNICATION TECHNOLOGY,F,ENGINEERING TECHNOLOGY,F,SCIENCE FOR TECHNOLOGY,F,026,F,new,18,June,2001,male
13548,COMMERCE,1.3259,1347 (NEW),5818 (NEW),2020,ECONOMICS,A,BUSINESS STATISTICS,B,ACCOUNTING,A,066,A,new,27,March,2001,female
32170,PHYSICAL SCIENCE,-.1753,3169 (NEW),18626 (NEW),2020,PHYSICS,S,CHEMISTRY,S,COMBINED MATHEMATICS,S,Absent,Absent,new,4,March,2000,male
40973,-,-.3456,-,-,2020,PHYSICS,F,CHEMISTRY,C,BIOLOGY,S,052,S,new,14,December,2001,female
172129,-,-,-,-,2020,INFORMATION & COMMUNICATION TECHNOLOGY,F,GEOGRAPHY,F,SINHALA,S,052,F,new,1,April,2001,male
29312,COMMERCE,.8066,2661 (NEW),13528 (NEW),2020,ECONOMICS,B,BUSINESS STUDIES,C,ACCOUNTING,C,036,F,new,17,November,2000,male
55945,ARTS,.2972,3233 (NEW),41794 (NEW),2020,POLITICAL SCIENCE,S,HISTORY OF SRI LANKA & INDIA,C,HOME ECONOMICS,C,032,F,new,13,November,2001,female
227235,ARTS,.5744,1974 (NEW),31324 (NEW),2020,GEOGRAPHY,C,LOGIC & SCIENTIFIC METHOD,C,SINHALA,B,036,S,new,28,February,2001,female
7168,COMMERCE,-.5030,6975 (NEW),37669 (NEW),2020,ECONOMICS,S,BUSINESS STUDIES,S,ACCOUNTING,S,052,C,new,6,October,2001,male
117345,-,-.6483,-,-,2020,ECONOMICS,S,BUSINESS STUDIES,S,ACCOUNTING,F,Absent,Absent,new,11,March,2000,male
76475,BIOLOGICAL SCIENCE,1.2817,246 (NEW),4199 (NEW),2020,PHYSICS,C,CHEMISTRY,B,BIOLOGY,B,060,C,new,16,March,2000,female
91753,COMMERCE,1.5925,232 (NEW),2851 (NEW),2020,ECONOMICS,A,BUSINESS STUDIES,A,ACCOUNTING,A,Absent,Absent,new,24,November,2000,female
90840,COMMERCE,.2636,1518 (NEW),23249 (NEW),2020,ECONOMICS,C,BUSINESS STUDIES,C,ACCOUNTING,C,Absent,F,new,8,August,2000,female
133804,-,-.6335,-,-,2020,AGRICULTURAL SCIENCE,S,BIO SYSTEMS TECHNOLOGY,S,SCIENCE FOR TECHNOLOGY,F,048,F,new,17,October,2001,female
53287,PHYSICAL SCIENCE,1.1678,456 (NEW),5096 (NEW),2020,PHYSICS,C,CHEMISTRY,C,COMBINED MATHEMATICS,B,074,C,new,8,November,2001,male
264899,-,-.0022,-,-,2020,PHYSICS,C,CHEMISTRY,C,COMBINED MATHEMATICS,F,040,F,new,26,April,2000,female
122612,ENGINEERING TECHNOLOGY,.9932,201 (NEW),2684 (NEW),2020,INFORMATION & COMMUNICATION TECHNOLOGY,S,ENGINEERING TECHNOLOGY,B,SCIENCE FOR TECHNOLOGY,B,Absent,C,new,14,April,2000,male
323402,ARTS,1.5161,23 (OLD),232 (OLD),2020,GEOGRAPHY,C,HOME ECONOMICS,A,DRAMA AND THEATRE (SINHALA),A,032,F,old,21,September,1999,female
241380,COMMERCE,.6174,383 (NEW),16750 (NEW),2020,ECONOMICS,B,BUSINESS STUDIES,B,ACCOUNTING,C,038,F,new,23,July,2001,female
67737,COMMERCE,1.0686,672 (NEW),9381 (NEW),2020,ECONOMICS,A,BUSINESS STUDIES,A,ACCOUNTING,C,Absent,S,new,26,September,2000,male
156652,ARTS,-.1689,6264 (NEW),59195 (NEW),2020,POLITICAL SCIENCE,S,HISTORY OF SRI LANKA & INDIA,C,BUDDHIST CIVILIZATION,C,056,S,new,4,August,2001,male
113165,ARTS,.0308,1813 (NEW),51940 (NEW),2020,AGRICULTURAL SCIENCE,S,DANCING(INDIGENOUS),B,SINHALA,C,048,F,new,7,December,2001,female
49471,COMMERCE,.3176,2602 (NEW),22180 (NEW),2020,INFORMATION & COMMUNICATION TECHNOLOGY,S,BUSINESS STUDIES,C,ACCOUNTING,C,050,A,new,12,July,2002,male
244580,BIOLOGICAL SCIENCE,1.4415,75 (NEW),3289 (NEW),2020,PHYSICS,C,CHEMISTRY,A,BIOLOGY,B,Absent,Absent,new,20,December,2000,female
100525,ARTS,.7237,1335 (NEW),26012 (NEW),2020,GEOGRAPHY,B,POLITICAL SCIENCE,B,SINHALA,C,038,S,new,21,February,2001,female
293217,PHYSICAL SCIENCE,.3228,39 (NEW),12837 (NEW),2020,PHYSICS,S,CHEMISTRY,C,COMBINED MATHEMATICS,C,058,S,new,11,June,2001,male
253387,ARTS,.2512,2121 (NEW),43567 (NEW),2020,POLITICAL SCIENCE,C,BUDDHIST CIVILIZATION,C,SINHALA,C,032,F,new,30,June,2001,female
89892,PHYSICAL SCIENCE,1.3218,369 (NEW),4068 (NEW),2020,PHYSICS,C,CHEMISTRY,B,COMBINED MATHEMATICS,B,068,S,new,8,June,2001,female
46501,-,-,-,-,2020,ECONOMICS,F,BUSINESS STUDIES,S,ACCOUNTING,F,040,S,new,14,July,2001,female
42032,ARTS,.1870,3561 (NEW),46052 (NEW),2020,HISTORY OF SRI LANKA & INDIA,C,COMMUNICATION & MEDIA STUDIES,S,BUDDHIST CIVILIZATION,C,038,Absent,new,21,August,2000,male
89400,ENGINEERING TECHNOLOGY,.4495,340 (NEW),5512 (NEW),2020,INFORMATION & COMMUNICATION TECHNOLOGY,C,ENGINEERING TECHNOLOGY,S,SCIENCE FOR TECHNOLOGY,C,040,F,new,18,October,2001,male
260007,ARTS,.4488,1165 (NEW),36013 (NEW),2020,AGRICULTURAL SCIENCE,S,COMMUNICATION & MEDIA STUDIES,B,SINHALA,C,030,F,new,22,April,2000,female
254783,ENGINEERING TECHNOLOGY,-.1847,443 (NEW),10251 (NEW),2020,INFORMATION & COMMUNICATION TECHNOLOGY,S,ENGINEERING TECHNOLOGY,S,SCIENCE FOR TECHNOLOGY,S,036,F,new,12,July,2001,female
171467,COMMERCE,.0318,1888 (NEW),27721 (NEW),2020,ECONOMICS,C,BUSINESS STUDIES,C,ACCOUNTING,S,036,F,new,21,September,2001,male
163505,ARTS,-.0360,5816 (NEW),54435 (NEW),2020,POLITICAL SCIENCE,C,COMMUNICATION & MEDIA STUDIES,S,DRAMA AND THEATRE (SINHALA),C,030,S,new,5,January,2002,female
254027,ARTS,-.2713,3099 (NEW),62521 (NEW),2020,HISTORY OF SRI LANKA & INDIA,C,COMMUNICATION & MEDIA STUDIES,S,DRAMA AND THEATRE (SINHALA),C,024,F,new,29,December,2001,male
59267,BIOSYSTEMS TECHNOLOGY,.6005,235 (NEW),3037 (NEW),2020,AGRICULTURAL SCIENCE,C,BIO SYSTEMS TECHNOLOGY,C,SCIENCE FOR TECHNOLOGY,C,038,F,new,21,February,2001,female
142002,BIOLOGICAL SCIENCE,.9862,234 (NEW),6321 (NEW),2020,PHYSICS,C,CHEMISTRY,B,BIOLOGY,C,058,S,new,14,May,2000,male
114871,COMMERCE,-.1315,635 (NEW),31053 (NEW),2020,ECONOMICS,S,BUSINESS STUDIES,C,ACCOUNTING,S,044,F,new,7,July,2001,female
6783,PHYSICAL SCIENCE,2.1344,200 (NEW),652 (NEW),2020,PHYSICS,A,CHEMISTRY,A,COMBINED MATHEMATICS,A,062,B,new,19,April,2001,male
189731,-,-,-,-,2020,ECONOMICS,Absent,BUSINESS STUDIES,Absent,ACCOUNTING,Absent,Absent,Absent,new,18,July,1992,female
252152,-,-.1204,-,-,2020,CHEMISTRY,F,AGRICULTURAL SCIENCE,C,BIOLOGY,S,052,S,new,18,May,2001,female
274842,-,-,-,-,2020,AGRICULTURAL SCIENCE,F,POLITICAL SCIENCE,F,TAMIL,S,032,S,new,2,March,2001,male
36747,COMMERCE,2.0653,22 (NEW),305 (NEW),2020,ECONOMICS,A,BUSINESS STUDIES,A,ACCOUNTING,A,070,B,new,18,October,2001,female
183503,-,-.0082,-,-,2020,PHYSICS,F,CHEMISTRY,C,BIOLOGY,S,Absent,Absent,new,8,March,2000,female
334151,-,-,-,-,2020,PHYSICS,F,CHEMISTRY,F,COMBINED MATHEMATICS,F,Absent,Absent,old,17,December,1998,male
171805,-,-.2598,-,-,2020,ECONOMICS,S,BUSINESS STUDIES,C,ACCOUNTING,F,052,S,new,1,August,2001,female
128454,ARTS,.8227,1517 (NEW),22673 (NEW),2020,COMMUNICATION & MEDIA STUDIES,B,DANCING(INDIGENOUS),C,SINHALA,A,038,S,new,13,December,2001,female
87869,-,-,-,-,2020,AGRICULTURAL SCIENCE,F,BIO SYSTEMS TECHNOLOGY,F,SCIENCE FOR TECHNOLOGY,F,028,F,new,28,December,2001,male
266273,ARTS,-.0214,1928 (NEW),53926 (NEW),2020,HISTORY OF SRI LANKA & EUROPE,C,BUDDHIST CIVILIZATION,S,SINHALA,C,042,F,new,29,October,2001,female
322980,PHYSICAL SCIENCE,.1621,139 (OLD),1083 (OLD),2020,PHYSICS,C,CHEMISTRY,S,COMBINED MATHEMATICS,C,Absent,Absent,old,21,November,1999,female
275689,-,-,-,-,2020,POLITICAL SCIENCE,Absent,DRAMA AND THEATRE (TAMIL),Absent,TAMIL,Absent,Absent,Absent,new,25,January,2001,male
298854,BIOSYSTEMS TECHNOLOGY,1.1473,26 (NEW),1310 (NEW),2020,AGRICULTURAL SCIENCE,C,BIO SYSTEMS TECHNOLOGY,B,SCIENCE FOR TECHNOLOGY,C,038,F,new,10,October,2001,female
96091,-,-,-,-,2020,AGRICULTURAL SCIENCE,F,POLITICAL SCIENCE,F,COMMUNICATION & MEDIA STUDIES,F,030,F,new,17,September,2001,male
105506,BIOSYSTEMS TECHNOLOGY,-.3934,315 (NEW),7097 (NEW),2020,INFORMATION & COMMUNICATION TECHNOLOGY,S,BIO SYSTEMS TECHNOLOGY,S,SCIENCE FOR TECHNOLOGY,S,052,F,new,15,April,2000,male
29496,COMMERCE,-.2974,6418 (NEW),34328 (NEW),2020,INFORMATION & COMMUNICATION TECHNOLOGY,S,BUSINESS STUDIES,C,ACCOUNTING,S,056,C,new,29,September,2001,male
26986,-,-.9398,-,-,2020,GEOGRAPHY,F,BUDDHIST CIVILIZATION,S,SINHALA,S,046,F,new,30,September,2001,male
119781,ARTS,.2183,2726 (NEW),44852 (NEW),2020,HOME ECONOMICS,C,COMMUNICATION & MEDIA STUDIES,S,BUDDHIST CIVILIZATION,C,052,F,new,25,April,2001,female
124483,-,-,-,-,2020,GEOGRAPHY,Absent,COMMUNICATION & MEDIA STUDIES,Absent,SINHALA,Absent,Absent,Absent,new,7,November,1999,female
273575,-,-,-,-,2020,ECONOMICS,S,BUSINESS STUDIES,F,ACCOUNTING,F,050,S,new,19,March,2001,female
201338,ARTS,.6208,657 (NEW),29615 (NEW),2020,AGRICULTURAL SCIENCE,S,GEOGRAPHY,B,SINHALA,B,048,F,new,27,February,2000,female
87163,ENGINEERING TECHNOLOGY,-.3090,632 (NEW),11110 (NEW),2020,INFORMATION & COMMUNICATION TECHNOLOGY,S,ENGINEERING TECHNOLOGY,S,SCIENCE FOR TECHNOLOGY,S,Absent,S,new,12,April,2000,male
327590,BIOLOGICAL SCIENCE,.1998,150 (OLD),3694 (OLD),2020,PHYSICS,S,CHEMISTRY,S,BIOLOGY,B,Absent,Absent,old,21,July,1999,female
95177,-,-.6924,-,-,2020,COMMUNICATION & MEDIA STUDIES,F,DANCING(INDIGENOUS),S,SINHALA,C,030,F,new,10,May,2000,female
76221,COMMERCE,.2672,1574 (NEW),23181 (NEW),2020,ECONOMICS,C,BUSINESS STUDIES,B,ACCOUNTING,S,034,S,new,21,April,2001,female
296883,ARTS,-.2189,467 (NEW),60865 (NEW),2020,HISTORY OF SRI LANKA & EUROPE,C,HINDU CIVILIZATION,C,DRAMA AND THEATRE (TAMIL),C,028,F,new,19,January,2001,male
164057,ARTS,-.4896,7131 (NEW),68146 (NEW),2020,COMMUNICATION & MEDIA STUDIES,S,BUDDHIST CIVILIZATION,S,SINHALA,C,036,F,new,25,January,2002,male
163261,-,-,-,-,2020,ECONOMICS,F,LOGIC & SCIENTIFIC METHOD,F,SINHALA,B,036,F,new,23,October,2001,female
3620,ENGINEERING TECHNOLOGY,2.8580,3 (NEW),26 (NEW),2020,INFORMATION & COMMUNICATION TECHNOLOGY,A,ENGINEERING TECHNOLOGY,A,SCIENCE FOR TECHNOLOGY,A,062,B,new,6,November,2001,male
286526,ARTS,1.0729,308 (NEW),14955 (NEW),2020,GEOGRAPHY,B,POLITICAL SCIENCE,B,ISLAM,A,056,F,new,22,November,2001,male
152680,PHYSICAL SCIENCE,-.0813,1388 (NEW),17605 (NEW),2020,PHYSICS,S,CHEMISTRY,C,COMBINED MATHEMATICS,S,062,F,new,9,July,2001,female
281516,-,-.1758,-,-,2020,AGRICULTURAL SCIENCE,F,HISTORY OF SRI LANKA & EUROPE,C,TAMIL,C,038,F,new,27,February,2001,female
301815,-,-,-,-,2020,PHYSICS,F,CHEMISTRY,F,BIOLOGY,S,038,S,new,15,November,2000,female
220373,-,-.7071,-,-,2020,ECONOMICS,F,BUSINESS STUDIES,S,ACCOUNTING,S,064,S,new,16,March,2001,male
318986,-,-,-,-,2020,AGRICULTURAL SCIENCE,Absent,BIO SYSTEMS TECHNOLOGY,Absent,SCIENCE FOR TECHNOLOGY,Absent,Absent,Absent,old,5,September,1999,male
33643,PHYSICAL SCIENCE,.0166,1654 (NEW),16460 (NEW),2020,PHYSICS,S,CHEMISTRY,S,COMBINED MATHEMATICS,S,076,B,new,9,June,2001,male
333260,-,-,-,-,2020,ECONOMICS,Absent,BUSINESS STATISTICS,Absent,ACCOUNTING,Absent,Absent,Absent,old,25,November,1999,female
4244,PHYSICAL SCIENCE,-.0468,2969 (NEW),17200 (NEW),2020,PHYSICS,S,CHEMISTRY,S,COMBINED MATHEMATICS,S,074,A,new,12,June,2001,male
219454,-,-,-,-,2020,PHYSICS,F,CHEMISTRY,F,BIOLOGY,F,050,B,new,7,May,2000,female
101281,-,-.7413,-,-,2020,ECONOMICS,F,BUSINESS STUDIES,S,ACCOUNTING,S,042,F,new,13,November,2001,male
133323,-,-.2078,-,-,2020,GEOGRAPHY,C,POLITICAL SCIENCE,F,BUDDHIST CIVILIZATION,S,048,Absent,new,25,December,1988,female
32935,ENGINEERING TECHNOLOGY,-.1166,1118 (NEW),9733 (NEW),2020,ART,C,ENGINEERING TECHNOLOGY,C,SCIENCE FOR TECHNOLOGY,S,040,F,new,24,October,2001,male
87538,-,-,-,-,2020,AGRICULTURAL SCIENCE,Absent,AGRO TECHNOLOGY,Absent,GEOGRAPHY,Absent,Absent,Absent,new,17,June,2000,female
204324,-,-,-,-,2020,POLITICAL SCIENCE,F,COMMUNICATION & MEDIA STUDIES,F,SINHALA,C,032,F,new,6,November,1985,male
166993,ARTS,.3625,4300 (NEW),39285 (NEW),2020,POLITICAL SCIENCE,S,HISTORY OF SRI LANKA & INDIA,C,SINHALA,B,036,S,new,22,February,2001,female
75255,PHYSICAL SCIENCE,1.9492,48 (NEW),1134 (NEW),2020,PHYSICS,B,CHEMISTRY,A,COMBINED MATHEMATICS,A,080,C,new,17,January,2002,male
98835,BIOLOGICAL SCIENCE,.7396,485 (NEW),8479 (NEW),2020,PHYSICS,C,CHEMISTRY,B,BIOLOGY,S,062,C,new,18,July,2001,female
297232,-,-,-,-,2020,PHYSICS,Absent,CHEMISTRY,Absent,BIOLOGY,Absent,Absent,Absent,new,17,August,2000,male
45418,COMMERCE,.6716,1788 (NEW),15791 (NEW),2020,ECONOMICS,C,BUSINESS STUDIES,C,ACCOUNTING,C,044,B,new,15,October,2001,female
190536,-,-.2317,-,-,2020,INFORMATION & COMMUNICATION TECHNOLOGY,F,ENGINEERING TECHNOLOGY,C,SCIENCE FOR TECHNOLOGY,S,038,F,new,20,December,2001,male
125318,-,-.4995,-,-,2020,INFORMATION & COMMUNICATION TECHNOLOGY,F,BIO SYSTEMS TECHNOLOGY,S,SCIENCE FOR TECHNOLOGY,S,044,F,new,18,May,2001,female
303578,PHYSICAL SCIENCE,.1921,621 (NEW),14334 (NEW),2020,PHYSICS,S,CHEMISTRY,S,COMBINED MATHEMATICS,C,060,S,new,6,January,2001,female
17071,-,-,-,-,2020,INFORMATION & COMMUNICATION TECHNOLOGY,F,ENGINEERING TECHNOLOGY,C,SCIENCE FOR TECHNOLOGY,F,050,F,new,3,November,2001,male
102838,-,-,-,-,2020,PHYSICS,Absent,CHEMISTRY,Absent,BIOLOGY,Absent,Absent,Absent,new,9,October,2001,male
332621,-,-,-,-,2020,ECONOMICS,Absent,BUSINESS STUDIES,Absent,ACCOUNTING,Absent,Absent,Absent,old,29,October,1999,male
78902,COMMERCE,1.0614,691 (NEW),9481 (NEW),2020,ECONOMICS,B,BUSINESS STUDIES,B,ACCOUNTING,B,050,A,new,17,December,2001,female
331955,BIOLOGICAL SCIENCE,.1425,302 (OLD),3875 (OLD),2020,PHYSICS,S,CHEMISTRY,C,BIOLOGY,C,Absent,Absent,old,30,April,1999,female
331621,-,-,-,-,2020,HISTORY OF INDIA,Absent,COMMUNICATION & MEDIA STUDIES,Absent,BUSINESS STUDIES,Absent,Absent,Absent,old,30,March,1998,female
52013,ARTS,1.5437,376 (NEW),4380 (NEW),2020,POLITICAL SCIENCE,A,COMMUNICATION & MEDIA STUDIES,B,BUDDHIST CIVILIZATION,A,042,C,new,29,January,2001,male
119082,COMMERCE,.4415,1025 (NEW),19825 (NEW),2020,ECONOMICS,C,BUSINESS STUDIES,C,ACCOUNTING,C,036,S,new,23,December,2000,female
321719,-,-,-,-,2020,PHYSICS,F,CHEMISTRY,F,BIOLOGY,S,045,F,old,29,March,1997,female
3124,-,-,-,-,2020,INFORMATION & COMMUNICATION TECHNOLOGY,F,ISLAM,F,ENGLISH,F,024,S,new,22,October,2000,male
139484,ARTS,-.0874,2544 (NEW),56334 (NEW),2020,HOME ECONOMICS,C,COMMUNICATION & MEDIA STUDIES,S,BUDDHIST CIVILIZATION,S,046,F,new,2,April,2001,female
215832,-,-,-,-,2020,GEOGRAPHY,Absent,POLITICAL SCIENCE,Absent,TAMIL,Absent,Absent,Absent,new,26,December,2000,female
124984,BIOLOGICAL SCIENCE,-.1278,904 (NEW),18519 (NEW),2020,PHYSICS,S,CHEMISTRY,S,BIOLOGY,S,026,F,new,24,November,2001,male
93639,-,-.6759,-,-,2020,INFORMATION & COMMUNICATION TECHNOLOGY,F,ENGINEERING TECHNOLOGY,S,SCIENCE FOR TECHNOLOGY,S,026,F,new,25,October,2001,male
180599,ARTS,.3759,1313 (NEW),38796 (NEW),2020,POLITICAL SCIENCE,C,ISLAM,B,TAMIL,C,042,S,new,28,February,2001,female
251401,PHYSICAL SCIENCE,1.6210,73 (NEW),2440 (NEW),2020,PHYSICS,B,CHEMISTRY,B,COMBINED MATHEMATICS,A,Absent,A,new,12,August,2000,female
128815,-,-,-,-,2020,CHEMISTRY,F,AGRICULTURAL SCIENCE,S,BIOLOGY,F,Absent,Absent,new,1,November,2000,female
255749,-,-,-,-,2020,GEOGRAPHY,F,BUDDHIST CIVILIZATION,F,SINHALA,C,022,F,new,21,June,2001,female
45139,COMMERCE,.8371,1472 (NEW),13002 (NEW),2020,ECONOMICS,C,BUSINESS STUDIES,B,ACCOUNTING,C,Absent,S,new,24,June,2000,female
237000,-,-,-,-,2020,GEOGRAPHY,F,POLITICAL SCIENCE,F,TAMIL,C,026,F,new,23,September,2001,female
300349,ARTS,.9668,478 (NEW),18098 (NEW),2020,GEOGRAPHY,C,ART,B,TAMIL,B,022,F,new,24,November,2001,female
197417,ARTS,.5513,708 (NEW),32179 (NEW),2020,HOME ECONOMICS,C,COMMUNICATION & MEDIA STUDIES,C,HINDI,C,040,F,new,20,November,2000,female
238752,ARTS,-.2481,2019 (NEW),61817 (NEW),2020,GEOGRAPHY,S,POLITICAL SCIENCE,S,TAMIL,C,050,B,new,18,June,2001,female
34015,PHYSICAL SCIENCE,.7054,859 (NEW),8910 (NEW),2020,PHYSICS,C,CHEMISTRY,C,COMBINED MATHEMATICS,C,Absent,Absent,new,8,May,2000,male
230455,BIOSYSTEMS TECHNOLOGY,.3367,323 (NEW),4102 (NEW),2020,AGRICULTURAL SCIENCE,S,BIO SYSTEMS TECHNOLOGY,C,SCIENCE FOR TECHNOLOGY,S,028,S,new,6,August,2001,female
256029,ARTS,.7514,1170 (NEW),25056 (NEW),2020,HISTORY OF SRI LANKA & INDIA,B,BUDDHIST CIVILIZATION,C,SINHALA,B,036,F,new,25,June,2000,female
22714,-,-,-,-,2020,AGRICULTURAL SCIENCE,Absent,BIO SYSTEMS TECHNOLOGY,Absent,SCIENCE FOR TECHNOLOGY,Absent,Absent,Absent,new,26,January,2001,male
276826,ARTS,1.0251,356 (NEW),16329 (NEW),2020,AGRICULTURAL SCIENCE,C,HISTORY OF SRI LANKA & EUROPE,A,TAMIL,B,038,F,new,4,April,2001,female
260431,COMMERCE,1.5031,80 (NEW),3723 (NEW),2020,ECONOMICS,A,BUSINESS STUDIES,B,ACCOUNTING,B,056,S,new,18,May,2000,female
297334,-,-,-,-,2020,POLITICAL SCIENCE,F,HINDU CIVILIZATION,F,TAMIL,S,022,F,new,13,April,2001,female
21837,-,-,-,-,2020,POLITICAL SCIENCE,F,BUDDHIST CIVILIZATION,F,SINHALA,S,028,F,new,26,June,2001,female
53625,-,-,-,-,2020,POLITICAL SCIENCE,F,HISTORY OF SRI LANKA & INDIA,F,CHRISTIANITY,C,026,F,new,3,July,2001,female
135392,COMMERCE,-.3643,1367 (NEW),35564 (NEW),2020,ECONOMICS,S,BUSINESS STUDIES,C,ACCOUNTING,S,040,F,new,2,May,2001,female
327089,-,-,-,-,2020,GEOGRAPHY,Absent,POLITICAL SCIENCE,Absent,SINHALA,Absent,Absent,Absent,old,17,May,1995,female
173331,-,-.6521,-,-,2020,PHYSICS,F,CHEMISTRY,S,BIOLOGY,S,050,F,new,29,August,2000,male
192033,-,-.9446,-,-,2020,GEOGRAPHY,S,HISTORY OF SRI LANKA & EUROPE,F,SINHALA,S,022,F,new,4,June,2000,male
276523,COMMERCE,-.2454,478 (NEW),33379 (NEW),2020,ECONOMICS,S,BUSINESS STUDIES,S,ACCOUNTING,C,054,F,new,28,October,2001,male
70015,-,-.5479,-,-,2020,PHYSICS,F,CHEMISTRY,S,BIOLOGY,S,Absent,C,new,4,August,2000,female
300158,BIOLOGICAL SCIENCE,.2447,610 (NEW),13915 (NEW),2020,PHYSICS,S,CHEMISTRY,C,BIOLOGY,C,054,F,new,17,October,2000,male
126937,COMMERCE,-.0686,1568 (NEW),29755 (NEW),2020,INFORMATION & COMMUNICATION TECHNOLOGY,S,ECONOMICS,C,ACCOUNTING,S,034,S,new,3,June,2000,female
64886,-,-,-,-,2020,HISTORY OF SRI LANKA & INDIA,F,DANCING(INDIGENOUS),F,SINHALA,S,042,F,new,2,September,2000,female
198758,BIOSYSTEMS TECHNOLOGY,-.4692,155 (NEW),7308 (NEW),2020,AGRICULTURAL SCIENCE,S,BIO SYSTEMS TECHNOLOGY,S,SCIENCE FOR TECHNOLOGY,S,034,F,new,22,January,2001,male
131737,-,-,-,-,2020,COMMUNICATION & MEDIA STUDIES,Absent,BUDDHIST CIVILIZATION,Absent,SINHALA,Absent,Absent,Absent,new,25,July,2000,female
45225,-,-,-,-,2020,INFORMATION & COMMUNICATION TECHNOLOGY,F,ENGINEERING TECHNOLOGY,F,SCIENCE FOR TECHNOLOGY,F,034,F,new,26,December,2001,male
242629,-,-,-,-,2020,GEOGRAPHY,S,POLITICAL SCIENCE,F,TAMIL,F,022,F,new,23,July,2001,female
46442,ARTS,.1593,3651 (NEW),47117 (NEW),2020,ECONOMICS,S,COMMUNICATION & MEDIA STUDIES,C,JAPANESE,C,030,S,new,17,September,2001,female
65714,-,-.3947,-,-,2020,PHYSICS,S,CHEMISTRY,F,COMBINED MATHEMATICS,C,060,C,new,7,April,2001,female
165995,-,-,-,-,2020,PHYSICS,F,CHEMISTRY,F,BIOLOGY,F,048,S,new,25,September,2001,female
179283,BIOSYSTEMS TECHNOLOGY,1.3300,21 (NEW),923 (NEW),2020,INFORMATION & COMMUNICATION TECHNOLOGY,C,BIO SYSTEMS TECHNOLOGY,B,SCIENCE FOR TECHNOLOGY,B,050,A,new,11,December,2001,female
318982,ARTS,-.0061,83 (OLD),4279 (OLD),2020,POLITICAL SCIENCE,S,COMMUNICATION & MEDIA STUDIES,S,BUDDHIST CIVILIZATION,C,042,Absent,old,31,December,1999,male
163582,ARTS,.1218,5228 (NEW),48553 (NEW),2020,GEOGRAPHY,S,BUDDHIST CIVILIZATION,S,SINHALA,B,034,F,new,23,December,2001,female
131841,ARTS,-1.0386,4097 (NEW),72932 (NEW),2020,POLITICAL SCIENCE,S,CHRISTIANITY,S,TAMIL,S,022,F,new,4,June,2001,female
57584,BIOLOGICAL SCIENCE,-.0149,1480 (NEW),17188 (NEW),2020,CHEMISTRY,S,AGRICULTURAL SCIENCE,C,BIOLOGY,S,040,F,new,30,June,2001,female
166157,ENGINEERING TECHNOLOGY,-.3665,1062 (NEW),11429 (NEW),2020,INFORMATION & COMMUNICATION TECHNOLOGY,S,ENGINEERING TECHNOLOGY,S,SCIENCE FOR TECHNOLOGY,S,050,S,new,8,August,2001,male
102286,COMMERCE,.4505,899 (NEW),19653 (NEW),2020,ECONOMICS,C,BUSINESS STUDIES,C,ACCOUNTING,B,040,F,new,15,August,2001,female
173291,PHYSICAL SCIENCE,.1412,1178 (NEW),14950 (NEW),2020,PHYSICS,C,CHEMISTRY,S,COMBINED MATHEMATICS,S,080,A,new,24,July,2001,male
125322,-,-.1748,-,-,2020,INFORMATION & COMMUNICATION TECHNOLOGY,S,BIO SYSTEMS TECHNOLOGY,F,SCIENCE FOR TECHNOLOGY,C,056,F,new,17,July,2001,male
126684,-,-.6489,-,-,2020,AGRICULTURAL SCIENCE,F,BIO SYSTEMS TECHNOLOGY,S,SCIENCE FOR TECHNOLOGY,S,030,F,new,9,May,2001,male
298979,ARTS,.5892,812 (NEW),30800 (NEW),2020,GEOGRAPHY,C,COMMUNICATION & MEDIA STUDIES,C,TAMIL,B,038,S,new,7,November,2001,female
273789,-,-.5674,-,-,2020,POLITICAL SCIENCE,S,ISLAMIC CIVILIZATION,F,TAMIL,C,044,F,new,30,May,2001,female
80855,-,-,-,-,2020,PHYSICS,S,CHEMISTRY,F,COMBINED MATHEMATICS,F,Absent,S,new,3,September,2000,male
72727,COMMERCE,-.2634,2256 (NEW),33702 (NEW),2020,ECONOMICS,S,BUSINESS STUDIES,C,ACCOUNTING,S,048,S,new,10,October,2001,male
134535,BIOSYSTEMS TECHNOLOGY,.8037,172 (NEW),2325 (NEW),2020,AGRICULTURAL SCIENCE,C,BIO SYSTEMS TECHNOLOGY,C,SCIENCE FOR TECHNOLOGY,S,048,F,new,21,May,2001,female
309261,-,-.5431,-,-,2020,AGRICULTURAL SCIENCE,F,POLITICAL SCIENCE,S,ISLAM,S,050,A,old,24,May,1996,female
95355,PHYSICAL SCIENCE,-.1069,1117 (NEW),17912 (NEW),2020,PHYSICS,S,CHEMISTRY,S,COMBINED MATHEMATICS,S,052,F,new,24,October,2001,male
21740,COMMERCE,1.3024,1405 (NEW),6089 (NEW),2020,ECONOMICS,A,BUSINESS STUDIES,B,ACCOUNTING,A,052,B,new,24,January,2002,female
66641,COMMERCE,-.6844,2604 (NEW),39544 (NEW),2020,ECONOMICS,S,BUSINESS STUDIES,S,ACCOUNTING,S,026,S,new,26,April,2001,male
291674,-,-,-,-,2020,PHYSICS,S,CHEMISTRY,F,BIOLOGY,F,048,C,new,21,November,2001,female
203585,COMMERCE,.1522,553 (NEW),25341 (NEW),2020,ECONOMICS,C,BUSINESS STUDIES,C,ACCOUNTING,S,040,C,new,3,May,2001,female
33490,-,-,-,-,2020,PHYSICS,F,CHEMISTRY,F,BIOLOGY,F,036,B,new,25,June,2000,female
250015,ARTS,1.0045,780 (NEW),16948 (NEW),2020,COMMUNICATION & MEDIA STUDIES,C,BUDDHIST CIVILIZATION,A,SINHALA,B,042,F,new,7,October,2001,female
56061,COMMERCE,.0375,3292 (NEW),27606 (NEW),2020,ECONOMICS,C,BUSINESS STUDIES,C,ACCOUNTING,S,034,F,new,11,January,2002,female
72787,-,-,-,-,2020,ECONOMICS,F,BUSINESS STUDIES,S,ACCOUNTING,F,028,F,new,28,May,2001,female
287774,PHYSICAL SCIENCE,-.1751,194 (NEW),18623 (NEW),2020,PHYSICS,S,CHEMISTRY,S,COMBINED MATHEMATICS,S,042,F,new,1,January,2002,male
108976,ARTS,.2787,1513 (NEW),42509 (NEW),2020,GEOGRAPHY,S,ORIENTAL MUSIC,B,SINHALA,B,Absent,S,new,25,February,2000,male
188153,-,-,-,-,2020,ECONOMICS,Absent,BUSINESS STUDIES,Absent,ACCOUNTING,Absent,Absent,Absent,new,29,February,2000,female
247653,COMMERCE,.0167,1024 (NEW),28013 (NEW),2020,ECONOMICS,B,BUSINESS STUDIES,S,ACCOUNTING,C,058,F,new,18,September,2001,male
231612,ARTS,-.1430,4016 (NEW),58303 (NEW),2020,COMMUNICATION & MEDIA STUDIES,C,BUDDHIST CIVILIZATION,S,ORIENTAL MUSIC,C,034,S,new,27,October,2000,male
216905,-,-,-,-,2020,PHYSICS,F,CHEMISTRY,S,COMBINED MATHEMATICS,F,042,S,new,5,February,2001,female
187154,ARTS,.5177,1789 (NEW),33448 (NEW),2020,GEOGRAPHY,C,POLITICAL SCIENCE,C,SINHALA,B,042,F,new,31,January,2002,female
153435,-,-.6119,-,-,2020,PHYSICS,S,CHEMISTRY,S,BIOLOGY,F,050,A,new,11,September,2001,male
301242,PHYSICAL SCIENCE,.1044,670 (NEW),15410 (NEW),2020,PHYSICS,S,CHEMISTRY,S,COMBINED MATHEMATICS,C,062,S,new,25,March,2000,male
223935,-,-,-,-,2020,POLITICAL SCIENCE,F,BUDDHIST CIVILIZATION,F,SINHALA,F,036,F,new,5,August,2001,male
3896,COMMERCE,1.6084,720 (NEW),2720 (NEW),2020,INFORMATION & COMMUNICATION TECHNOLOGY,B,ECONOMICS,A,ACCOUNTING,A,054,S,new,15,November,2001,male
311308,COMMERCE,-.1081,31 (OLD),772 (OLD),2020,ECONOMICS,C,BUSINESS STUDIES,S,ACCOUNTING,S,Absent,C,old,20,September,1992,male
108735,-,-,-,-,2020,AGRICULTURAL SCIENCE,S,BIO SYSTEMS TECHNOLOGY,F,SCIENCE FOR TECHNOLOGY,F,044,F,new,22,December,2001,male
133194,-,-,-,-,2020,AGRICULTURAL SCIENCE,F,GEOGRAPHY,F,SINHALA,F,018,F,new,16,March,1999,male
126843,ARTS,-.2314,3553 (NEW),61263 (NEW),2020,POLITICAL SCIENCE,C,COMMUNICATION & MEDIA STUDIES,S,BUDDHIST CIVILIZATION,S,030,F,new,3,April,2001,male
20830,COMMERCE,.2958,4266 (NEW),22606 (NEW),2020,ECONOMICS,S,BUSINESS STUDIES,C,ACCOUNTING,B,Absent,S,new,5,October,2000,female
62770,-,-.6670,-,-,2020,ECONOMICS,F,COMMUNICATION & MEDIA STUDIES,S,SINHALA,C,048,S,new,7,September,2001,male
45861,COMMERCE,-.2281,3975 (NEW),33036 (NEW),2020,ECONOMICS,S,BUSINESS STUDIES,C,ACCOUNTING,S,046,F,new,4,March,2001,female
6001,BIOLOGICAL SCIENCE,1.4448,706 (NEW),3268 (NEW),2020,PHYSICS,C,CHEMISTRY,B,BIOLOGY,A,058,A,new,24,May,2001,female
53759,-,-,-,-,2020,INFORMATION & COMMUNICATION TECHNOLOGY,Absent,POLITICAL SCIENCE,Absent,LOGIC & SCIENTIFIC METHOD,Absent,Absent,Absent,new,29,May,1987,female
85145,-,-,-,-,2020,INFORMATION & COMMUNICATION TECHNOLOGY,S,ENGINEERING TECHNOLOGY,Absent,SCIENCE FOR TECHNOLOGY,F,042,F,new,17,August,2001,male
246607,COMMERCE,.5120,666 (NEW),18565 (NEW),2020,ECONOMICS,B,BUSINESS STUDIES,B,ACCOUNTING,S,052,F,new,8,June,2001,female
123763,COMMERCE,1.4916,176 (NEW),3847 (NEW),2020,INFORMATION & COMMUNICATION TECHNOLOGY,B,ECONOMICS,A,ACCOUNTING,B,042,S,new,21,March,2001,male
170402,PHYSICAL SCIENCE,-.2932,1538 (NEW),19743 (NEW),2020,PHYSICS,S,CHEMISTRY,S,COMBINED MATHEMATICS,S,046,S,new,9,November,2001,female
5273,PHYSICAL SCIENCE,-.0462,2965 (NEW),17190 (NEW),2020,PHYSICS,S,CHEMISTRY,S,COMBINED MATHEMATICS,S,Absent,B,new,29,August,2000,male
108071,-,-,-,-,2020,ECONOMICS,Absent,BUSINESS STUDIES,Absent,ACCOUNTING,Absent,Absent,Absent,new,25,July,2000,male
281721,-,-.3984,-,-,2020,PHYSICS,S,CHEMISTRY,S,BIOLOGY,F,042,S,new,23,February,1999,male
168219,PHYSICAL SCIENCE,.1361,1183 (NEW),15023 (NEW),2020,PHYSICS,S,CHEMISTRY,S,COMBINED MATHEMATICS,C,Absent,F,new,24,November,2000,female
260072,-,-,-,-,2020,POLITICAL SCIENCE,Absent,BUDDHIST CIVILIZATION,Absent,SINHALA,Absent,Absent,Absent,new,8,July,2000,female
130861,COMMERCE,.7657,760 (NEW),14218 (NEW),2020,ECONOMICS,B,BUSINESS STUDIES,C,ACCOUNTING,C,042,S,new,26,November,2001,female
171865,ARTS,.4902,3775 (NEW),34483 (NEW),2020,GEOGRAPHY,C,ART,C,SINHALA,C,062,F,new,22,May,2001,female
104890,-,-1.0742,-,-,2020,ECONOMICS,F,BUSINESS STUDIES,S,ACCOUNTING,S,022,F,new,29,March,2001,male
163641,-,-.4072,-,-,2020,GEOGRAPHY,F,COMMUNICATION & MEDIA STUDIES,S,SINHALA,C,042,F,new,16,April,2001,female
57960,ENGINEERING TECHNOLOGY,1.1268,214 (NEW),2221 (NEW),2020,INFORMATION & COMMUNICATION TECHNOLOGY,C,ENGINEERING TECHNOLOGY,B,SCIENCE FOR TECHNOLOGY,B,050,S,new,22,January,2001,male
228399,COMMERCE,1.4069,277 (NEW),4809 (NEW),2020,ECONOMICS,A,BUSINESS STUDIES,A,ACCOUNTING,A,038,S,new,10,May,2001,female
308741,-,-.6010,-,-,2020,PHYSICS,S,CHEMISTRY,S,BIOLOGY,F,Absent,A,old,26,January,2000,male
208272,-,-,-,-,2020,GEOGRAPHY,F,BUDDHIST CIVILIZATION,F,SINHALA,C,034,F,new,16,December,2001,female
193790,ARTS,1.0230,881 (NEW),16398 (NEW),2020,GEOGRAPHY,B,BUDDHIST CIVILIZATION,A,SINHALA,B,028,F,new,5,January,2002,female
84324,ARTS,-.6295,3731 (NEW),70588 (NEW),2020,GEOGRAPHY,S,BUDDHIST CIVILIZATION,S,SINHALA,S,032,F,new,25,January,2002,female
313749,ARTS,-.3199,253 (OLD),5128 (OLD),2020,COMMUNICATION & MEDIA STUDIES,S,BUDDHISM,S,SINHALA,C,038,F,old,5,May,1999,female
228028,ENGINEERING TECHNOLOGY,-.6029,806 (NEW),12290 (NEW),2020,INFORMATION & COMMUNICATION TECHNOLOGY,S,ENGINEERING TECHNOLOGY,S,SCIENCE FOR TECHNOLOGY,S,050,S,new,3,September,2001,male
46618,ARTS,.5756,2416 (NEW),31290 (NEW),2020,HISTORY OF SRI LANKA & INDIA,C,HOME ECONOMICS,C,BUDDHIST CIVILIZATION,C,036,F,new,30,April,2001,male
275724,-,-,-,-,2020,AGRO TECHNOLOGY,Absent,POLITICAL SCIENCE,Absent,HISTORY OF SRI LANKA & EUROPE,Absent,Absent,Absent,new,9,July,2000,male
122687,-,-,-,-,2020,INFORMATION & COMMUNICATION TECHNOLOGY,Absent,BUDDHISM,Absent,PALI,Absent,Absent,Absent,new,4,June,1996,male
156169,COMMERCE,1.0742,662 (NEW),9311 (NEW),2020,ECONOMICS,B,BUSINESS STUDIES,B,ACCOUNTING,A,Absent,C,new,9,April,2000,female
17411,COMMERCE,1.4419,1063 (NEW),4396 (NEW),2020,ECONOMICS,A,BUSINESS STUDIES,B,ACCOUNTING,A,056,B,new,4,October,2001,male
231431,-,-,-,-,2020,PHYSICS,Absent,COMBINED MATHEMATICS,Absent,INFORMATION & COMMUNICATION TECHNOLOGY,Absent,Absent,Absent,new,29,September,2000,male
332610,-,-,-,-,2020,ECONOMICS,Absent,BUSINESS STUDIES,Absent,ACCOUNTING,Absent,Absent,Absent,old,10,June,1999,female
333980,-,-,-,-,2020,PHYSICS,F,CHEMISTRY,F,COMBINED MATHEMATICS,F,060,F,old,9,October,1997,male
204000,-,-,-,-,2020,GEOGRAPHY,Absent,BUDDHIST CIVILIZATION,Absent,SINHALA,Absent,Absent,Absent,new,24,July,2000,female
119892,ARTS,.4486,2279 (NEW),36018 (NEW),2020,AGRICULTURAL SCIENCE,S,COMMUNICATION & MEDIA STUDIES,C,SINHALA,B,038,S,new,26,April,2001,female
158233,-,-,-,-,2020,HOME ECONOMICS,Absent,COMMUNICATION & MEDIA STUDIES,Absent,SINHALA,Absent,Absent,Absent,new,28,July,2000,female
142868,BIOSYSTEMS TECHNOLOGY,.6183,223 (NEW),2977 (NEW),2020,AGRICULTURAL SCIENCE,C,BIO SYSTEMS TECHNOLOGY,S,SCIENCE FOR TECHNOLOGY,C,044,F,new,16,July,2001,female
147497,ARTS,.4706,1514 (NEW),35198 (NEW),2020,POLITICAL SCIENCE,C,BUDDHIST CIVILIZATION,C,SINHALA,C,036,F,new,4,February,2000,female
146321,-,-,-,-,2020,PHYSICS,Absent,CHEMISTRY,Absent,COMBINED MATHEMATICS,Absent,Absent,Absent,new,5,February,1996,male
95075,-,-.5742,-,-,2020,HOME ECONOMICS,C,COMMUNICATION & MEDIA STUDIES,F,ISLAM,C,036,B,new,4,February,2001,female
187534,BIOSYSTEMS TECHNOLOGY,.3824,230 (NEW),3919 (NEW),2020,AGRICULTURAL SCIENCE,C,BIO SYSTEMS TECHNOLOGY,S,SCIENCE FOR TECHNOLOGY,S,052,S,new,2,March,2001,female
1071,ARTS,.1245,3161 (NEW),48431 (NEW),2020,GEOGRAPHY,S,HINDU CIVILIZATION,A,TAMIL,C,034,S,new,17,July,2001,female
327107,-,-.0344,-,-,2020,ECONOMICS,B,BUSINESS STUDIES,S,ACCOUNTING,F,Absent,Absent,old,9,October,1999,male
195959,-,-1.2136,-,-,2020,COMMUNICATION & MEDIA STUDIES,S,DRAMA AND THEATRE (SINHALA),F,SINHALA,S,034,F,new,16,September,2001,female
125620,COMMERCE,1.7335,80 (NEW),1763 (NEW),2020,ECONOMICS,A,BUSINESS STUDIES,A,ACCOUNTING,A,056,Absent,new,3,December,2000,female
303831,-,-.5142,-,-,2020,POLITICAL SCIENCE,F,HISTORY OF SRI LANKA & EUROPE,S,TAMIL,C,020,F,new,6,November,2001,female
201740,-,-.2160,-,-,2020,ECONOMICS,C,BUSINESS STUDIES,C,ACCOUNTING,F,036,S,new,19,October,2001,female
44556,ARTS,-.4490,5258 (NEW),67294 (NEW),2020,INFORMATION & COMMUNICATION TECHNOLOGY,S,ECONOMICS,S,LOGIC & SCIENTIFIC METHOD,S,044,Absent,new,3,September,1999,female
131150,ARTS,1.0328,1128 (NEW),16091 (NEW),2020,COMMUNICATION & MEDIA STUDIES,C,DRAMA AND THEATRE (ENGLISH),A,ENGLISH,C,040,A,new,6,May,2002,female
245099,ARTS,-.1516,2888 (NEW),58602 (NEW),2020,LOGIC & SCIENTIFIC METHOD,S,DRAMA AND THEATRE (SINHALA),C,SINHALA,C,038,S,new,13,May,2001,female
254184,ARTS,.5455,1516 (NEW),32407 (NEW),2020,GEOGRAPHY,C,HISTORY OF SRI LANKA & INDIA,B,SINHALA,C,030,F,new,22,January,2002,female
73234,COMMERCE,-.3137,2322 (NEW),34659 (NEW),2020,ECONOMICS,S,BUSINESS STUDIES,C,ACCOUNTING,S,042,B,new,13,December,2000,female
16611,COMMERCE,-.5965,7169 (NEW),38724 (NEW),2020,ECONOMICS,S,BUSINESS STUDIES,S,ACCOUNTING,S,052,S,new,17,September,2001,male
92505,COMMERCE,-.4407,2251 (NEW),36810 (NEW),2020,ECONOMICS,C,BUSINESS STUDIES,S,ACCOUNTING,S,052,S,new,28,March,2001,male
290474,COMMERCE,.0116,145 (NEW),28119 (NEW),2020,ECONOMICS,C,BUSINESS STUDIES,C,ACCOUNTING,S,044,C,new,30,June,2001,female
215560,ARTS,.6711,1755 (NEW),27875 (NEW),2020,GEOGRAPHY,C,COMMUNICATION & MEDIA STUDIES,C,SINHALA,A,036,S,new,27,August,2001,female
77893,ARTS,.3185,2375 (NEW),40974 (NEW),2020,AGRICULTURAL SCIENCE,S,BUDDHIST CIVILIZATION,B,SINHALA,C,046,F,new,16,August,2000,female
129064,COMMERCE,.4355,1030 (NEW),19954 (NEW),2020,ECONOMICS,C,BUSINESS STUDIES,C,ACCOUNTING,C,Absent,F,new,19,February,2000,female
229851,BIOSYSTEMS TECHNOLOGY,-.6682,645 (NEW),7621 (NEW),2020,INFORMATION & COMMUNICATION TECHNOLOGY,S,BIO SYSTEMS TECHNOLOGY,S,SCIENCE FOR TECHNOLOGY,S,046,C,new,9,August,2000,female
296441,ARTS,.6739,192 (NEW),27773 (NEW),2020,GEOGRAPHY,C,CHRISTIAN CIVILIZATION,B,TAMIL,B,038,F,new,6,March,2001,female
101789,-,-,-,-,2020,PHYSICS,S,CHEMISTRY,F,COMBINED MATHEMATICS,F,040,C,new,26,May,2001,male
196540,-,-,-,-,2020,AGRICULTURAL SCIENCE,F,BIO SYSTEMS TECHNOLOGY,F,SCIENCE FOR TECHNOLOGY,F,028,F,new,5,October,2001,female
43213,-,-,-,-,2020,AGRICULTURAL SCIENCE,F,BIO SYSTEMS TECHNOLOGY,F,SCIENCE FOR TECHNOLOGY,F,030,F,new,14,December,2001,female
160099,ARTS,.0065,5655 (NEW),52846 (NEW),2020,COMMUNICATION & MEDIA STUDIES,C,DANCING(INDIGENOUS),S,SINHALA,B,050,F,new,22,November,2001,female
317985,-,-,-,-,2020,AGRICULTURAL SCIENCE,F,POLITICAL SCIENCE,F,SINHALA,C,032,F,old,30,December,1999,female
164490,ARTS,.1424,5145 (NEW),47758 (NEW),2020,POLITICAL SCIENCE,C,BUDDHIST CIVILIZATION,C,SINHALA,C,040,S,new,7,July,2001,female
242562,-,-.2050,-,-,2020,ECONOMICS,C,BUSINESS STUDIES,C,ACCOUNTING,F,038,F,new,26,May,2001,male
2031,BIOLOGICAL SCIENCE,.9541,1252 (NEW),6569 (NEW),2020,PHYSICS,C,CHEMISTRY,C,BIOLOGY,B,Absent,A,new,26,March,2002,male
60383,BIOLOGICAL SCIENCE,.3293,761 (NEW),12913 (NEW),2020,PHYSICS,C,CHEMISTRY,C,BIOLOGY,S,060,A,new,21,November,2001,female
242000,COMMERCE,.0698,691 (NEW),26999 (NEW),2020,ECONOMICS,C,BUSINESS STUDIES,C,ACCOUNTING,S,040,F,new,19,January,2002,female
88660,COMMERCE,1.2953,461 (NEW),6170 (NEW),2020,ECONOMICS,A,BUSINESS STUDIES,A,ACCOUNTING,B,050,F,new,2,August,2001,female
66478,COMMERCE,.1458,1734 (NEW),25486 (NEW),2020,ECONOMICS,C,BUSINESS STUDIES,C,ACCOUNTING,S,044,F,new,6,June,2001,female
194665,COMMERCE,.9689,376 (NEW),10894 (NEW),2020,ECONOMICS,B,BUSINESS STUDIES,C,ACCOUNTING,B,052,S,new,27,May,2001,female
244836,-,-,-,-,2020,ECONOMICS,F,BUSINESS STUDIES,F,ACCOUNTING,F,Absent,Absent,new,19,September,2000,male
123874,PHYSICAL SCIENCE,1.2278,189 (NEW),4688 (NEW),2020,PHYSICS,C,CHEMISTRY,C,COMBINED MATHEMATICS,B,076,B,new,27,June,2000,female
170576,COMMERCE,1.2129,529 (NEW),7294 (NEW),2020,ECONOMICS,A,BUSINESS STUDIES,B,ACCOUNTING,B,052,C,new,26,July,2001,female
308681,-,-,-,-,2020,POLITICAL SCIENCE,Absent,LOGIC & SCIENTIFIC METHOD,Absent,SINHALA,Absent,Absent,Absent,old,30,June,1999,female
57510,-,-.9865,-,-,2020,POLITICAL SCIENCE,S,COMMUNICATION & MEDIA STUDIES,F,SINHALA,S,042,F,new,19,January,2002,male
45414,COMMERCE,1.0533,1082 (NEW),9608 (NEW),2020,ECONOMICS,B,BUSINESS STUDIES,A,ACCOUNTING,B,058,B,new,18,September,2001,female
30506,COMMERCE,.9150,2331 (NEW),11706 (NEW),2020,ECONOMICS,B,BUSINESS STUDIES,B,ACCOUNTING,C,052,S,new,14,November,2001,female
327246,-,-,-,-,2020,ECONOMICS,Absent,BUSINESS STUDIES,Absent,ACCOUNTING,Absent,Absent,Absent,old,1,April,1999,female
290185,-,-.5953,-,-,2020,POLITICAL SCIENCE,S,COMMUNICATION & MEDIA STUDIES,F,SINHALA,S,020,F,new,20,February,2001,female
288595,BIOLOGICAL SCIENCE,.0472,252 (NEW),16359 (NEW),2020,PHYSICS,S,CHEMISTRY,C,BIOLOGY,S,060,F,new,27,March,1999,female
20683,COMMERCE,1.6401,655 (NEW),2465 (NEW),2020,ECONOMICS,A,BUSINESS STUDIES,A,ACCOUNTING,B,042,S,new,11,May,2001,female
116689,-,-,-,-,2020,ECONOMICS,Absent,BUSINESS STUDIES,Absent,ACCOUNTING,Absent,Absent,Absent,new,24,May,2000,female
132840,-,-,-,-,2020,ECONOMICS,F,BUSINESS STUDIES,F,ACCOUNTING,F,028,S,new,31,May,2001,male
109462,PHYSICAL SCIENCE,1.0192,266 (NEW),6203 (NEW),2020,PHYSICS,C,CHEMISTRY,B,COMBINED MATHEMATICS,B,068,S,new,14,December,2001,female
296604,NON,-.2910,-,-,2020,HINDU CIVILIZATION,S,CARNATIC MUSIC,C,TAMIL,S,024,F,new,19,May,2000,female
238938,NON,-.9827,-,-,2020,HINDU CIVILIZATION,S,DANCING(BHARATHA),S,TAMIL,S,036,B,new,2,July,2001,female
115015,-,-.7559,-,-,2020,HISTORY OF SRI LANKA & INDIA,S,BUDDHIST CIVILIZATION,F,SINHALA,S,Absent,Absent,new,30,October,2000,male
293883,-,-,-,-,2020,GEOGRAPHY,Absent,POLITICAL SCIENCE,Absent,HISTORY OF SRI LANKA & EUROPE,Absent,Absent,Absent,new,1,October,1999,male
195840,-,-,-,-,2020,POLITICAL SCIENCE,F,BUDDHIST CIVILIZATION,F,SINHALA,S,028,F,new,17,September,2000,female
18912,COMMERCE,.3084,4226 (NEW),22347 (NEW),2020,ECONOMICS,C,BUSINESS STUDIES,C,ACCOUNTING,C,040,C,new,1,May,2001,female
146708,-,-,-,-,2020,PHYSICS,Absent,CHEMISTRY,Absent,COMBINED MATHEMATICS,Absent,Absent,Absent,new,29,March,2000,male
284173,ARTS,-.4923,1649 (NEW),68213 (NEW),2020,GEOGRAPHY,S,ISLAM,C,ART,S,036,F,new,27,April,2001,female
99733,-,-,-,-,2020,COMMUNICATION & MEDIA STUDIES,Absent,BUDDHIST CIVILIZATION,Absent,SINHALA,Absent,Absent,Absent,new,22,July,2001,male
268979,BIOSYSTEMS TECHNOLOGY,.5656,170 (NEW),3161 (NEW),2020,INFORMATION & COMMUNICATION TECHNOLOGY,C,BIO SYSTEMS TECHNOLOGY,S,SCIENCE FOR TECHNOLOGY,B,052,B,new,7,May,1999,female
119709,ARTS,.2747,2607 (NEW),42682 (NEW),2020,GEOGRAPHY,S,HISTORY OF SRI LANKA & INDIA,C,SINHALA,B,024,F,new,12,July,2001,female
216416,PHYSICAL SCIENCE,2.0531,62 (NEW),849 (NEW),2020,PHYSICS,A,CHEMISTRY,A,COMBINED MATHEMATICS,A,Absent,C,new,22,March,2000,male
290585,-,-,-,-,2020,AGRICULTURAL SCIENCE,F,GEOGRAPHY,F,TAMIL,S,032,F,new,16,April,2001,male
255650,-,-.4348,-,-,2020,PHYSICS,F,CHEMISTRY,S,BIOLOGY,S,Absent,Absent,new,19,December,2000,male
160258,-,-.2436,-,-,2020,GEOGRAPHY,S,DANCING(INDIGENOUS),C,JAPANESE,F,040,S,new,5,March,2001,female
197606,ENGINEERING TECHNOLOGY,.3674,94 (NEW),6054 (NEW),2020,INFORMATION & COMMUNICATION TECHNOLOGY,S,ENGINEERING TECHNOLOGY,C,SCIENCE FOR TECHNOLOGY,C,032,F,new,4,November,2001,male
161693,-,-,-,-,2020,POLITICAL SCIENCE,Absent,BUDDHIST CIVILIZATION,Absent,SINHALA,Absent,Absent,Absent,new,20,June,1998,female
313560,ARTS,1.2332,32 (OLD),678 (OLD),2020,POLITICAL SCIENCE,B,COMMUNICATION & MEDIA STUDIES,C,SINHALA,A,050,C,old,16,June,1999,female
163624,-,-,-,-,2020,CHEMISTRY,F,AGRICULTURAL SCIENCE,S,BIOLOGY,F,046,S,new,16,October,2000,female
53683,-,-,-,-,2020,POLITICAL SCIENCE,F,HISTORY OF SRI LANKA & INDIA,F,CHRISTIANITY,F,014,F,new,27,July,2001,male
172694,ENGINEERING TECHNOLOGY,-.3335,1043 (NEW),11253 (NEW),2020,INFORMATION & COMMUNICATION TECHNOLOGY,S,ENGINEERING TECHNOLOGY,S,SCIENCE FOR TECHNOLOGY,S,050,F,new,24,October,2001,male
87548,-,-,-,-,2020,AGRICULTURAL SCIENCE,Absent,GEOGRAPHY,Absent,POLITICAL SCIENCE,Absent,030,F,new,1,September,2000,female
300862,-,-,-,-,2020,GEOGRAPHY,Absent,DANCING(BHARATHA),Absent,TAMIL,Absent,Absent,Absent,new,26,March,2000,female
295797,-,-,-,-,2020,GEOGRAPHY,Absent,HINDU CIVILIZATION,Absent,TAMIL,Absent,Absent,Absent,new,16,July,1998,female
222547,-,-,-,-,2020,POLITICAL SCIENCE,F,LOGIC & SCIENTIFIC METHOD,F,SINHALA,F,028,F,new,19,March,2001,male
159809,ARTS,1.7537,181 (NEW),1960 (NEW),2020,GEOGRAPHY,A,HISTORY OF SRI LANKA & EUROPE,A,SINHALA,A,056,S,new,13,November,2001,female
174878,ENGINEERING TECHNOLOGY,1.1515,43 (NEW),2130 (NEW),2020,INFORMATION & COMMUNICATION TECHNOLOGY,C,ENGINEERING TECHNOLOGY,C,SCIENCE FOR TECHNOLOGY,B,056,F,new,29,January,2002,male
70378,COMMERCE,-.3931,2393 (NEW),36021 (NEW),2020,ECONOMICS,S,BUSINESS STUDIES,S,ACCOUNTING,S,038,C,new,17,August,2001,female
314680,-,-,-,-,2020,AGRICULTURAL SCIENCE,Absent,ENGINEERING TECHNOLOGY,Absent,SCIENCE FOR TECHNOLOGY,Absent,Absent,Absent,old,5,October,1999,female
167526,ARTS,.6220,3250 (NEW),29557 (NEW),2020,GEOGRAPHY,S,COMMUNICATION & MEDIA STUDIES,C,DRAMA AND THEATRE (SINHALA),A,038,C,new,10,August,2001,female
286097,-,-,-,-,2020,INFORMATION & COMMUNICATION TECHNOLOGY,Absent,ENGINEERING TECHNOLOGY,Absent,SCIENCE FOR TECHNOLOGY,Absent,Absent,Absent,new,19,April,1986,male
149597,-,-,-,-,2020,ECONOMICS,F,BUSINESS STUDIES,F,ACCOUNTING,C,Absent,B,new,31,July,1999,male
121308,-,-,-,-,2020,AGRICULTURAL SCIENCE,F,BIO SYSTEMS TECHNOLOGY,F,SCIENCE FOR TECHNOLOGY,F,044,F,new,14,June,2001,female
139932,BIOSYSTEMS TECHNOLOGY,.2445,325 (NEW),4502 (NEW),2020,AGRICULTURAL SCIENCE,C,BIO SYSTEMS TECHNOLOGY,S,SCIENCE FOR TECHNOLOGY,S,030,F,new,7,February,2001,female
334696,-,-,-,-,2020,GEOGRAPHY,F,ISLAM,F,TAMIL,Absent,Absent,Absent,old,14,April,1998,male
206954,-,-,-,-,2020,POLITICAL SCIENCE,Absent,BUDDHIST CIVILIZATION,Absent,SINHALA,Absent,Absent,Absent,new,4,April,2000,female
257728,-,-.2245,-,-,2020,ECONOMICS,F,GEOGRAPHY,S,SINHALA,B,032,F,new,31,January,2001,female
326490,COMMERCE,.5912,21 (OLD),425 (OLD),2020,ECONOMICS,B,BUSINESS STUDIES,C,ACCOUNTING,S,Absent,Absent,old,28,September,1999,female
297426,-,-.7099,-,-,2020,ECONOMICS,S,BUSINESS STATISTICS,F,ACCOUNTING,S,034,F,new,28,January,1999,female
124623,-,-.1625,-,-,2020,INFORMATION & COMMUNICATION TECHNOLOGY,F,ENGINEERING TECHNOLOGY,C,SCIENCE FOR TECHNOLOGY,S,040,F,new,19,April,2001,male
603,COMMERCE,-.1384,5817 (NEW),31188 (NEW),2020,ECONOMICS,S,BUSINESS STUDIES,S,ACCOUNTING,C,048,C,new,25,September,2001,female
133216,ARTS,1.5071,375 (NEW),4984 (NEW),2020,POLITICAL SCIENCE,A,HISTORY OF SRI LANKA & INDIA,B,COMMUNICATION & MEDIA STUDIES,A,050,Absent,new,3,March,2000,female
41230,-,-,-,-,2020,ECONOMICS,Absent,BUSINESS STUDIES,Absent,ACCOUNTING,Absent,Absent,Absent,new,30,January,2001,male
112814,-,-,-,-,2020,INFORMATION & COMMUNICATION TECHNOLOGY,F,ENGINEERING TECHNOLOGY,F,SCIENCE FOR TECHNOLOGY,F,046,S,new,4,February,2001,male
212920,-,-,-,-,2020,CHEMISTRY,Absent,AGRICULTURAL SCIENCE,Absent,BIOLOGY,Absent,Absent,Absent,new,22,March,2000,male
233895,COMMERCE,1.8789,39 (NEW),950 (NEW),2020,ECONOMICS,A,BUSINESS STUDIES,A,ACCOUNTING,A,064,F,new,10,November,2001,male
138329,-,-.6700,-,-,2020,HISTORY OF SRI LANKA & INDIA,S,BUDDHIST CIVILIZATION,F,SINHALA,C,032,F,new,10,April,2001,female
200234,ENGINEERING TECHNOLOGY,1.1067,27 (NEW),2285 (NEW),2020,INFORMATION & COMMUNICATION TECHNOLOGY,C,ENGINEERING TECHNOLOGY,C,SCIENCE FOR TECHNOLOGY,B,052,F,new,15,June,2000,male
5365,ARTS,.3252,2669 (NEW),40721 (NEW),2020,BUDDHISM,B,PALI,C,SANSKRIT,S,036,F,new,9,November,1998,male
29359,-,-,-,-,2020,HISTORY OF SRI LANKA & INDIA,F,DANCING(INDIGENOUS),F,SINHALA,S,032,F,new,30,April,2001,female
14970,-,-,-,-,2020,PHYSICS,F,CHEMISTRY,F,BIOLOGY,S,048,A,new,16,November,2001,female
123948,ARTS,1.7354,171 (NEW),2120 (NEW),2020,HISTORY OF SRI LANKA & INDIA,A,ART,A,SINHALA,B,030,F,new,29,September,2001,male
20118,ARTS,.9891,1269 (NEW),17410 (NEW),2020,HISTORY OF SRI LANKA & INDIA,A,SINHALA,A,JAPANESE,S,040,S,new,28,November,2001,female
42457,-,-1.3543,-,-,2020,POLITICAL SCIENCE,F,ISLAM,S,ARABIC,S,030,F,new,22,March,2001,female
328993,ARTS,-.0068,304 (OLD),4282 (OLD),2020,GEOGRAPHY,C,BUDDHIST CIVILIZATION,S,SINHALA,B,038,S,old,25,September,1999,female
289755,-,-,-,-,2020,HISTORY OF SRI LANKA & INDIA,Absent,BUDDHIST CIVILIZATION,Absent,SINHALA,Absent,Absent,Absent,new,30,April,1986,female
209810,ARTS,1.0790,330 (NEW),14771 (NEW),2020,POLITICAL SCIENCE,C,HISTORY OF SRI LANKA & INDIA,B,BUDDHIST CIVILIZATION,B,030,F,new,2,December,2001,female
318341,-,-,-,-,2020,PHYSICS,Absent,CHEMISTRY,Absent,COMBINED MATHEMATICS,Absent,Absent,Absent,old,4,January,2000,female
37157,-,-,-,-,2020,PHYSICS,F,CHEMISTRY,F,COMBINED MATHEMATICS,F,054,S,new,26,September,2001,female
325794,-,-,-,-,2020,PHYSICS,Absent,CHEMISTRY,Absent,BIOLOGY,Absent,Absent,Absent,old,5,May,1999,male
4911,BIOLOGICAL SCIENCE,.0159,2529 (NEW),16776 (NEW),2020,PHYSICS,S,CHEMISTRY,S,BIOLOGY,S,Absent,Absent,new,2,February,2000,female
268723,NON,.1966,-,-,2020,PHYSICS,S,COMBINED MATHEMATICS,S,INFORMATION & COMMUNICATION TECHNOLOGY,C,056,C,new,11,October,2000,female
203188,ARTS,.8091,584 (NEW),23146 (NEW),2020,GEOGRAPHY,C,HISTORY OF SRI LANKA & EUROPE,B,SINHALA,B,036,F,new,20,December,2001,female
300209,ARTS,.5890,814 (NEW),30809 (NEW),2020,ECONOMICS,S,CARNATIC MUSIC,A,TAMIL,B,044,S,new,24,January,2002,female
63648,-,-,-,-,2020,HISTORY OF SRI LANKA & INDIA,Absent,COMMUNICATION & MEDIA STUDIES,Absent,SINHALA,Absent,Absent,Absent,new,29,February,2000,female
95622,COMMERCE,1.6192,127 (NEW),2642 (NEW),2020,ECONOMICS,A,BUSINESS STUDIES,A,ACCOUNTING,A,060,C,new,23,January,2002,male
99880,PHYSICAL SCIENCE,.7680,565 (NEW),8357 (NEW),2020,PHYSICS,C,CHEMISTRY,C,COMBINED MATHEMATICS,C,066,S,new,6,March,2001,female
160970,ARTS,1.7116,218 (NEW),2363 (NEW),2020,GEOGRAPHY,A,LOGIC & SCIENTIFIC METHOD,B,SINHALA,A,044,S,new,6,August,2001,female
281202,-,-,-,-,2020,POLITICAL SCIENCE,F,DRAMA AND THEATRE (TAMIL),F,TAMIL,F,018,F,new,19,May,2000,male
4061,PHYSICAL SCIENCE,2.4845,60 (NEW),176 (NEW),2020,PHYSICS,A,CHEMISTRY,A,COMBINED MATHEMATICS,A,082,B,new,23,May,2001,male
242103,ARTS,.0766,1534 (NEW),50269 (NEW),2020,GEOGRAPHY,C,POLITICAL SCIENCE,C,TAMIL,S,038,F,new,22,March,2001,female
241928,-,-.8086,-,-,2020,AGRICULTURAL SCIENCE,S,ENGINEERING TECHNOLOGY,F,SCIENCE FOR TECHNOLOGY,S,034,S,new,31,May,2001,male
80772,-,-.8158,-,-,2020,POLITICAL SCIENCE,S,LOGIC & SCIENTIFIC METHOD,F,SINHALA,S,068,S,new,24,August,2001,male
102983,PHYSICAL SCIENCE,-.0468,1081 (NEW),17200 (NEW),2020,PHYSICS,S,CHEMISTRY,S,COMBINED MATHEMATICS,S,048,S,new,7,October,2001,female
164567,-,-.7172,-,-,2020,ECONOMICS,S,BUSINESS STUDIES,F,ACCOUNTING,S,034,F,new,19,August,2001,female
267288,ARTS,.9938,538 (NEW),17272 (NEW),2020,GEOGRAPHY,A,DANCING(INDIGENOUS),B,SINHALA,B,032,F,new,19,May,2000,female
289316,-,-,-,-,2020,ECONOMICS,F,BUSINESS STUDIES,F,ACCOUNTING,F,040,S,new,14,May,2001,female
27733,-,-,-,-,2020,PHYSICS,Absent,CHEMISTRY,Absent,BIOLOGY,Absent,Absent,Absent,new,27,August,2000,male
272503,-,-,-,-,2020,AGRICULTURAL SCIENCE,Absent,BIO SYSTEMS TECHNOLOGY,Absent,SCIENCE FOR TECHNOLOGY,Absent,050,Absent,new,4,January,2001,male
10451,PHYSICAL SCIENCE,1.1004,1157 (NEW),5585 (NEW),2020,PHYSICS,B,CHEMISTRY,C,COMBINED MATHEMATICS,C,068,A,new,26,December,2000,male
29133,COMMERCE,-.1585,5902 (NEW),31642 (NEW),2020,ECONOMICS,S,BUSINESS STUDIES,C,ACCOUNTING,C,044,C,new,7,January,2002,female
128074,-,-,-,-,2020,GEOGRAPHY,Absent,BUDDHIST CIVILIZATION,Absent,SINHALA,Absent,Absent,Absent,new,21,June,2000,male
55176,COMMERCE,.0059,3371 (NEW),28223 (NEW),2020,ECONOMICS,S,BUSINESS STUDIES,B,ACCOUNTING,S,046,C,new,10,July,2001,female
231361,-,-,-,-,2020,GEOGRAPHY,Absent,HISTORY OF SRI LANKA & EUROPE,Absent,ISLAM,Absent,Absent,Absent,new,30,September,2000,female
31388,BIOLOGICAL SCIENCE,.6741,1591 (NEW),9115 (NEW),2020,PHYSICS,S,CHEMISTRY,C,BIOLOGY,C,060,B,new,17,February,2001,female
48858,ARTS,-.4392,5232 (NEW),67051 (NEW),2020,INFORMATION & COMMUNICATION TECHNOLOGY,S,ECONOMICS,S,COMMUNICATION & MEDIA STUDIES,S,040,C,new,7,April,2001,male
289638,BIOLOGICAL SCIENCE,-.0101,125 (NEW),17122 (NEW),2020,PHYSICS,S,CHEMISTRY,S,BIOLOGY,S,042,C,new,4,July,2000,male
4260,-,-,-,-,2020,PHYSICS,Absent,CHEMISTRY,Absent,COMBINED MATHEMATICS,Absent,Absent,Absent,new,1,August,2001,male
190655,-,-,-,-,2020,CHEMISTRY,F,AGRICULTURAL SCIENCE,S,BIOLOGY,F,038,S,new,6,September,2001,female
74188,PHYSICAL SCIENCE,-.1988,1175 (NEW),18856 (NEW),2020,PHYSICS,S,CHEMISTRY,S,COMBINED MATHEMATICS,S,Absent,S,new,10,July,2000,male
73765,BIOLOGICAL SCIENCE,-.2671,1143 (NEW),19969 (NEW),2020,PHYSICS,S,CHEMISTRY,S,BIOLOGY,S,046,S,new,23,October,2001,female
1802,-,-,-,-,2020,ECONOMICS,S,BUSINESS STUDIES,F,ACCOUNTING,F,026,F,new,17,August,2000,male
15345,-,-,-,-,2020,PHYSICS,F,CHEMISTRY,F,BIOLOGY,F,056,A,new,5,December,2001,female
319896,-,-,-,-,2020,ECONOMICS,Absent,BUSINESS STUDIES,Absent,ACCOUNTING,Absent,Absent,Absent,old,30,June,1992,female
229163,-,-.8822,-,-,2020,GEOGRAPHY,S,HISTORY OF SRI LANKA & INDIA,F,ART,S,042,F,new,11,April,2001,male
1151,COMMERCE,.5637,3400 (NEW),17661 (NEW),2020,ECONOMICS,B,BUSINESS STUDIES,C,ACCOUNTING,C,036,C,new,2,June,2001,female
258326,COMMERCE,.5662,409 (NEW),17616 (NEW),2020,ECONOMICS,C,BUSINESS STUDIES,B,ACCOUNTING,C,056,S,new,15,April,2001,male
321885,ARTS,.5174,252 (OLD),2663 (OLD),2020,AGRICULTURAL SCIENCE,C,COMMUNICATION & MEDIA STUDIES,C,BUDDHIST CIVILIZATION,C,047,C,old,7,April,1998,female
73589,ARTS,.9585,1086 (NEW),18334 (NEW),2020,GEOGRAPHY,C,ART,B,SINHALA,B,048,F,new,7,April,2001,female
65239,ARTS,.7737,1421 (NEW),24307 (NEW),2020,POLITICAL SCIENCE,C,COMMUNICATION & MEDIA STUDIES,C,SINHALA,B,038,F,new,7,January,2002,female
59438,ARTS,.7374,1977 (NEW),25540 (NEW),2020,GEOGRAPHY,B,LOGIC & SCIENTIFIC METHOD,C,SINHALA,C,Absent,S,new,27,October,2000,female
171532,-,-,-,-,2020,ECONOMICS,Absent,BUSINESS STUDIES,Absent,ACCOUNTING,Absent,Absent,Absent,new,28,June,2000,male
232641,-,-.5632,-,-,2020,POLITICAL SCIENCE,F,ORIENTAL MUSIC,C,SINHALA,S,042,S,new,2,March,2001,female
202310,ARTS,1.4553,156 (NEW),5920 (NEW),2020,HOME ECONOMICS,B,BUDDHIST CIVILIZATION,A,SINHALA,A,050,F,new,16,April,2001,female
271925,-,-,-,-,2020,INFORMATION & COMMUNICATION TECHNOLOGY,Absent,ENGINEERING TECHNOLOGY,Absent,SCIENCE FOR TECHNOLOGY,Absent,Absent,Absent,new,8,November,2000,male
248661,ARTS,.2940,2041 (NEW),41917 (NEW),2020,POLITICAL SCIENCE,C,COMMUNICATION & MEDIA STUDIES,S,SINHALA,C,030,S,new,27,November,2000,female
52256,COMMERCE,-.6988,4756 (NEW),39623 (NEW),2020,ECONOMICS,S,BUSINESS STUDIES,S,ACCOUNTING,S,042,S,new,29,January,2002,male
170664,BIOSYSTEMS TECHNOLOGY,1.3125,94 (NEW),962 (NEW),2020,INFORMATION & COMMUNICATION TECHNOLOGY,C,BIO SYSTEMS TECHNOLOGY,C,SCIENCE FOR TECHNOLOGY,B,034,C,new,7,December,2001,male
307897,-,-.8275,-,-,2020,COMMUNICATION & MEDIA STUDIES,S,BUDDHIST CIVILIZATION,F,SINHALA,C,030,F,old,14,March,2001,female
325083,-,-,-,-,2020,PHYSICS,Absent,CHEMISTRY,Absent,BIOLOGY,Absent,Absent,Absent,old,12,May,1997,male
102575,ARTS,1.2669,514 (NEW),9919 (NEW),2020,GEOGRAPHY,B,COMMUNICATION & MEDIA STUDIES,B,SINHALA,A,040,C,new,22,July,2000,female
117915,BIOLOGICAL SCIENCE,-.2435,721 (NEW),19734 (NEW),2020,PHYSICS,S,CHEMISTRY,S,BIOLOGY,S,Absent,Absent,new,22,July,2000,female
301336,-,-.3878,-,-,2020,GEOGRAPHY,F,HISTORY OF SRI LANKA & EUROPE,S,TAMIL,C,036,F,new,3,May,2001,female
265641,ARTS,-.3986,2397 (NEW),66088 (NEW),2020,GEOGRAPHY,S,POLITICAL SCIENCE,S,SINHALA,C,030,F,new,12,April,2001,female
110135,COMMERCE,.2124,482 (NEW),24177 (NEW),2020,ECONOMICS,C,BUSINESS STUDIES,S,ACCOUNTING,C,Absent,F,new,13,February,2000,female
156899,ARTS,-.4304,7021 (NEW),66855 (NEW),2020,GEOGRAPHY,S,DANCING(INDIGENOUS),S,SINHALA,C,Absent,F,new,21,July,2000,female
32288,-,-,-,-,2020,AGRICULTURAL SCIENCE,F,HISTORY OF SRI LANKA & INDIA,F,COMMUNICATION & MEDIA STUDIES,S,038,Absent,new,26,March,2001,male
267734,ARTS,.2423,1542 (NEW),43878 (NEW),2020,GEOGRAPHY,C,BUDDHIST CIVILIZATION,C,SINHALA,C,026,Absent,new,1,July,2000,female
164303,-,-.5365,-,-,2020,POLITICAL SCIENCE,F,BUDDHIST CIVILIZATION,S,SINHALA,C,038,F,new,12,July,2000,female
271992,COMMERCE,.7311,223 (NEW),14807 (NEW),2020,ECONOMICS,B,BUSINESS STUDIES,C,ACCOUNTING,B,040,B,new,2,January,2002,female
257786,-,-,-,-,2020,POLITICAL SCIENCE,Absent,ISLAM,Absent,TAMIL,Absent,Absent,Absent,new,13,March,1999,male
119856,-,-,-,-,2020,HISTORY OF SRI LANKA & INDIA,F,BUDDHIST CIVILIZATION,F,SINHALA,S,020,F,new,11,January,2002,female
71414,-,-,-,-,2020,GEOGRAPHY,Absent,COMMUNICATION & MEDIA STUDIES,Absent,SINHALA,Absent,Absent,Absent,new,9,August,2000,female
281803,-,-1.1695,-,-,2020,HISTORY OF SRI LANKA & EUROPE,S,HINDU CIVILIZATION,F,TAMIL,S,040,F,new,11,July,2000,male
276525,BIOLOGICAL SCIENCE,-.1743,443 (NEW),18994 (NEW),2020,PHYSICS,S,CHEMISTRY,S,BIOLOGY,S,058,C,new,29,May,2000,female
120663,BIOLOGICAL SCIENCE,1.0055,284 (NEW),6152 (NEW),2020,PHYSICS,C,CHEMISTRY,C,BIOLOGY,B,070,A,new,25,April,2001,female
158784,ARTS,.8566,2373 (NEW),21548 (NEW),2020,GEOGRAPHY,C,DANCING(INDIGENOUS),A,SINHALA,B,036,S,new,16,December,2001,female
309266,-,-,-,-,2020,PHYSICS,Absent,CHEMISTRY,Absent,BIOLOGY,Absent,Absent,Absent,old,29,March,1999,female
233663,-,-.8475,-,-,2020,POLITICAL SCIENCE,S,BUDDHIST CIVILIZATION,S,SINHALA,F,042,F,new,18,November,2001,male
235318,-,-,-,-,2020,GEOGRAPHY,Absent,POLITICAL SCIENCE,Absent,TAMIL,Absent,Absent,Absent,new,17,February,2000,male
165257,PHYSICAL SCIENCE,-.1575,1448 (NEW),18447 (NEW),2020,PHYSICS,S,CHEMISTRY,C,COMBINED MATHEMATICS,S,060,B,new,1,June,2001,female
191942,PHYSICAL SCIENCE,1.1730,129 (NEW),5055 (NEW),2020,PHYSICS,C,CHEMISTRY,B,COMBINED MATHEMATICS,B,070,S,new,28,May,2001,male
315659,-,-.5052,-,-,2020,ECONOMICS,S,BUSINESS STUDIES,S,ACCOUNTING,F,040,F,old,3,June,1999,female
318198,-,-,-,-,2020,ECONOMICS,Absent,HISTORY OF EUROPE,Absent,SINHALA,Absent,Absent,Absent,old,14,November,1996,male
333901,ARTS,.8399,10 (OLD),1715 (OLD),2020,GEOGRAPHY,C,DRAMA AND THEATRE (TAMIL),B,TAMIL,C,033,F,old,23,April,1999,female
155080,-,-,-,-,2020,INFORMATION & COMMUNICATION TECHNOLOGY,Absent,BUSINESS STUDIES,Absent,ACCOUNTING,Absent,Absent,Absent,new,29,June,2001,female
47858,COMMERCE,.3849,2435 (NEW),20914 (NEW),2020,ECONOMICS,C,BUSINESS STUDIES,C,ACCOUNTING,C,048,S,new,10,October,2001,female
235861,ARTS,-.2218,1986 (NEW),60973 (NEW),2020,GEOGRAPHY,S,POLITICAL SCIENCE,S,TAMIL,C,048,F,new,27,November,2000,female
224974,ENGINEERING TECHNOLOGY,.5884,293 (NEW),4671 (NEW),2020,INFORMATION & COMMUNICATION TECHNOLOGY,C,ENGINEERING TECHNOLOGY,C,SCIENCE FOR TECHNOLOGY,S,054,S,new,30,January,2001,male
125684,-,-,-,-,2020,ECONOMICS,F,BUSINESS STUDIES,F,ACCOUNTING,F,040,F,new,6,October,2001,male
34193,PHYSICAL SCIENCE,1.6977,170 (NEW),2104 (NEW),2020,PHYSICS,B,CHEMISTRY,B,COMBINED MATHEMATICS,A,076,A,new,2,November,2000,male
320241,BIOLOGICAL SCIENCE,-.5386,208 (OLD),5622 (OLD),2020,PHYSICS,S,CHEMISTRY,S,BIOLOGY,C,037,C,old,10,November,1997,female
242970,BIOLOGICAL SCIENCE,.4749,212 (NEW),11291 (NEW),2020,PHYSICS,S,CHEMISTRY,C,BIOLOGY,C,062,A,new,17,June,2001,female
89514,COMMERCE,.0471,1754 (NEW),27433 (NEW),2020,ECONOMICS,C,BUSINESS STUDIES,C,ACCOUNTING,S,042,F,new,14,April,2001,female
189261,ARTS,1.3430,437 (NEW),8176 (NEW),2020,AGRICULTURAL SCIENCE,C,POLITICAL SCIENCE,A,HISTORY OF SRI LANKA & INDIA,A,054,S,new,22,March,2001,female
185011,-,-,-,-,2020,GEOGRAPHY,F,COMMUNICATION & MEDIA STUDIES,F,ART,S,050,S,new,28,March,1992,male
107138,ARTS,1.4317,330 (NEW),6354 (NEW),2020,GEOGRAPHY,B,BUDDHIST CIVILIZATION,A,SINHALA,A,034,Absent,new,15,October,2000,female
158424,ARTS,.2590,4728 (NEW),43276 (NEW),2020,GEOGRAPHY,C,HOME ECONOMICS,C,SINHALA,B,024,S,new,29,January,2002,female
155544,COMMERCE,.0244,1895 (NEW),27881 (NEW),2020,ECONOMICS,C,BUSINESS STUDIES,C,ACCOUNTING,S,036,F,new,29,August,2001,female
210937,-,-.6699,-,-,2020,PHYSICS,F,CHEMISTRY,S,BIOLOGY,S,056,B,new,25,March,2001,female
220695,-,-,-,-,2020,INFORMATION & COMMUNICATION TECHNOLOGY,Absent,ECONOMICS,Absent,ACCOUNTING,Absent,Absent,Absent,new,25,September,2000,male
48350,COMMERCE,.9739,1212 (NEW),10822 (NEW),2020,ECONOMICS,C,BUSINESS STUDIES,B,ACCOUNTING,A,Absent,F,new,23,October,2000,male
313400,-,-,-,-,2020,POLITICAL SCIENCE,Absent,BUDDHIST CIVILIZATION,Absent,SINHALA,Absent,Absent,Absent,old,27,June,1998,male
20172,ARTS,1.1028,1062 (NEW),14128 (NEW),2020,POLITICAL SCIENCE,A,LOGIC & SCIENTIFIC METHOD,B,ENGLISH,S,052,A,new,31,December,2001,female
89911,-,-,-,-,2020,PHYSICS,F,CHEMISTRY,S,COMBINED MATHEMATICS,F,Absent,S,new,9,May,2000,female
276384,-,-,-,-,2020,PHYSICS,Absent,CHEMISTRY,Absent,BIOLOGY,Absent,Absent,Absent,new,26,April,2000,female
95846,PHYSICAL SCIENCE,1.9132,100 (NEW),1258 (NEW),2020,PHYSICS,B,CHEMISTRY,A,COMBINED MATHEMATICS,A,Absent,Absent,new,5,September,2000,male
295146,PHYSICAL SCIENCE,1.7294,5 (NEW),1964 (NEW),2020,PHYSICS,B,CHEMISTRY,A,COMBINED MATHEMATICS,A,062,A,new,16,September,2000,male
93766,-,-,-,-,2020,PHYSICS,F,CHEMISTRY,F,COMBINED MATHEMATICS,F,054,S,new,11,July,2001,male
242666,PHYSICAL SCIENCE,.6534,140 (NEW),9378 (NEW),2020,PHYSICS,C,CHEMISTRY,C,COMBINED MATHEMATICS,C,070,C,new,25,August,2001,male
282333,ARTS,-.5179,1846 (NEW),68754 (NEW),2020,HISTORY OF SRI LANKA & EUROPE,S,ART,C,TAMIL,S,032,F,new,11,March,2000,male
215502,-,-,-,-,2020,PHYSICS,F,CHEMISTRY,F,BIOLOGY,F,Absent,Absent,new,17,November,2001,female
56834,-,-.5791,-,-,2020,ECONOMICS,F,BUSINESS STUDIES,S,ACCOUNTING,S,050,F,new,2,April,2001,female
256630,ARTS,1.6399,138 (NEW),3166 (NEW),2020,GEOGRAPHY,B,COMMUNICATION & MEDIA STUDIES,A,SINHALA,A,038,F,new,18,October,2001,female
28581,COMMERCE,1.7001,561 (NEW),2007 (NEW),2020,ECONOMICS,A,BUSINESS STUDIES,A,ACCOUNTING,A,054,C,new,9,April,2001,male
290141,-,-,-,-,2020,AGRICULTURAL SCIENCE,Absent,INFORMATION & COMMUNICATION TECHNOLOGY,Absent,BIO SYSTEMS TECHNOLOGY,Absent,Absent,Absent,new,22,December,1994,male
179827,-,-,-,-,2020,GEOGRAPHY,Absent,POLITICAL SCIENCE,Absent,TAMIL,Absent,Absent,Absent,new,18,October,2000,female
33989,-,-,-,-,2020,PHYSICS,S,CHEMISTRY,F,COMBINED MATHEMATICS,F,066,F,new,28,February,2000,male
102698,-,-,-,-,2020,PHYSICS,Absent,CHEMISTRY,Absent,COMBINED MATHEMATICS,Absent,Absent,Absent,new,9,March,2001,male
303759,BIOLOGICAL SCIENCE,.8717,335 (NEW),7275 (NEW),2020,PHYSICS,S,CHEMISTRY,C,BIOLOGY,B,058,C,new,27,May,2001,male
79373,-,-,-,-,2020,PHYSICS,Absent,CHEMISTRY,Absent,BIOLOGY,Absent,Absent,Absent,new,14,March,1998,female
93026,COMMERCE,-.0654,1867 (NEW),29682 (NEW),2020,ECONOMICS,S,BUSINESS STUDIES,C,ACCOUNTING,S,048,Absent,new,27,February,2001,female
91683,PHYSICAL SCIENCE,.6678,821 (NEW),9251 (NEW),2020,PHYSICS,C,CHEMISTRY,C,COMBINED MATHEMATICS,C,054,S,new,4,March,2000,male
305503,-,-,-,-,2020,POLITICAL SCIENCE,Absent,HISTORY OF SRI LANKA & EUROPE,Absent,TAMIL,Absent,Absent,Absent,new,7,October,2000,female
275154,ARTS,.3377,1392 (NEW),40253 (NEW),2020,POLITICAL SCIENCE,S,COMMUNICATION & MEDIA STUDIES,C,SINHALA,B,024,F,new,6,June,2001,female
170850,PHYSICAL SCIENCE,1.2625,341 (NEW),4445 (NEW),2020,PHYSICS,C,CHEMISTRY,B,COMBINED MATHEMATICS,A,060,S,new,15,February,2000,male
334341,-,-,-,-,2020,PHYSICS,Absent,CHEMISTRY,Absent,BIOLOGY,Absent,Absent,Absent,old,23,November,1998,female
779,-,-,-,-,2020,POLITICAL SCIENCE,F,COMMUNICATION & MEDIA STUDIES,F,SINHALA,F,036,F,new,7,August,2001,female
36515,PHYSICAL SCIENCE,-.1126,1812 (NEW),17973 (NEW),2020,PHYSICS,S,CHEMISTRY,S,COMBINED MATHEMATICS,C,062,C,new,19,May,2001,female
157117,-,-,-,-,2020,GEOGRAPHY,F,HISTORY OF SRI LANKA & INDIA,S,COMMUNICATION & MEDIA STUDIES,F,046,F,new,2,April,2001,male
219893,-,-,-,-,2020,GEOGRAPHY,F,POLITICAL SCIENCE,F,COMMUNICATION & MEDIA STUDIES,F,040,F,new,25,September,2001,male
247806,ENGINEERING TECHNOLOGY,-.1778,441 (NEW),10206 (NEW),2020,INFORMATION & COMMUNICATION TECHNOLOGY,S,ENGINEERING TECHNOLOGY,S,SCIENCE FOR TECHNOLOGY,S,054,F,new,29,June,2001,male
71924,-,-,-,-,2020,ECONOMICS,Absent,BUSINESS STUDIES,Absent,ACCOUNTING,Absent,Absent,Absent,new,23,November,2000,male
331199,COMMERCE,1.1449,7 (OLD),226 (OLD),2020,ECONOMICS,A,BUSINESS STUDIES,B,ACCOUNTING,C,Absent,S,old,Invalid nic error,Invalid nic error,Invalid nic error,
172021,-,-,-,-,2020,GEOGRAPHY,Absent,HOME ECONOMICS,Absent,SINHALA,Absent,Absent,Absent,new,29,October,2000,female
329475,PHYSICAL SCIENCE,-.0975,109 (OLD),1347 (OLD),2020,PHYSICS,S,CHEMISTRY,S,COMBINED MATHEMATICS,S,058,B,old,18,February,1998,female
202909,BIOSYSTEMS TECHNOLOGY,1.3949,33 (NEW),816 (NEW),2020,AGRICULTURAL SCIENCE,B,BIO SYSTEMS TECHNOLOGY,B,SCIENCE FOR TECHNOLOGY,C,054,C,new,12,September,2001,male
295940,-,-,-,-,2020,GEOGRAPHY,Absent,HINDU CIVILIZATION,Absent,TAMIL,Absent,Absent,Absent,new,7,September,2000,female
231631,COMMERCE,-.2352,2300 (NEW),33163 (NEW),2020,ECONOMICS,S,BUSINESS STUDIES,C,ACCOUNTING,S,044,F,new,16,May,2001,male
284943,PHYSICAL SCIENCE,.2134,138 (NEW),14078 (NEW),2020,PHYSICS,S,CHEMISTRY,S,COMBINED MATHEMATICS,C,058,F,new,10,October,2001,male
44322,COMMERCE,1.1284,935 (NEW),8481 (NEW),2020,ECONOMICS,B,BUSINESS STUDIES,A,ACCOUNTING,B,068,A,new,14,June,2001,female
186486,-,-,-,-,2020,PHYSICS,F,CHEMISTRY,F,BIOLOGY,F,050,B,new,10,January,2002,female
148411,-,-,-,-,2020,CHEMISTRY,F,AGRICULTURAL SCIENCE,S,BIOLOGY,F,042,S,new,20,July,2000,female
133942,ARTS,.6750,1813 (NEW),27737 (NEW),2020,AGRICULTURAL SCIENCE,C,ECONOMICS,C,SINHALA,B,066,S,new,5,August,2001,male
184320,COMMERCE,.0636,998 (NEW),27127 (NEW),2020,ECONOMICS,C,BUSINESS STUDIES,S,ACCOUNTING,C,020,F,new,11,November,2000,female
283207,ARTS,1.2276,220 (NEW),10840 (NEW),2020,POLITICAL SCIENCE,A,LOGIC & SCIENTIFIC METHOD,B,SINHALA,B,066,F,new,30,January,2002,male
30464,COMMERCE,-.3726,6633 (NEW),35705 (NEW),2020,ECONOMICS,C,BUSINESS STUDIES,S,ACCOUNTING,S,060,F,new,23,May,2001,female
194705,-,-,-,-,2020,AGRICULTURAL SCIENCE,F,ENGINEERING TECHNOLOGY,F,SCIENCE FOR TECHNOLOGY,F,038,F,new,17,September,2001,male
314453,-,-,-,-,2020,PHYSICS,F,CHEMISTRY,F,BIOLOGY,F,050,C,old,5,May,1999,female
213909,-,-.6256,-,-,2020,PHYSICS,F,CHEMISTRY,S,BIOLOGY,S,052,A,new,28,June,2001,female
293670,PHYSICAL SCIENCE,.5305,15 (NEW),10587 (NEW),2020,PHYSICS,S,CHEMISTRY,C,COMBINED MATHEMATICS,B,060,F,new,3,September,2001,male
264477,BIOLOGICAL SCIENCE,.3060,435 (NEW),13181 (NEW),2020,CHEMISTRY,S,AGRICULTURAL SCIENCE,C,BIOLOGY,S,052,F,new,24,May,2000,female
329929,BIOLOGICAL SCIENCE,.0823,339 (OLD),4052 (OLD),2020,CHEMISTRY,S,AGRICULTURAL SCIENCE,C,BIOLOGY,C,Absent,Absent,old,10,July,1999,female
276813,-,-,-,-,2020,AGRICULTURAL SCIENCE,Absent,INFORMATION & COMMUNICATION TECHNOLOGY,Absent,TAMIL,Absent,Absent,Absent,new,20,May,2000,female
319555,ARTS,-.6293,366 (OLD),5681 (OLD),2020,POLITICAL SCIENCE,S,BUDDHIST CIVILIZATION,S,SINHALA,C,045,F,old,10,February,1992,female
268528,BIOLOGICAL SCIENCE,.8773,196 (NEW),7224 (NEW),2020,PHYSICS,C,CHEMISTRY,C,BIOLOGY,C,064,B,new,15,July,2001,female
182825,-,-,-,-,2020,PHYSICS,F,CHEMISTRY,S,COMBINED MATHEMATICS,F,060,C,new,22,May,2001,male
161673,COMMERCE,-.5701,2552 (NEW),38463 (NEW),2020,ECONOMICS,S,BUSINESS STUDIES,S,ACCOUNTING,S,046,F,new,29,July,2001,female
9489,BIOLOGICAL SCIENCE,-.1250,2719 (NEW),18492 (NEW),2020,PHYSICS,S,CHEMISTRY,C,BIOLOGY,S,040,A,new,19,August,2000,female
223386,ENGINEERING TECHNOLOGY,-.5310,796 (NEW),12109 (NEW),2020,INFORMATION & COMMUNICATION TECHNOLOGY,S,ENGINEERING TECHNOLOGY,S,SCIENCE FOR TECHNOLOGY,S,058,S,new,24,August,2001,male
88785,ENGINEERING TECHNOLOGY,.7477,247 (NEW),3825 (NEW),2020,INFORMATION & COMMUNICATION TECHNOLOGY,C,ENGINEERING TECHNOLOGY,C,SCIENCE FOR TECHNOLOGY,C,Absent,Absent,new,20,November,2000,male
98209,ARTS,.2005,2122 (NEW),45528 (NEW),2020,COMMUNICATION & MEDIA STUDIES,C,BUDDHIST CIVILIZATION,C,SINHALA,C,034,F,new,28,June,2001,female
32043,ARTS,.9304,1371 (NEW),19148 (NEW),2020,GEOGRAPHY,C,POLITICAL SCIENCE,C,COMMUNICATION & MEDIA STUDIES,C,050,C,new,30,January,2002,male
308698,-,-,-,-,2020,INFORMATION & COMMUNICATION TECHNOLOGY,Absent,HISTORY OF INDIA,Absent,BUDDHIST CIVILIZATION,Absent,Absent,Absent,old,5,December,1991,female
136882,PHYSICAL SCIENCE,-.0185,709 (NEW),16892 (NEW),2020,PHYSICS,C,CHEMISTRY,S,COMBINED MATHEMATICS,S,Absent,A,new,20,December,2000,male
73667,COMMERCE,1.2097,550 (NEW),7337 (NEW),2020,ECONOMICS,B,BUSINESS STUDIES,A,ACCOUNTING,B,Absent,C,new,21,May,2000,female
308055,BIOLOGICAL SCIENCE,.2539,197 (OLD),3546 (OLD),2020,PHYSICS,C,CHEMISTRY,C,BIOLOGY,C,060,F,old,10,November,1999,male
157410,-,-,-,-,2020,PHYSICS,F,CHEMISTRY,S,BIOLOGY,F,058,F,new,5,February,2001,female
111563,-,-,-,-,2020,PHYSICS,F,CHEMISTRY,F,COMBINED MATHEMATICS,F,044,S,new,4,July,2000,female
325213,BIOLOGICAL SCIENCE,.7610,138 (OLD),2161 (OLD),2020,PHYSICS,C,CHEMISTRY,C,BIOLOGY,B,Absent,Absent,old,8,December,1999,female
314181,-,-,-,-,2020,AGRICULTURAL SCIENCE,Absent,BIO SYSTEMS TECHNOLOGY,Absent,SCIENCE FOR TECHNOLOGY,Absent,Absent,Absent,old,17,December,1999,male
230637,BIOSYSTEMS TECHNOLOGY,.8355,164 (NEW),2223 (NEW),2020,INFORMATION & COMMUNICATION TECHNOLOGY,C,BIO SYSTEMS TECHNOLOGY,S,SCIENCE FOR TECHNOLOGY,B,052,C,new,12,May,2001,female
203385,-,-.6856,-,-,2020,AGRICULTURAL SCIENCE,F,BIO SYSTEMS TECHNOLOGY,S,SCIENCE FOR TECHNOLOGY,S,Absent,F,new,18,March,2000,male
17378,-,-.0099,-,-,2020,PHYSICS,C,CHEMISTRY,F,COMBINED MATHEMATICS,S,056,C,new,27,March,2001,male
134653,ARTS,.5652,1329 (NEW),31656 (NEW),2020,GEOGRAPHY,B,POLITICAL SCIENCE,C,ISLAMIC CIVILIZATION,B,038,S,new,12,November,2001,male
262295,BIOLOGICAL SCIENCE,1.9960,7 (NEW),962 (NEW),2020,PHYSICS,B,CHEMISTRY,A,BIOLOGY,B,078,A,new,23,January,2001,female
96506,PHYSICAL SCIENCE,1.4462,260 (NEW),3324 (NEW),2020,PHYSICS,C,CHEMISTRY,B,COMBINED MATHEMATICS,A,078,B,new,7,August,2001,female
19466,ARTS,.7283,1779 (NEW),25851 (NEW),2020,POLITICAL SCIENCE,S,HISTORY OF SRI LANKA & INDIA,C,SINHALA,A,058,B,new,30,November,2000,male
22514,-,-,-,-,2020,PHYSICS,F,CHEMISTRY,F,BIOLOGY,F,048,A,new,19,October,2001,female
171844,ARTS,.7168,2913 (NEW),26242 (NEW),2020,GEOGRAPHY,C,POLITICAL SCIENCE,C,SINHALA,B,040,S,new,17,February,2001,female
298862,ARTS,.6646,731 (NEW),28078 (NEW),2020,GEOGRAPHY,B,POLITICAL SCIENCE,S,TAMIL,B,050,F,new,9,April,2001,female
26702,ARTS,1.5853,408 (NEW),3833 (NEW),2020,LOGIC & SCIENTIFIC METHOD,C,COMMUNICATION & MEDIA STUDIES,A,DANCING(INDIGENOUS),A,028,C,new,10,March,2001,female
274433,ARTS,1.0592,458 (NEW),15317 (NEW),2020,ECONOMICS,C,HINDUISM,A,TAMIL,B,054,B,new,6,May,2001,female
91491,COMMERCE,1.8707,102 (NEW),991 (NEW),2020,ECONOMICS,A,BUSINESS STUDIES,A,ACCOUNTING,A,048,C,new,22,April,2001,female
194617,ENGINEERING TECHNOLOGY,.1156,390 (NEW),7870 (NEW),2020,INFORMATION & COMMUNICATION TECHNOLOGY,S,ENGINEERING TECHNOLOGY,C,SCIENCE FOR TECHNOLOGY,S,022,F,new,25,February,2001,male
212699,-,-.3492,-,-,2020,PHYSICS,F,CHEMISTRY,S,BIOLOGY,S,058,C,new,26,June,2000,male
256003,-,-,-,-,2020,POLITICAL SCIENCE,S,HINDU CIVILIZATION,F,TAMIL,F,030,F,new,20,May,2001,male
323782,BIOLOGICAL SCIENCE,-.3359,514 (OLD),5224 (OLD),2020,PHYSICS,S,CHEMISTRY,S,BIOLOGY,C,Absent,F,old,1,August,1999,female
215940,-,-,-,-,2020,PHYSICS,F,CHEMISTRY,F,BIOLOGY,F,044,B,new,1,December,2001,female
292738,ARTS,-.0829,388 (NEW),56181 (NEW),2020,HOME ECONOMICS,S,DRAMA AND THEATRE (TAMIL),C,TAMIL,C,024,F,new,7,August,2000,female
142143,PHYSICAL SCIENCE,1.2303,158 (NEW),4668 (NEW),2020,PHYSICS,C,CHEMISTRY,C,COMBINED MATHEMATICS,A,Absent,C,new,18,March,2000,male
240483,-,-,-,-,2020,BUDDHISM,F,SINHALA,S,PALI,F,032,F,new,27,June,1998,male
153324,-,-,-,-,2020,INFORMATION & COMMUNICATION TECHNOLOGY,F,BUSINESS STUDIES,S,ACCOUNTING,F,050,F,new,18,December,2001,male
4362,PHYSICAL SCIENCE,1.1218,1128 (NEW),5426 (NEW),2020,PHYSICS,B,CHEMISTRY,B,COMBINED MATHEMATICS,C,086,A,new,27,November,2001,male
303907,-,-,-,-,2020,GEOGRAPHY,Absent,DRAMA AND THEATRE (TAMIL),Absent,TAMIL,Absent,Absent,Absent,new,9,April,2000,male
71219,COMMERCE,-.2910,2287 (NEW),34210 (NEW),2020,ECONOMICS,S,BUSINESS STUDIES,S,ACCOUNTING,S,048,C,new,23,June,2001,female
106822,COMMERCE,1.4028,244 (NEW),4860 (NEW),2020,ECONOMICS,A,BUSINESS STUDIES,C,ACCOUNTING,A,034,Absent,new,20,May,2000,female
208770,ARTS,.9377,469 (NEW),18936 (NEW),2020,GEOGRAPHY,B,DANCING(INDIGENOUS),A,SINHALA,C,046,F,new,4,May,2001,female
19233,-,-.6401,-,-,2020,AGRICULTURAL SCIENCE,S,BIO SYSTEMS TECHNOLOGY,S,SCIENCE FOR TECHNOLOGY,F,048,F,new,3,June,2001,male
208241,-,-,-,-,2020,AGRICULTURAL SCIENCE,F,BIO SYSTEMS TECHNOLOGY,F,SCIENCE FOR TECHNOLOGY,F,036,F,new,23,September,2000,female
195131,-,-,-,-,2020,POLITICAL SCIENCE,Absent,BUDDHIST CIVILIZATION,Absent,SINHALA,Absent,Absent,Absent,new,17,February,2001,female
331252,COMMERCE,.5683,20 (OLD),433 (OLD),2020,ECONOMICS,C,BUSINESS STUDIES,C,ACCOUNTING,S,055,C,old,26,February,1999,female
179043,BIOLOGICAL SCIENCE,.6062,267 (NEW),9840 (NEW),2020,PHYSICS,C,CHEMISTRY,C,BIOLOGY,C,064,A,new,3,March,2000,female
257191,ENGINEERING TECHNOLOGY,1.5630,11 (NEW),999 (NEW),2020,GEOGRAPHY,A,ENGINEERING TECHNOLOGY,B,SCIENCE FOR TECHNOLOGY,C,056,F,new,27,July,2000,male
325829,-,-,-,-,2020,PHYSICS,Absent,CHEMISTRY,Absent,BIOLOGY,Absent,Absent,Absent,old,27,May,1995,female
190711,ARTS,1.3795,392 (NEW),7335 (NEW),2020,GEOGRAPHY,B,BUDDHIST CIVILIZATION,A,SINHALA,B,038,F,new,8,May,2000,female
137518,COMMERCE,.5527,724 (NEW),17862 (NEW),2020,ECONOMICS,S,BUSINESS STUDIES,B,ACCOUNTING,B,048,C,new,9,February,2001,male
80732,-,.0264,-,-,2020,PHYSICS,S,COMBINED MATHEMATICS,F,INFORMATION & COMMUNICATION TECHNOLOGY,C,070,C,new,21,May,2001,male
291069,ARTS,.9223,141 (NEW),19382 (NEW),2020,POLITICAL SCIENCE,C,BUDDHIST CIVILIZATION,A,SINHALA,C,030,F,new,13,June,1999,male
107035,ARTS,.8113,1211 (NEW),23061 (NEW),2020,POLITICAL SCIENCE,C,BUDDHIST CIVILIZATION,B,SINHALA,B,028,F,new,7,February,2001,female
179900,COMMERCE,1.3392,179 (NEW),5651 (NEW),2020,ECONOMICS,A,BUSINESS STUDIES,B,ACCOUNTING,A,054,S,new,14,December,2001,female
236289,-,-,-,-,2020,PHYSICS,F,CHEMISTRY,S,COMBINED MATHEMATICS,F,064,C,new,19,June,2001,male
86235,COMMERCE,.0897,1711 (NEW),26610 (NEW),2020,ECONOMICS,C,BUSINESS STUDIES,C,ACCOUNTING,S,Absent,Absent,new,10,August,2000,male
334989,-,-,-,-,2020,GEOGRAPHY,Absent,HOME ECONOMICS,Absent,ISLAM,S,Absent,Absent,old,31,October,1998,female
209208,-,-.6651,-,-,2020,ECONOMICS,F,BUSINESS STUDIES,S,ACCOUNTING,S,050,F,new,15,September,2000,male
140459,PHYSICAL SCIENCE,-.0376,720 (NEW),17102 (NEW),2020,PHYSICS,C,CHEMISTRY,S,COMBINED MATHEMATICS,S,064,S,new,27,October,2000,male
205764,BIOLOGICAL SCIENCE,-.4825,410 (NEW),21339 (NEW),2020,PHYSICS,S,CHEMISTRY,S,BIOLOGY,S,050,S,new,11,December,2000,female
292597,-,-.3916,-,-,2020,GEOGRAPHY,F,HINDU CIVILIZATION,C,TAMIL,S,014,F,new,23,May,2001,female
86696,COMMERCE,-.2442,2070 (NEW),33346 (NEW),2020,ECONOMICS,S,BUSINESS STUDIES,C,ACCOUNTING,S,Absent,F,new,14,December,2000,female
208019,-,-.2862,-,-,2020,INFORMATION & COMMUNICATION TECHNOLOGY,F,ENGINEERING TECHNOLOGY,S,SCIENCE FOR TECHNOLOGY,C,050,S,new,4,September,2001,male
182246,-,-.7295,-,-,2020,GEOGRAPHY,F,BUDDHIST CIVILIZATION,S,SINHALA,C,038,F,new,10,August,2001,male
106057,-,.0248,-,-,2020,POLITICAL SCIENCE,F,BUDDHIST CIVILIZATION,C,SINHALA,C,026,F,new,14,December,2001,female
278732,-,-.3208,-,-,2020,PHYSICS,S,CHEMISTRY,F,BIOLOGY,C,050,S,new,9,March,2001,male
266717,ARTS,-.9298,2664 (NEW),72789 (NEW),2020,GEOGRAPHY,S,HOME ECONOMICS,S,SINHALA,S,032,F,new,4,June,2000,female
207363,BIOLOGICAL SCIENCE,1.7043,20 (NEW),1987 (NEW),2020,PHYSICS,B,CHEMISTRY,A,BIOLOGY,B,066,A,new,22,January,2001,female
89201,ARTS,1.0684,995 (NEW),15062 (NEW),2020,COMMUNICATION & MEDIA STUDIES,B,BUDDHIST CIVILIZATION,C,SINHALA,B,040,C,new,7,June,1998,female
184996,ENGINEERING TECHNOLOGY,.0381,416 (NEW),8496 (NEW),2020,INFORMATION & COMMUNICATION TECHNOLOGY,S,ENGINEERING TECHNOLOGY,S,SCIENCE FOR TECHNOLOGY,S,048,S,new,20,September,2000,male
324346,-,-,-,-,2020,LOGIC & SCIENTIFIC METHOD,Absent,CHRISTIANITY,Absent,SINHALA,Absent,Absent,Absent,old,14,September,1999,female
307477,-,-,-,-,2020,PHYSICS,Absent,CHEMISTRY,Absent,BIOLOGY,Absent,Absent,Absent,old,19,February,1995,male
47736,PHYSICAL SCIENCE,.0157,1655 (NEW),16475 (NEW),2020,PHYSICS,S,CHEMISTRY,S,COMBINED MATHEMATICS,S,064,S,new,18,May,2001,male
66582,-,-.1818,-,-,2020,GEOGRAPHY,C,HISTORY OF SRI LANKA & INDIA,C,COMMUNICATION & MEDIA STUDIES,F,044,F,new,2,December,2001,male
287957,ARTS,-.3776,1596 (NEW),65572 (NEW),2020,GEOGRAPHY,S,HOME ECONOMICS,C,ISLAM,C,034,F,new,18,January,2000,female
326662,-,-,-,-,2020,HISTORY OF INDIA,Absent,COMMUNICATION & MEDIA STUDIES,Absent,BUDDHIST CIVILIZATION,Absent,Absent,Absent,old,Invalid nic error,Invalid nic error,Invalid nic error,
17775,-,-.9716,-,-,2020,HISTORY OF SRI LANKA & INDIA,S,COMMUNICATION & MEDIA STUDIES,F,SINHALA,S,032,F,new,15,September,2001,male
244614,-,-.2999,-,-,2020,PHYSICS,S,CHEMISTRY,S,BIOLOGY,F,056,A,new,2,October,2000,female
134462,ARTS,-.0313,3206 (NEW),54263 (NEW),2020,POLITICAL SCIENCE,C,BUDDHIST CIVILIZATION,S,SINHALA,C,038,F,new,26,September,2000,female
169984,-,-.1879,-,-,2020,POLITICAL SCIENCE,F,COMMUNICATION & MEDIA STUDIES,C,SINHALA,C,046,F,new,25,April,2000,male
125780,-,-,-,-,2020,PHYSICS,F,COMBINED MATHEMATICS,F,INFORMATION & COMMUNICATION TECHNOLOGY,F,040,F,new,4,March,2001,male
307392,-,-,-,-,2020,POLITICAL SCIENCE,Absent,BUDDHIST CIVILIZATION,Absent,SINHALA,Absent,Absent,Absent,old,25,October,1994,male
218235,-,-,-,-,2020,GEOGRAPHY,F,POLITICAL SCIENCE,F,SINHALA,F,042,F,new,8,May,2001,male
334375,-,-,-,-,2020,PHYSICS,Absent,COMBINED MATHEMATICS,Absent,INFORMATION & COMMUNICATION TECHNOLOGY,Absent,Absent,Absent,old,Invalid nic error,Invalid nic error,Invalid nic error,
98591,BIOLOGICAL SCIENCE,2.0746,75 (NEW),759 (NEW),2020,PHYSICS,B,CHEMISTRY,A,BIOLOGY,A,080,A,new,7,December,2001,female
82706,BIOLOGICAL SCIENCE,.1804,1064 (NEW),14718 (NEW),2020,PHYSICS,C,CHEMISTRY,S,BIOLOGY,S,062,A,new,16,April,2001,male
224987,-,-.9394,-,-,2020,ECONOMICS,S,BUSINESS STUDIES,S,ACCOUNTING,F,026,F,new,29,January,2002,male
308001,-,-,-,-,2020,ECONOMICS,Absent,BUSINESS STUDIES,Absent,ACCOUNTING,Absent,Absent,Absent,old,4,March,1998,female
323278,-,-,-,-,2020,COMMUNICATION & MEDIA STUDIES,Absent,ENGINEERING TECHNOLOGY,Absent,SCIENCE FOR TECHNOLOGY,Absent,Absent,Absent,old,5,April,1999,male
102050,ARTS,-.1152,2546 (NEW),57354 (NEW),2020,COMMUNICATION & MEDIA STUDIES,C,BUDDHIST CIVILIZATION,S,SINHALA,C,060,F,new,5,April,2000,female
170826,-,-.5099,-,-,2020,PHYSICS,F,CHEMISTRY,S,BIOLOGY,S,Absent,C,new,11,December,2000,female
38549,COMMERCE,-.4130,4333 (NEW),36382 (NEW),2020,ECONOMICS,S,BUSINESS STUDIES,S,ACCOUNTING,S,046,S,new,2,November,2001,male
82928,-,-,-,-,2020,PHYSICS,F,CHEMISTRY,F,COMBINED MATHEMATICS,F,054,S,new,4,April,2001,male
218076,-,-,-,-,2020,ECONOMICS,F,BUSINESS STUDIES,F,ACCOUNTING,F,026,C,new,28,August,2000,male
84434,-,-,-,-,2020,ECONOMICS,Absent,DRAMA AND THEATRE (SINHALA),Absent,SINHALA,Absent,Absent,Absent,new,23,March,2000,female
202907,COMMERCE,1.7269,32 (NEW),1801 (NEW),2020,INFORMATION & COMMUNICATION TECHNOLOGY,B,BUSINESS STUDIES,A,ACCOUNTING,A,064,C,new,17,October,2001,male
219827,-,-,-,-,2020,POLITICAL SCIENCE,F,COMMUNICATION & MEDIA STUDIES,F,DRAMA AND THEATRE (SINHALA),F,050,F,new,29,March,2001,male
205861,-,-,-,-,2020,GEOGRAPHY,F,LOGIC & SCIENTIFIC METHOD,F,SINHALA,C,028,S,new,23,December,2001,female
210079,COMMERCE,-.2351,735 (NEW),33161 (NEW),2020,ECONOMICS,S,BUSINESS STUDIES,C,ACCOUNTING,S,Absent,S,new,6,July,2000,female
212435,BIOLOGICAL SCIENCE,.7598,630 (NEW),8300 (NEW),2020,PHYSICS,C,CHEMISTRY,C,BIOLOGY,C,064,A,new,4,May,2001,male
50662,ARTS,.5267,2547 (NEW),33100 (NEW),2020,GEOGRAPHY,C,CHRISTIANITY,B,SINHALA,C,050,F,new,23,December,2001,female
60426,-,-,-,-,2020,PHYSICS,F,CHEMISTRY,F,BIOLOGY,F,062,C,new,20,June,2001,female
184038,-,-,-,-,2020,PHYSICS,F,CHEMISTRY,F,COMBINED MATHEMATICS,F,Absent,F,new,20,December,2000,female
233817,ARTS,.1178,3257 (NEW),48707 (NEW),2020,GEOGRAPHY,S,POLITICAL SCIENCE,C,SINHALA,C,038,S,new,1,November,2001,female
312550,-,-,-,-,2020,INFORMATION & COMMUNICATION TECHNOLOGY,Absent,LOGIC & SCIENTIFIC METHOD,Absent,SINHALA,Absent,Absent,Absent,old,25,August,1999,male
170238,-,-,-,-,2020,INFORMATION & COMMUNICATION TECHNOLOGY,F,ENGINEERING TECHNOLOGY,Absent,SCIENCE FOR TECHNOLOGY,F,026,S,new,31,July,2001,male
237363,-,-,-,-,2020,PHYSICS,F,COMBINED MATHEMATICS,F,INFORMATION & COMMUNICATION TECHNOLOGY,S,034,C,new,5,March,2001,female
78818,BIOLOGICAL SCIENCE,.1199,1109 (NEW),15453 (NEW),2020,PHYSICS,S,CHEMISTRY,C,BIOLOGY,S,072,B,new,20,January,2002,female
104525,-,-,-,-,2020,CHEMISTRY,F,AGRICULTURAL SCIENCE,S,BIOLOGY,F,040,C,new,28,August,2001,female
320516,-,-,-,-,2020,ECONOMICS,Absent,BUSINESS STUDIES,Absent,ACCOUNTING,Absent,Absent,Absent,old,17,March,1990,male
180902,ARTS,.9713,601 (NEW),17945 (NEW),2020,GEOGRAPHY,B,ISLAM,A,TAMIL,C,046,S,new,31,December,2001,female
45760,NON,.2108,-,-,2020,PHYSICS,S,COMBINED MATHEMATICS,C,INFORMATION & COMMUNICATION TECHNOLOGY,S,Absent,Absent,new,3,October,2000,female
58371,ARTS,.3474,3076 (NEW),39888 (NEW),2020,GEOGRAPHY,C,LOGIC & SCIENTIFIC METHOD,S,SINHALA,B,038,F,new,5,November,2001,female
10106,BIOLOGICAL SCIENCE,1.7363,441 (NEW),1859 (NEW),2020,PHYSICS,B,CHEMISTRY,A,BIOLOGY,B,Absent,A,new,9,August,2000,male
287598,-,-,-,-,2020,ECONOMICS,F,BUSINESS STUDIES,F,ACCOUNTING,F,036,F,new,13,June,2001,male
90955,COMMERCE,.3070,1472 (NEW),22367 (NEW),2020,ECONOMICS,C,BUSINESS STUDIES,B,ACCOUNTING,S,046,F,new,27,December,2001,female
320321,-,-,-,-,2020,POLITICAL SCIENCE,Absent,BUDDHIST CIVILIZATION,Absent,SINHALA,Absent,Absent,Absent,old,8,January,2000,female
98178,-,-,-,-,2020,PHYSICS,F,CHEMISTRY,F,BIOLOGY,F,042,S,new,16,February,2001,female
259396,PHYSICAL SCIENCE,1.0160,63 (NEW),6223 (NEW),2020,PHYSICS,C,CHEMISTRY,B,COMBINED MATHEMATICS,C,056,S,new,1,October,2000,male
183339,ARTS,1.3128,481 (NEW),8850 (NEW),2020,INFORMATION & COMMUNICATION TECHNOLOGY,A,HINDI,C,JAPANESE,A,052,B,new,3,January,2002,female
263900,ARTS,.0516,1823 (NEW),51180 (NEW),2020,POLITICAL SCIENCE,S,HISTORY OF SRI LANKA & EUROPE,C,SINHALA,C,050,F,new,30,October,2001,male
157513,-,-.7229,-,-,2020,ECONOMICS,F,BUSINESS STUDIES,C,ACCOUNTING,S,036,S,new,14,March,2001,male
80447,-,-,-,-,2020,ECONOMICS,Absent,BUSINESS STUDIES,Absent,ACCOUNTING,Absent,Absent,Absent,new,13,January,2001,male
284713,-,-,-,-,2020,PHYSICS,Absent,CHEMISTRY,Absent,BIOLOGY,Absent,Absent,Absent,new,5,December,2000,female
312815,BIOLOGICAL SCIENCE,-.1771,138 (OLD),4786 (OLD),2020,PHYSICS,S,CHEMISTRY,S,BIOLOGY,C,047,Absent,old,17,March,1999,male
74944,BIOLOGICAL SCIENCE,-.2266,1122 (NEW),19571 (NEW),2020,PHYSICS,S,CHEMISTRY,S,BIOLOGY,S,054,A,new,26,November,2001,female
24661,-,-,-,-,2020,ECONOMICS,F,BUSINESS STUDIES,F,ACCOUNTING,F,048,C,new,18,June,2001,female
133566,-,-.0230,-,-,2020,PHYSICS,C,CHEMISTRY,C,COMBINED MATHEMATICS,F,060,S,new,20,September,1999,male
34872,ARTS,.5923,2366 (NEW),30665 (NEW),2020,ECONOMICS,C,GEOGRAPHY,C,LOGIC & SCIENTIFIC METHOD,C,042,C,new,16,January,2002,female
143766,-,-,-,-,2020,HOME ECONOMICS,Absent,ORIENTAL MUSIC,Absent,SINHALA,Absent,Absent,Absent,new,Invalid nic error,Invalid nic error,Invalid nic error,
323487,ARTS,-.2425,420 (OLD),4931 (OLD),2020,POLITICAL SCIENCE,S,LOGIC & SCIENTIFIC METHOD,S,COMMUNICATION & MEDIA STUDIES,S,Absent,F,old,12,January,2000,female
109564,ARTS,.0468,1798 (NEW),51339 (NEW),2020,GEOGRAPHY,S,BUDDHIST CIVILIZATION,S,SINHALA,B,030,F,new,20,December,2001,female
221181,-,-,-,-,2020,PHYSICS,F,CHEMISTRY,F,COMBINED MATHEMATICS,F,034,C,new,21,March,2001,male
254794,ENGINEERING TECHNOLOGY,.2272,288 (NEW),7028 (NEW),2020,INFORMATION & COMMUNICATION TECHNOLOGY,S,ENGINEERING TECHNOLOGY,C,SCIENCE FOR TECHNOLOGY,S,042,F,new,28,November,2001,female
306846,-,-,-,-,2020,COMMUNICATION & MEDIA STUDIES,Absent,BUDDHIST CIVILIZATION,Absent,SINHALA,Absent,Absent,Absent,old,28,March,1995,female
49303,-,-,-,-,2020,PHYSICS,F,CHEMISTRY,F,BIOLOGY,F,034,S,new,4,January,2002,female
245356,BIOLOGICAL SCIENCE,-.0174,573 (NEW),17218 (NEW),2020,PHYSICS,S,CHEMISTRY,C,BIOLOGY,S,032,F,new,3,December,2000,male
49462,COMMERCE,.8497,1445 (NEW),12794 (NEW),2020,ECONOMICS,B,BUSINESS STUDIES,B,ACCOUNTING,C,048,A,new,17,April,2001,female
187456,-,-.9525,-,-,2020,AGRICULTURAL SCIENCE,F,GEOGRAPHY,S,SINHALA,S,042,F,new,13,November,2001,male
282341,ARTS,.7627,546 (NEW),24673 (NEW),2020,HISTORY OF SRI LANKA & EUROPE,C,DRAMA AND THEATRE (TAMIL),B,TAMIL,B,030,F,new,27,June,2001,female
39277,PHYSICAL SCIENCE,1.0704,533 (NEW),5797 (NEW),2020,PHYSICS,B,CHEMISTRY,C,COMBINED MATHEMATICS,B,078,S,new,19,October,2001,male
212205,ARTS,-.3302,4529 (NEW),64317 (NEW),2020,HISTORY OF SRI LANKA & INDIA,C,BUDDHIST CIVILIZATION,S,SINHALA,C,052,S,new,28,March,2001,male
253250,COMMERCE,1.7361,39 (NEW),1750 (NEW),2020,ECONOMICS,A,BUSINESS STUDIES,A,ACCOUNTING,A,044,C,new,27,June,2001,male
97523,-,-,-,-,2020,CHEMISTRY,F,AGRICULTURAL SCIENCE,S,BIOLOGY,F,048,S,new,6,November,2001,female
102783,-,-,-,-,2020,ECONOMICS,F,BUSINESS STUDIES,S,ACCOUNTING,F,034,Absent,new,5,February,2001,male
203015,BIOSYSTEMS TECHNOLOGY,1.7469,8 (NEW),383 (NEW),2020,AGRICULTURAL SCIENCE,A,BIO SYSTEMS TECHNOLOGY,B,SCIENCE FOR TECHNOLOGY,C,060,S,new,25,August,2001,male
159451,ARTS,.0516,5490 (NEW),51180 (NEW),2020,HISTORY OF SRI LANKA & INDIA,C,BUDDHIST CIVILIZATION,C,SINHALA,C,048,F,new,19,August,2001,male
126404,-,-,-,-,2020,ECONOMICS,Absent,BUSINESS STUDIES,Absent,ACCOUNTING,Absent,Absent,Absent,new,27,September,2000,male
53788,COMMERCE,-.5442,4574 (NEW),38182 (NEW),2020,ECONOMICS,S,BUSINESS STUDIES,S,ACCOUNTING,S,046,F,new,29,March,2001,female
317007,BIOLOGICAL SCIENCE,1.0676,102 (OLD),1504 (OLD),2020,PHYSICS,C,CHEMISTRY,B,BIOLOGY,B,Absent,Absent,old,10,May,1999,female
224066,ARTS,.4683,2251 (NEW),35287 (NEW),2020,GEOGRAPHY,C,ISLAM,C,TAMIL,B,050,B,new,29,June,2001,female
302634,ARTS,-.4474,1942 (NEW),67252 (NEW),2020,GEOGRAPHY,C,ART,S,TAMIL,S,050,F,new,16,July,2001,male
63200,-,-,-,-,2020,INFORMATION & COMMUNICATION TECHNOLOGY,F,BIO SYSTEMS TECHNOLOGY,S,SCIENCE FOR TECHNOLOGY,F,030,F,new,4,April,2000,male
292446,-,-,-,-,2020,AGRICULTURAL SCIENCE,Absent,BIO SYSTEMS TECHNOLOGY,Absent,SCIENCE FOR TECHNOLOGY,Absent,Absent,Absent,new,1,March,1994,female
303045,COMMERCE,-.5791,714 (NEW),38552 (NEW),2020,ECONOMICS,S,BUSINESS STUDIES,S,ACCOUNTING,S,046,F,new,25,December,2001,male
34126,COMMERCE,.8356,1478 (NEW),13024 (NEW),2020,ECONOMICS,C,BUSINESS STUDIES,C,ACCOUNTING,A,054,S,new,14,May,2001,male
202409,ARTS,1.0758,355 (NEW),14858 (NEW),2020,POLITICAL SCIENCE,A,BUDDHIST CIVILIZATION,S,SINHALA,A,036,F,new,27,February,2001,female
311353,-,-,-,-,2020,AGRICULTURAL SCIENCE,Absent,BIO SYSTEMS TECHNOLOGY,Absent,SCIENCE FOR TECHNOLOGY,Absent,Absent,Absent,old,10,April,1998,male
319869,-,-,-,-,2020,PHYSICS,Absent,CHEMISTRY,Absent,BIOLOGY,Absent,Absent,Absent,old,3,February,1999,female
282489,-,-,-,-,2020,ECONOMICS,Absent,BUSINESS STUDIES,Absent,ACCOUNTING,Absent,Absent,Absent,new,21,March,2000,male
218724,ENGINEERING TECHNOLOGY,-.0699,622 (NEW),9395 (NEW),2020,INFORMATION & COMMUNICATION TECHNOLOGY,S,ENGINEERING TECHNOLOGY,S,SCIENCE FOR TECHNOLOGY,C,054,F,new,12,November,2001,male
319173,-,-,-,-,2020,PHYSICS,Absent,CHEMISTRY,Absent,BIOLOGY,Absent,Absent,Absent,old,6,December,1999,female
241708,BIOLOGICAL SCIENCE,.1812,286 (NEW),14711 (NEW),2020,CHEMISTRY,S,AGRICULTURAL SCIENCE,C,BIOLOGY,S,054,S,new,1,August,2000,female
25055,PHYSICAL SCIENCE,.4780,2103 (NEW),11130 (NEW),2020,PHYSICS,C,CHEMISTRY,C,COMBINED MATHEMATICS,S,064,B,new,19,March,2001,male
116479,COMMERCE,.4538,389 (NEW),19598 (NEW),2020,ECONOMICS,B,BUSINESS STUDIES,B,ACCOUNTING,S,050,C,new,12,May,2001,female
128409,-,-,-,-,2020,PHYSICS,F,CHEMISTRY,S,COMBINED MATHEMATICS,F,052,F,new,16,May,2001,female
96814,ARTS,.8315,1179 (NEW),22398 (NEW),2020,ECONOMICS,C,CHINESE,A,JAPANESE,A,030,C,new,19,August,2001,female
124266,ARTS,-.3720,3757 (NEW),65424 (NEW),2020,INFORMATION & COMMUNICATION TECHNOLOGY,S,GEOGRAPHY,S,COMMUNICATION & MEDIA STUDIES,S,050,S,new,28,August,2001,male
93956,COMMERCE,1.1598,595 (NEW),8054 (NEW),2020,ECONOMICS,B,BUSINESS STUDIES,A,ACCOUNTING,B,050,S,new,30,May,2001,female
244150,ARTS,.3374,1950 (NEW),40271 (NEW),2020,AGRICULTURAL SCIENCE,C,GEOGRAPHY,C,COMMUNICATION & MEDIA STUDIES,S,030,F,new,18,September,2001,female
112367,-,-,-,-,2020,ECONOMICS,Absent,BUSINESS STUDIES,Absent,ACCOUNTING,Absent,Absent,Absent,new,14,August,2001,female
99465,ARTS,.0659,2308 (NEW),50659 (NEW),2020,POLITICAL SCIENCE,S,COMMUNICATION & MEDIA STUDIES,C,SINHALA,C,048,S,new,8,November,2001,male
189000,-,-,-,-,2020,CHEMISTRY,F,AGRICULTURAL SCIENCE,S,BIOLOGY,F,052,F,new,15,October,2001,male
159813,-,-,-,-,2020,GEOGRAPHY,F,COMMUNICATION & MEDIA STUDIES,F,SINHALA,S,028,F,new,12,July,2001,male
248730,-,-,-,-,2020,AGRICULTURAL SCIENCE,F,GEOGRAPHY,Absent,SINHALA,S,Absent,Absent,new,30,July,2001,female
174816,ENGINEERING TECHNOLOGY,-.3085,318 (NEW),11102 (NEW),2020,INFORMATION & COMMUNICATION TECHNOLOGY,S,ENGINEERING TECHNOLOGY,S,SCIENCE FOR TECHNOLOGY,S,Absent,Absent,new,31,January,2001,male
156780,-,-,-,-,2020,PHYSICS,Absent,CHEMISTRY,Absent,COMBINED MATHEMATICS,Absent,Absent,Absent,new,8,April,2000,male
196766,-,-,-,-,2020,ECONOMICS,F,BUSINESS STUDIES,F,ACCOUNTING,F,038,F,new,16,August,2001,male
99194,-,-.7092,-,-,2020,PHYSICS,S,COMBINED MATHEMATICS,F,INFORMATION & COMMUNICATION TECHNOLOGY,S,050,C,new,1,June,2001,male
170789,BIOSYSTEMS TECHNOLOGY,.5409,338 (NEW),3253 (NEW),2020,INFORMATION & COMMUNICATION TECHNOLOGY,S,BIO SYSTEMS TECHNOLOGY,C,SCIENCE FOR TECHNOLOGY,C,048,S,new,23,April,2001,female
22958,COMMERCE,-.4539,6861 (NEW),37000 (NEW),2020,ECONOMICS,S,BUSINESS STUDIES,S,ACCOUNTING,S,042,C,new,19,April,2001,female
54900,-,-,-,-,2020,PHYSICS,S,CHEMISTRY,F,COMBINED MATHEMATICS,F,050,S,new,24,February,2001,male
189818,ARTS,-.5641,3636 (NEW),69594 (NEW),2020,HISTORY OF SRI LANKA & EUROPE,S,SINHALA,S,RUSSIAN,C,038,F,new,4,October,2001,male
216890,ARTS,.6541,1784 (NEW),28427 (NEW),2020,HOME ECONOMICS,B,COMMUNICATION & MEDIA STUDIES,C,SINHALA,C,052,C,new,20,October,2001,female
253753,ARTS,.1238,2373 (NEW),48470 (NEW),2020,GEOGRAPHY,S,BUDDHIST CIVILIZATION,C,SINHALA,B,046,F,new,12,November,2000,female
110409,ARTS,.8543,793 (NEW),21623 (NEW),2020,GEOGRAPHY,B,POLITICAL SCIENCE,C,SINHALA,B,046,F,new,15,January,2001,female
245683,BIOLOGICAL SCIENCE,.1001,506 (NEW),15708 (NEW),2020,CHEMISTRY,S,AGRICULTURAL SCIENCE,C,BIOLOGY,S,Absent,F,new,19,September,2000,female
322332,BIOLOGICAL SCIENCE,.1207,386 (OLD),3942 (OLD),2020,PHYSICS,S,CHEMISTRY,C,BIOLOGY,C,Absent,Absent,old,9,June,1999,male
180300,-,-,-,-,2020,GEOGRAPHY,Absent,POLITICAL SCIENCE,Absent,TAMIL,Absent,Absent,Absent,new,21,April,1999,female
277357,-,-,-,-,2020,INFORMATION & COMMUNICATION TECHNOLOGY,F,ENGINEERING TECHNOLOGY,F,SCIENCE FOR TECHNOLOGY,S,026,F,new,30,October,2001,male
164814,-,-.6348,-,-,2020,POLITICAL SCIENCE,F,COMMUNICATION & MEDIA STUDIES,S,SINHALA,C,034,F,new,17,September,2001,female
203922,ARTS,.4629,964 (NEW),35505 (NEW),2020,POLITICAL SCIENCE,C,HISTORY OF SRI LANKA & EUROPE,C,SINHALA,B,036,F,new,13,January,2001,male
337333,-,-,-,-,2020,POLITICAL SCIENCE,F,ISLAM,S,ARABIC,F,042,F,old,12,February,1992,male
259608,ENGINEERING TECHNOLOGY,1.3553,20 (NEW),1505 (NEW),2020,INFORMATION & COMMUNICATION TECHNOLOGY,C,ENGINEERING TECHNOLOGY,C,SCIENCE FOR TECHNOLOGY,B,Absent,Absent,new,13,March,1999,male
117142,ARTS,.4131,1345 (NEW),37393 (NEW),2020,GEOGRAPHY,C,POLITICAL SCIENCE,C,SINHALA,C,046,F,new,12,March,2000,female
202919,COMMERCE,.1814,542 (NEW),24785 (NEW),2020,ECONOMICS,C,BUSINESS STUDIES,S,ACCOUNTING,C,060,C,new,1,August,2001,male
90939,ARTS,.6714,1706 (NEW),27855 (NEW),2020,GEOGRAPHY,C,HISTORY OF SRI LANKA & INDIA,B,SINHALA,B,Absent,Absent,new,2,June,2000,male
209181,COMMERCE,.4196,442 (NEW),20250 (NEW),2020,ECONOMICS,C,BUSINESS STUDIES,C,ACCOUNTING,C,054,S,new,8,July,2001,male
319947,-,-,-,-,2020,PHYSICS,Absent,CHEMISTRY,Absent,BIOLOGY,Absent,Absent,Absent,old,Invalid nic error,Invalid nic error,Invalid nic error,
237073,-,-,-,-,2020,BUDDHISM,F,SINHALA,F,PALI,F,024,F,new,2,June,1996,male
43018,ARTS,1.0624,1185 (NEW),15211 (NEW),2020,POLITICAL SCIENCE,A,HOME ECONOMICS,C,SINHALA,B,042,F,new,7,October,2001,female
273503,ENGINEERING TECHNOLOGY,.4524,141 (NEW),5495 (NEW),2020,INFORMATION & COMMUNICATION TECHNOLOGY,B,ENGINEERING TECHNOLOGY,S,SCIENCE FOR TECHNOLOGY,S,Absent,C,new,25,January,2001,male
24778,ARTS,-.3286,4284 (NEW),64279 (NEW),2020,GEOGRAPHY,S,COMMUNICATION & MEDIA STUDIES,S,SINHALA,S,030,F,new,6,October,2000,female
128542,ENGINEERING TECHNOLOGY,1.4509,97 (NEW),1270 (NEW),2020,INFORMATION & COMMUNICATION TECHNOLOGY,C,ENGINEERING TECHNOLOGY,B,SCIENCE FOR TECHNOLOGY,B,064,F,new,6,July,2001,male
297579,-,-.7789,-,-,2020,ECONOMICS,S,BUSINESS STUDIES,S,ACCOUNTING,F,038,F,new,25,October,2000,female
325250,-,-,-,-,2020,ECONOMICS,Absent,BUSINESS STUDIES,Absent,ACCOUNTING,Absent,Absent,Absent,old,12,October,1999,female
103517,COMMERCE,-.3501,1487 (NEW),35297 (NEW),2020,ECONOMICS,S,BUSINESS STUDIES,C,ACCOUNTING,S,040,F,new,13,July,2001,male
40215,ARTS,.0950,3838 (NEW),49592 (NEW),2020,GEOGRAPHY,S,HISTORY OF SRI LANKA & INDIA,C,SINHALA,C,Absent,F,new,31,August,2000,female
282492,COMMERCE,.0717,380 (NEW),26962 (NEW),2020,ECONOMICS,S,BUSINESS STUDIES,C,ACCOUNTING,B,054,F,new,5,May,2001,female
234038,-,-,-,-,2020,PHYSICS,F,CHEMISTRY,F,COMBINED MATHEMATICS,F,Absent,C,new,31,August,2000,male
96066,-,-,-,-,2020,ECONOMICS,Absent,BUSINESS STUDIES,Absent,ACCOUNTING,Absent,Absent,Absent,new,3,April,1986,male
316136,-,-,-,-,2020,PHYSICS,Absent,CHEMISTRY,Absent,BIOLOGY,Absent,Absent,Absent,old,27,March,1999,female
335622,-,-,-,-,2020,INFORMATION & COMMUNICATION TECHNOLOGY,Absent,GEOGRAPHY,Absent,CHRISTIANITY,Absent,Absent,C,old,Invalid nic error,Invalid nic error,Invalid nic error,
266790,COMMERCE,.7704,208 (NEW),14149 (NEW),2020,ECONOMICS,C,BUSINESS STUDIES,C,ACCOUNTING,A,052,S,new,16,December,2001,female
213484,-,-,-,-,2020,CHEMISTRY,F,AGRICULTURAL SCIENCE,C,BIOLOGY,F,Absent,F,new,17,April,2000,female
9200,BIOLOGICAL SCIENCE,1.0080,1187 (NEW),6134 (NEW),2020,PHYSICS,C,CHEMISTRY,C,BIOLOGY,B,062,A,new,11,March,2001,female
314624,-,-,-,-,2020,PHYSICS,Absent,CHEMISTRY,Absent,BIOLOGY,Absent,Absent,Absent,old,Invalid nic error,Invalid nic error,Invalid nic error,
250107,-,-,-,-,2020,GEOGRAPHY,Absent,COMMUNICATION & MEDIA STUDIES,Absent,SINHALA,Absent,048,Absent,new,16,February,2000,male
145391,ARTS,.0973,2237 (NEW),49494 (NEW),2020,POLITICAL SCIENCE,S,HISTORY OF SRI LANKA & INDIA,C,SINHALA,B,048,F,new,26,March,2001,female
298352,BIOSYSTEMS TECHNOLOGY,-.1578,153 (NEW),6271 (NEW),2020,INFORMATION & COMMUNICATION TECHNOLOGY,S,BIO SYSTEMS TECHNOLOGY,S,SCIENCE FOR TECHNOLOGY,S,022,S,new,8,August,2001,female
32682,ARTS,-.4094,4441 (NEW),66376 (NEW),2020,GEOGRAPHY,S,POLITICAL SCIENCE,S,COMMUNICATION & MEDIA STUDIES,S,032,F,new,25,September,2001,female
1131,COMMERCE,-.3494,6572 (NEW),35283 (NEW),2020,ECONOMICS,S,BUSINESS STUDIES,C,ACCOUNTING,S,032,S,new,29,May,2001,female
138977,PHYSICAL SCIENCE,.6620,363 (NEW),9306 (NEW),2020,PHYSICS,C,CHEMISTRY,C,COMBINED MATHEMATICS,C,064,B,new,27,November,2000,female
124569,-,-,-,-,2020,CHEMISTRY,Absent,AGRICULTURAL SCIENCE,Absent,BIOLOGY,F,Absent,Absent,new,23,December,2001,female
176012,PHYSICAL SCIENCE,1.9309,23 (NEW),1188 (NEW),2020,PHYSICS,B,CHEMISTRY,A,COMBINED MATHEMATICS,A,070,A,new,21,January,2001,male
217407,ARTS,-.0109,3635 (NEW),53494 (NEW),2020,COMMUNICATION & MEDIA STUDIES,S,DANCING(INDIGENOUS),C,SINHALA,C,034,S,new,31,May,2001,female
194234,ARTS,.3345,2151 (NEW),40377 (NEW),2020,HISTORY OF SRI LANKA & EUROPE,C,ISLAMIC CIVILIZATION,A,ARABIC,C,028,S,new,1,April,2001,female
240693,-,-,-,-,2020,ECONOMICS,F,BUSINESS STUDIES,F,ACCOUNTING,F,036,F,new,23,July,2001,male
139105,ARTS,.7023,1082 (NEW),26756 (NEW),2020,ECONOMICS,B,LOGIC & SCIENTIFIC METHOD,C,SINHALA,B,050,C,new,22,July,2001,female
22246,ARTS,-.0618,3627 (NEW),55429 (NEW),2020,COMMUNICATION & MEDIA STUDIES,S,BUDDHIST CIVILIZATION,S,SINHALA,C,Absent,S,new,1,January,2001,female
153847,NON,1.0667,-,-,2020,PHYSICS,S,COMBINED MATHEMATICS,B,INFORMATION & COMMUNICATION TECHNOLOGY,B,062,B,new,1,June,2001,female
193581,ARTS,.6875,1454 (NEW),27306 (NEW),2020,GEOGRAPHY,C,BUDDHIST CIVILIZATION,B,SINHALA,B,038,F,new,25,April,2001,male
82711,BIOLOGICAL SCIENCE,2.3743,37 (NEW),252 (NEW),2020,PHYSICS,A,CHEMISTRY,A,BIOLOGY,A,074,A,new,20,November,2001,male
199110,-,-,-,-,2020,PHYSICS,F,CHEMISTRY,F,BIOLOGY,F,036,F,new,2,March,2001,female
260061,PHYSICAL SCIENCE,.0917,199 (NEW),15575 (NEW),2020,PHYSICS,S,CHEMISTRY,S,COMBINED MATHEMATICS,C,038,F,new,5,August,2001,male
273577,BIOLOGICAL SCIENCE,1.7026,39 (NEW),1997 (NEW),2020,PHYSICS,B,CHEMISTRY,A,BIOLOGY,B,076,A,new,26,February,2000,female
19624,-,-.3691,-,-,2020,PHYSICS,S,CHEMISTRY,S,BIOLOGY,F,054,A,new,29,June,2001,female
336054,-,-,-,-,2020,ECONOMICS,Absent,BUSINESS STATISTICS,Absent,ACCOUNTING,Absent,Absent,Absent,old,15,August,1998,female
192334,-,-,-,-,2020,AGRICULTURAL SCIENCE,F,GEOGRAPHY,F,SINHALA,S,040,F,new,28,November,2001,male
325535,ARTS,-.2715,201 (OLD),5005 (OLD),2020,GEOGRAPHY,S,POLITICAL SCIENCE,S,SINHALA,B,038,F,old,24,December,1999,female
50631,ARTS,.5389,2515 (NEW),32655 (NEW),2020,ECONOMICS,S,ISLAM,B,TAMIL,B,044,F,new,4,February,2001,female
11346,-,-,-,-,2020,PHYSICS,F,CHEMISTRY,F,COMBINED MATHEMATICS,F,Absent,S,new,1,October,2000,male
144570,BIOLOGICAL SCIENCE,.8490,290 (NEW),7487 (NEW),2020,PHYSICS,C,CHEMISTRY,C,BIOLOGY,C,Absent,Absent,new,21,December,1999,female
258533,BIOLOGICAL SCIENCE,-.1764,294 (NEW),19014 (NEW),2020,PHYSICS,S,CHEMISTRY,S,BIOLOGY,S,048,B,new,18,September,2000,female
110046,ARTS,.0898,1752 (NEW),49767 (NEW),2020,POLITICAL SCIENCE,S,LOGIC & SCIENTIFIC METHOD,C,SINHALA,B,040,Absent,new,9,July,1999,female
335895,-,-,-,-,2020,AGRICULTURAL SCIENCE,Absent,HISTORY OF EUROPE,Absent,HINDU CIVILIZATION,Absent,Absent,Absent,old,8,July,1987,female
301869,BIOLOGICAL SCIENCE,.2034,629 (NEW),14430 (NEW),2020,PHYSICS,C,CHEMISTRY,C,BIOLOGY,S,056,C,new,16,February,2000,female
82776,PHYSICAL SCIENCE,.8377,673 (NEW),7705 (NEW),2020,PHYSICS,C,CHEMISTRY,B,COMBINED MATHEMATICS,C,056,B,new,5,June,2001,male
171402,ARTS,-.6132,7319 (NEW),70398 (NEW),2020,POLITICAL SCIENCE,S,HISTORY OF SRI LANKA & INDIA,S,BUDDHIST CIVILIZATION,S,046,F,new,5,June,2001,male
233027,-,-,-,-,2020,GEOGRAPHY,F,POLITICAL SCIENCE,F,SINHALA,F,036,F,new,25,January,2002,male
159375,-,-,-,-,2020,AGRICULTURAL SCIENCE,F,ENGINEERING TECHNOLOGY,F,SCIENCE FOR TECHNOLOGY,S,020,F,new,5,May,2001,male
300675,COMMERCE,1.1211,115 (NEW),8586 (NEW),2020,ECONOMICS,B,BUSINESS STUDIES,A,ACCOUNTING,B,046,S,new,14,June,2001,female
143265,PHYSICAL SCIENCE,.2192,567 (NEW),14021 (NEW),2020,PHYSICS,S,CHEMISTRY,C,COMBINED MATHEMATICS,S,048,F,new,9,March,2001,male
13851,PHYSICAL SCIENCE,-.0623,2990 (NEW),17368 (NEW),2020,PHYSICS,S,CHEMISTRY,S,COMBINED MATHEMATICS,S,042,A,new,26,February,2001,female
278666,ARTS,.3580,940 (NEW),39484 (NEW),2020,AGRO TECHNOLOGY,S,HINDU CIVILIZATION,C,TAMIL,C,030,F,new,5,July,2001,female
322060,-,-,-,-,2020,COMMUNICATION & MEDIA STUDIES,Absent,BIO SYSTEMS TECHNOLOGY,Absent,SCIENCE FOR TECHNOLOGY,Absent,Absent,Absent,old,3,August,1998,female
197102,-,-,-,-,2020,PHYSICS,F,CHEMISTRY,S,BIOLOGY,F,034,F,new,24,January,2002,female
81012,-,-,-,-,2020,PHYSICS,F,CHEMISTRY,S,BIOLOGY,F,Absent,B,new,18,March,2000,female
55338,ARTS,-.6529,5571 (NEW),70892 (NEW),2020,GEOGRAPHY,S,POLITICAL SCIENCE,S,HISTORY OF SRI LANKA & INDIA,S,034,F,new,18,September,2001,male
184339,ARTS,-.1736,3109 (NEW),59361 (NEW),2020,POLITICAL SCIENCE,S,DANCING(INDIGENOUS),C,SINHALA,C,044,F,new,2,June,2001,female
216694,ENGINEERING TECHNOLOGY,1.5845,61 (NEW),964 (NEW),2020,INFORMATION & COMMUNICATION TECHNOLOGY,B,ENGINEERING TECHNOLOGY,B,SCIENCE FOR TECHNOLOGY,C,058,B,new,27,September,2000,male
43893,-,-,-,-,2020,PHYSICS,F,CHEMISTRY,S,COMBINED MATHEMATICS,F,064,C,new,3,July,2001,male
240563,BIOSYSTEMS TECHNOLOGY,-.4022,255 (NEW),7128 (NEW),2020,AGRICULTURAL SCIENCE,S,BIO SYSTEMS TECHNOLOGY,S,SCIENCE FOR TECHNOLOGY,S,054,S,new,7,April,2000,female
212168,COMMERCE,1.2024,450 (NEW),7439 (NEW),2020,ECONOMICS,A,BUSINESS STUDIES,A,ACCOUNTING,B,056,S,new,17,December,2001,male
321803,PHYSICAL SCIENCE,1.8859,7 (OLD),38 (OLD),2020,PHYSICS,B,CHEMISTRY,A,COMBINED MATHEMATICS,A,Absent,C,old,10,April,1999,male
165468,ARTS,.2312,4800 (NEW),44337 (NEW),2020,GEOGRAPHY,C,ENGLISH,S,JAPANESE,S,050,B,new,28,April,2001,female
198211,BIOLOGICAL SCIENCE,.0731,205 (NEW),16045 (NEW),2020,PHYSICS,S,CHEMISTRY,S,BIOLOGY,C,064,C,new,1,August,2001,female
24103,COMMERCE,.5872,3316 (NEW),17237 (NEW),2020,ECONOMICS,B,BUSINESS STUDIES,B,ACCOUNTING,C,048,C,new,4,April,2001,female
241790,-,-.5208,-,-,2020,PHYSICS,S,CHEMISTRY,F,COMBINED MATHEMATICS,S,058,F,new,10,March,2001,female
209724,-,-.6419,-,-,2020,ECONOMICS,S,GEOGRAPHY,S,POLITICAL SCIENCE,F,042,F,new,18,April,2001,female
325298,-,-,-,-,2020,PHYSICS,Absent,CHEMISTRY,Absent,COMBINED MATHEMATICS,Absent,Absent,Absent,old,31,January,1995,female
80690,-,-.5295,-,-,2020,PHYSICS,S,COMBINED MATHEMATICS,F,INFORMATION & COMMUNICATION TECHNOLOGY,S,058,S,new,18,September,2001,male
101841,-,-,-,-,2020,GEOGRAPHY,F,COMMUNICATION & MEDIA STUDIES,S,BUDDHIST CIVILIZATION,F,052,F,new,28,May,2001,male
245031,-,-,-,-,2020,GEOGRAPHY,Absent,DRAMA AND THEATRE (SINHALA),Absent,SINHALA,Absent,Absent,Absent,new,28,May,2000,male
179595,ARTS,.0185,1764 (NEW),52393 (NEW),2020,GEOGRAPHY,S,POLITICAL SCIENCE,C,ISLAMIC CIVILIZATION,C,Absent,Absent,new,20,July,2000,male
76088,-,-,-,-,2020,POLITICAL SCIENCE,F,ISLAM,S,ARABIC,F,026,F,new,22,October,1997,female
107501,ARTS,-.3330,2786 (NEW),64407 (NEW),2020,AGRICULTURAL SCIENCE,S,POLITICAL SCIENCE,S,SINHALA,S,024,F,new,10,September,2000,male
220335,-,-,-,-,2020,PHYSICS,S,CHEMISTRY,F,COMBINED MATHEMATICS,F,064,C,new,20,September,2001,male
304446,ENGINEERING TECHNOLOGY,-.0724,149 (NEW),9419 (NEW),2020,INFORMATION & COMMUNICATION TECHNOLOGY,S,ENGINEERING TECHNOLOGY,S,SCIENCE FOR TECHNOLOGY,S,048,F,new,28,May,2000,male
130702,-,-.5963,-,-,2020,ECONOMICS,S,BUSINESS STUDIES,S,ACCOUNTING,F,032,F,new,24,July,2001,female
15569,-,-,-,-,2020,COMMUNICATION & MEDIA STUDIES,Absent,ISLAMIC CIVILIZATION,Absent,TAMIL,Absent,Absent,Absent,new,3,October,2001,female
211611,PHYSICAL SCIENCE,2.1908,42 (NEW),546 (NEW),2020,PHYSICS,B,CHEMISTRY,A,COMBINED MATHEMATICS,A,072,A,new,12,February,2001,female
331280,-,-,-,-,2020,CHEMISTRY,Absent,AGRICULTURAL SCIENCE,Absent,BIOLOGY,Absent,Absent,Absent,old,27,January,2000,female
81186,ARTS,.2971,2412 (NEW),41799 (NEW),2020,LOGIC & SCIENTIFIC METHOD,C,HISTORY OF SRI LANKA & INDIA,B,JAPANESE,S,048,S,new,17,April,2001,female
23458,COMMERCE,1.1611,1724 (NEW),8027 (NEW),2020,ECONOMICS,B,BUSINESS STUDIES,B,ACCOUNTING,B,050,C,new,7,August,1992,male
132305,PHYSICAL SCIENCE,.3208,541 (NEW),12858 (NEW),2020,PHYSICS,C,CHEMISTRY,C,COMBINED MATHEMATICS,S,068,A,new,31,January,2002,female
270880,-,-,-,-,2020,AGRICULTURAL SCIENCE,F,BIO SYSTEMS TECHNOLOGY,F,SCIENCE FOR TECHNOLOGY,S,040,S,new,7,March,2000,female
114391,COMMERCE,-.1202,628 (NEW),30823 (NEW),2020,INFORMATION & COMMUNICATION TECHNOLOGY,S,BUSINESS STUDIES,S,ACCOUNTING,S,052,F,new,21,September,2001,male
159430,BIOSYSTEMS TECHNOLOGY,.6622,300 (NEW),2819 (NEW),2020,AGRICULTURAL SCIENCE,C,BIO SYSTEMS TECHNOLOGY,C,SCIENCE FOR TECHNOLOGY,S,032,S,new,1,September,2001,female
218294,-,-,-,-,2020,PHYSICS,Absent,CHEMISTRY,Absent,BIOLOGY,Absent,Absent,Absent,new,10,August,2000,male
83722,-,-.5217,-,-,2020,POLITICAL SCIENCE,S,COMMUNICATION & MEDIA STUDIES,F,SINHALA,S,038,F,new,21,August,2001,male
46571,-,-,-,-,2020,POLITICAL SCIENCE,Absent,COMMUNICATION & MEDIA STUDIES,Absent,SINHALA,Absent,Absent,Absent,new,17,June,2000,female
106,ARTS,-.1789,3942 (NEW),59526 (NEW),2020,GEOGRAPHY,C,COMMUNICATION & MEDIA STUDIES,S,SINHALA,C,032,F,new,31,March,2001,female
42728,-,-,-,-,2020,ART,Absent,ENGINEERING TECHNOLOGY,Absent,SCIENCE FOR TECHNOLOGY,Absent,Absent,Absent,new,28,April,2000,male
109614,COMMERCE,.7098,305 (NEW),15170 (NEW),2020,INFORMATION & COMMUNICATION TECHNOLOGY,S,BUSINESS STUDIES,B,ACCOUNTING,B,050,F,new,4,January,2002,female
227949,-,-,-,-,2020,PHYSICS,Absent,COMBINED MATHEMATICS,Absent,INFORMATION & COMMUNICATION TECHNOLOGY,Absent,Absent,Absent,new,6,July,2000,male
275612,-,-,-,-,2020,POLITICAL SCIENCE,Absent,CHRISTIANITY,Absent,TAMIL,Absent,Absent,Absent,new,14,May,2000,female
327784,ARTS,.6550,183 (OLD),2260 (OLD),2020,POLITICAL SCIENCE,C,DANCING(INDIGENOUS),A,SINHALA,B,058,S,old,3,December,1999,female
191364,-,-,-,-,2020,GEOGRAPHY,Absent,BUDDHIST CIVILIZATION,F,SINHALA,S,038,Absent,new,11,July,2001,female
293747,-,-,-,-,2020,GEOGRAPHY,Absent,POLITICAL SCIENCE,Absent,TAMIL,Absent,Absent,Absent,new,23,March,2000,male
163973,COMMERCE,-.7585,2652 (NEW),39897 (NEW),2020,ECONOMICS,S,BUSINESS STUDIES,S,ACCOUNTING,S,054,F,new,13,May,2001,male
324016,-,-.6626,-,-,2020,PHYSICS,F,CHEMISTRY,S,BIOLOGY,C,055,B,old,10,September,1999,female
184258,COMMERCE,-.0239,1076 (NEW),28851 (NEW),2020,ECONOMICS,C,BUSINESS STUDIES,C,ACCOUNTING,S,036,F,new,25,March,2001,female
44930,-,-,-,-,2020,PHYSICS,F,CHEMISTRY,F,COMBINED MATHEMATICS,F,Absent,S,new,20,March,2000,female
271235,-,-,-,-,2020,POLITICAL SCIENCE,Absent,COMMUNICATION & MEDIA STUDIES,Absent,ISLAM,Absent,Absent,Absent,new,17,August,1998,male
271008,COMMERCE,-.0177,540 (NEW),28722 (NEW),2020,ECONOMICS,S,BUSINESS STUDIES,C,ACCOUNTING,S,036,S,new,1,October,2001,female
118596,ARTS,.9546,1275 (NEW),18447 (NEW),2020,POLITICAL SCIENCE,B,HISTORY OF SRI LANKA & INDIA,A,DANCING(INDIGENOUS),C,036,S,new,16,November,2001,female
159992,ARTS,1.7629,173 (NEW),1881 (NEW),2020,HISTORY OF SRI LANKA & EUROPE,A,BUDDHIST CIVILIZATION,A,SINHALA,A,050,S,new,5,July,2001,female
223379,COMMERCE,.8782,779 (NEW),12338 (NEW),2020,ECONOMICS,C,BUSINESS STUDIES,B,ACCOUNTING,B,062,S,new,3,April,2001,male
237745,-,-,-,-,2020,CHEMISTRY,F,AGRICULTURAL SCIENCE,S,BIOLOGY,F,050,S,new,9,July,2001,male
204799,-,-,-,-,2020,PHYSICS,F,CHEMISTRY,F,COMBINED MATHEMATICS,F,048,C,new,13,November,2000,female
249352,-,-.8330,-,-,2020,INFORMATION & COMMUNICATION TECHNOLOGY,F,ENGINEERING TECHNOLOGY,S,SCIENCE FOR TECHNOLOGY,S,046,F,new,26,November,2001,male
205536,ARTS,1.3321,176 (NEW),8414 (NEW),2020,POLITICAL SCIENCE,A,HOME ECONOMICS,B,SINHALA,B,054,F,new,14,January,2002,female
229277,-,-1.1045,-,-,2020,INFORMATION & COMMUNICATION TECHNOLOGY,F,HISTORY OF SRI LANKA & EUROPE,S,SINHALA,S,028,F,new,13,July,2001,male
205319,-,-,-,-,2020,GEOGRAPHY,F,DANCING(INDIGENOUS),F,SINHALA,C,034,F,new,3,June,2001,male
332014,-,-,-,-,2020,GEOGRAPHY,Absent,HISTORY OF INDIA,Absent,DANCING(INDIGENOUS),Absent,Absent,Absent,old,23,January,2000,female
35099,-,-.6398,-,-,2020,INFORMATION & COMMUNICATION TECHNOLOGY,S,ECONOMICS,F,COMMUNICATION & MEDIA STUDIES,S,052,S,new,7,March,2001,male
149380,COMMERCE,.3307,1540 (NEW),21935 (NEW),2020,ECONOMICS,B,BUSINESS STUDIES,C,ACCOUNTING,S,052,A,new,17,September,2001,male
207504,BIOSYSTEMS TECHNOLOGY,.3004,151 (NEW),4267 (NEW),2020,AGRICULTURAL SCIENCE,S,BIO SYSTEMS TECHNOLOGY,C,SCIENCE FOR TECHNOLOGY,S,026,F,new,6,June,2001,female
149420,COMMERCE,.8168,972 (NEW),13364 (NEW),2020,ECONOMICS,C,BUSINESS STUDIES,B,ACCOUNTING,B,044,C,new,29,January,2002,male
79015,BIOLOGICAL SCIENCE,.0520,1158 (NEW),16306 (NEW),2020,CHEMISTRY,S,AGRICULTURAL SCIENCE,C,BIOLOGY,S,064,A,new,28,April,2000,female
298833,-,-,-,-,2020,INFORMATION & COMMUNICATION TECHNOLOGY,F,ENGINEERING TECHNOLOGY,F,SCIENCE FOR TECHNOLOGY,S,052,F,new,9,November,2001,male
203913,-,-.6106,-,-,2020,ECONOMICS,F,GEOGRAPHY,S,SINHALA,C,028,F,new,17,February,2001,female
316507,-,-,-,-,2020,PHYSICS,Absent,COMBINED MATHEMATICS,Absent,INFORMATION & COMMUNICATION TECHNOLOGY,Absent,Absent,Absent,old,13,October,1995,male
33398,ARTS,1.4134,597 (NEW),6673 (NEW),2020,GEOGRAPHY,B,HINDU CIVILIZATION,A,TAMIL,A,036,S,new,10,May,2001,female
264253,-,-,-,-,2020,CHEMISTRY,F,AGRICULTURAL SCIENCE,C,BIOLOGY,F,034,F,new,11,June,2001,female
28149,-,-,-,-,2020,PHYSICS,F,CHEMISTRY,F,BIOLOGY,S,046,S,new,25,April,2001,female
303497,-,-,-,-,2020,LOGIC & SCIENTIFIC METHOD,Absent,DANCING(BHARATHA),Absent,TAMIL,Absent,040,Absent,new,4,October,2000,female
215007,-,-.5503,-,-,2020,INFORMATION & COMMUNICATION TECHNOLOGY,S,ECONOMICS,F,COMMUNICATION & MEDIA STUDIES,S,038,C,new,11,November,2001,female
226661,BIOSYSTEMS TECHNOLOGY,.8273,167 (NEW),2248 (NEW),2020,AGRICULTURAL SCIENCE,C,BIO SYSTEMS TECHNOLOGY,C,SCIENCE FOR TECHNOLOGY,C,026,S,new,6,October,2001,male
243137,-,-,-,-,2020,GEOGRAPHY,F,BUDDHIST CIVILIZATION,S,SINHALA,F,028,F,new,14,October,2000,male
164533,-,-,-,-,2020,POLITICAL SCIENCE,F,BUDDHIST CIVILIZATION,F,SINHALA,S,028,F,new,17,May,2001,female
216875,COMMERCE,1.2863,383 (NEW),6283 (NEW),2020,ECONOMICS,A,BUSINESS STUDIES,B,ACCOUNTING,A,042,S,new,26,October,2001,female
74381,ARTS,.4005,2059 (NEW),37868 (NEW),2020,ECONOMICS,S,LOGIC & SCIENTIFIC METHOD,C,SINHALA,B,Absent,B,new,21,December,2000,female
265258,-,-,-,-,2020,ECONOMICS,F,BUSINESS STUDIES,F,ACCOUNTING,F,034,F,new,19,July,2000,male
282944,PHYSICAL SCIENCE,.2462,211 (NEW),13712 (NEW),2020,PHYSICS,S,CHEMISTRY,S,COMBINED MATHEMATICS,C,056,B,new,20,November,2000,female
235321,ARTS,-.4183,2220 (NEW),66556 (NEW),2020,GEOGRAPHY,S,POLITICAL SCIENCE,S,TAMIL,S,034,F,new,10,December,2001,male
120209,-,-.5959,-,-,2020,GEOGRAPHY,F,COMMUNICATION & MEDIA STUDIES,S,SINHALA,S,028,F,new,15,September,2001,female
252700,-,-,-,-,2020,GEOGRAPHY,Absent,COMMUNICATION & MEDIA STUDIES,Absent,SINHALA,Absent,Absent,Absent,new,6,December,2001,female
334424,-,-,-,-,2020,GEOGRAPHY,Absent,HINDU CIVILIZATION,Absent,TAMIL,Absent,Absent,Absent,old,8,June,1997,female
138106,-,-,-,-,2020,GEOGRAPHY,Absent,ART,Absent,SINHALA,Absent,Absent,Absent,new,16,January,2001,female
186192,ARTS,.6462,1537 (NEW),28689 (NEW),2020,GEOGRAPHY,A,COMMUNICATION & MEDIA STUDIES,S,DRAMA AND THEATRE (SINHALA),C,038,F,new,31,August,2001,male
214845,COMMERCE,.3139,1440 (NEW),22236 (NEW),2020,ECONOMICS,C,BUSINESS STUDIES,C,ACCOUNTING,C,048,C,new,18,February,2001,female
126226,-,-,-,-,2020,POLITICAL SCIENCE,Absent,BUDDHIST CIVILIZATION,Absent,SINHALA,Absent,Absent,Absent,new,28,February,2001,female
200157,ARTS,.2438,959 (NEW),43829 (NEW),2020,GEOGRAPHY,S,BUDDHIST CIVILIZATION,B,SINHALA,B,036,F,new,9,February,2000,female
285582,ARTS,.5390,737 (NEW),32653 (NEW),2020,GEOGRAPHY,C,ISLAM,C,TAMIL,B,020,F,new,8,November,2001,female
162787,ARTS,-.6719,7389 (NEW),71132 (NEW),2020,GEOGRAPHY,S,ART,S,SINHALA,S,042,F,new,28,September,2001,male
245105,BIOSYSTEMS TECHNOLOGY,.3574,214 (NEW),4005 (NEW),2020,AGRICULTURAL SCIENCE,C,BIO SYSTEMS TECHNOLOGY,C,SCIENCE FOR TECHNOLOGY,S,048,F,new,22,April,2001,female
287277,ARTS,1.1581,256 (NEW),12609 (NEW),2020,POLITICAL SCIENCE,B,ISLAMIC CIVILIZATION,A,TAMIL,B,042,F,new,17,August,2001,male
211527,NON,-.0555,-,-,2020,PHYSICS,S,COMBINED MATHEMATICS,S,INFORMATION & COMMUNICATION TECHNOLOGY,S,042,A,new,31,August,2001,female
127814,NON,.1861,-,-,2020,HINDU CIVILIZATION,B,CARNATIC MUSIC,C,TAMIL,C,034,F,new,30,July,2000,female
327766,-,-,-,-,2020,PHYSICS,F,CHEMISTRY,F,BIOLOGY,S,070,Absent,old,16,March,1999,male
83789,ARTS,.9642,1174 (NEW),18175 (NEW),2020,INFORMATION & COMMUNICATION TECHNOLOGY,C,GEOGRAPHY,C,SINHALA,A,044,S,new,21,August,2001,male
82052,ARTS,1.5769,278 (NEW),3942 (NEW),2020,POLITICAL SCIENCE,A,LOGIC & SCIENTIFIC METHOD,B,SINHALA,A,050,A,new,2,April,2001,female
260641,-,-,-,-,2020,INFORMATION & COMMUNICATION TECHNOLOGY,F,ENGINEERING TECHNOLOGY,F,SCIENCE FOR TECHNOLOGY,F,032,F,new,2,November,2001,male
40174,ARTS,.6510,2200 (NEW),28514 (NEW),2020,POLITICAL SCIENCE,S,BUDDHIST CIVILIZATION,B,SINHALA,B,Absent,Absent,new,7,January,1992,female
152838,-,-,-,-,2020,GEOGRAPHY,F,POLITICAL SCIENCE,F,COMMUNICATION & MEDIA STUDIES,F,034,F,new,8,March,2001,male
316372,-,-.7746,-,-,2020,PHYSICS,F,CHEMISTRY,S,BIOLOGY,S,055,C,old,13,February,1998,female
311258,-,-,-,-,2020,LOGIC & SCIENTIFIC METHOD,F,HINDUISM,F,TAMIL,F,023,F,old,9,January,1987,female
60100,-,-,-,-,2020,POLITICAL SCIENCE,F,BUDDHIST CIVILIZATION,F,SINHALA,S,026,F,new,2,July,2001,female
313861,BIOLOGICAL SCIENCE,-.4876,199 (OLD),5534 (OLD),2020,PHYSICS,S,CHEMISTRY,S,BIOLOGY,S,040,Absent,old,5,February,1999,female
281812,COMMERCE,-.0026,404 (NEW),28418 (NEW),2020,ECONOMICS,S,BUSINESS STUDIES,C,ACCOUNTING,C,034,F,new,9,November,2001,female
257170,-,-,-,-,2020,INFORMATION & COMMUNICATION TECHNOLOGY,F,ENGINEERING TECHNOLOGY,F,SCIENCE FOR TECHNOLOGY,F,026,F,new,7,December,2001,male
168944,-,-,-,-,2020,POLITICAL SCIENCE,F,BUDDHIST CIVILIZATION,F,SINHALA,S,032,F,new,25,June,2001,female
100536,ENGINEERING TECHNOLOGY,1.3683,147 (NEW),1473 (NEW),2020,INFORMATION & COMMUNICATION TECHNOLOGY,C,ENGINEERING TECHNOLOGY,C,SCIENCE FOR TECHNOLOGY,A,044,F,new,6,March,2001,male
52881,-,-.6386,-,-,2020,PHYSICS,F,COMBINED MATHEMATICS,S,INFORMATION & COMMUNICATION TECHNOLOGY,S,042,C,new,12,July,2001,female
45982,ARTS,.1402,3696 (NEW),47834 (NEW),2020,HISTORY OF SRI LANKA & INDIA,C,BUDDHIST CIVILIZATION,C,SINHALA,C,036,S,new,11,October,2000,male
149074,-,-,-,-,2020,CHEMISTRY,F,AGRICULTURAL SCIENCE,C,BIOLOGY,F,042,C,new,21,January,2002,male
79713,-,-,-,-,2020,PHYSICS,F,CHEMISTRY,F,COMBINED MATHEMATICS,S,050,C,new,29,June,2000,male
66108,-,-,-,-,2020,PHYSICS,F,CHEMISTRY,S,BIOLOGY,F,Absent,Absent,new,22,June,2000,male
147643,ARTS,-.2225,2755 (NEW),60989 (NEW),2020,POLITICAL SCIENCE,S,LOGIC & SCIENTIFIC METHOD,S,SINHALA,C,036,F,new,6,November,2001,female
133269,ARTS,.4977,2170 (NEW),34189 (NEW),2020,POLITICAL SCIENCE,S,COMMUNICATION & MEDIA STUDIES,C,SINHALA,B,046,F,new,23,April,2000,female
34181,COMMERCE,.7705,1604 (NEW),14147 (NEW),2020,ECONOMICS,B,BUSINESS STUDIES,C,ACCOUNTING,B,056,B,new,16,March,2001,male
316500,-,-.8569,-,-,2020,INFORMATION & COMMUNICATION TECHNOLOGY,F,GEOGRAPHY,S,POLITICAL SCIENCE,S,048,Absent,old,23,February,1996,male
96390,-,-,-,-,2020,INFORMATION & COMMUNICATION TECHNOLOGY,F,ENGINEERING TECHNOLOGY,F,SCIENCE FOR TECHNOLOGY,F,028,F,new,6,March,2001,male
61046,COMMERCE,-.3143,2327 (NEW),34679 (NEW),2020,ECONOMICS,S,BUSINESS STUDIES,S,ACCOUNTING,S,Absent,F,new,12,August,2000,female
97920,PHYSICAL SCIENCE,.1750,906 (NEW),14539 (NEW),2020,PHYSICS,C,CHEMISTRY,S,COMBINED MATHEMATICS,C,058,S,new,18,May,2000,male
170255,-,-.7149,-,-,2020,ECONOMICS,S,BUSINESS STUDIES,C,ACCOUNTING,F,038,C,new,23,September,2001,female
37290,NON,.6096,-,-,2020,PHYSICS,C,COMBINED MATHEMATICS,S,INFORMATION & COMMUNICATION TECHNOLOGY,C,068,C,new,28,January,2002,female
206446,-,-,-,-,2020,GEOGRAPHY,Absent,BUDDHIST CIVILIZATION,Absent,SINHALA,Absent,Absent,Absent,new,2,June,2000,female
184691,ENGINEERING TECHNOLOGY,-.1722,504 (NEW),10149 (NEW),2020,INFORMATION & COMMUNICATION TECHNOLOGY,S,ENGINEERING TECHNOLOGY,S,SCIENCE FOR TECHNOLOGY,S,Absent,S,new,28,November,1999,male
69680,COMMERCE,-.3319,2342 (NEW),34981 (NEW),2020,ECONOMICS,S,BUSINESS STUDIES,S,ACCOUNTING,S,050,S,new,27,May,2001,female
73899,COMMERCE,1.0208,721 (NEW),10076 (NEW),2020,ECONOMICS,C,BUSINESS STUDIES,C,ACCOUNTING,A,054,S,new,15,October,2001,female
323474,ARTS,.9820,119 (OLD),1332 (OLD),2020,COMMUNICATION & MEDIA STUDIES,B,BUDDHIST CIVILIZATION,A,SINHALA,B,035,F,old,9,August,1999,female
21143,-,-.5568,-,-,2020,ECONOMICS,C,BUSINESS STUDIES,S,ACCOUNTING,F,034,F,new,2,November,2001,male
331976,-,-,-,-,2020,PHYSICS,Absent,CHEMISTRY,Absent,COMBINED MATHEMATICS,F,Absent,Absent,old,3,September,1999,female
875,COMMERCE,-.3931,6698 (NEW),36021 (NEW),2020,ECONOMICS,S,BUSINESS STUDIES,S,ACCOUNTING,S,044,S,new,18,November,2001,female
231827,-,-,-,-,2020,ECONOMICS,F,BUSINESS STUDIES,F,ACCOUNTING,F,044,S,new,8,February,2001,female
74331,ARTS,1.4821,344 (NEW),5421 (NEW),2020,GEOGRAPHY,A,POLITICAL SCIENCE,C,SINHALA,A,052,F,new,28,March,2000,female
212927,BIOLOGICAL SCIENCE,.3054,1056 (NEW),13190 (NEW),2020,PHYSICS,S,CHEMISTRY,S,BIOLOGY,C,Absent,A,new,4,August,2000,male
15024,PHYSICAL SCIENCE,-.1462,3128 (NEW),18327 (NEW),2020,PHYSICS,S,CHEMISTRY,S,COMBINED MATHEMATICS,S,058,A,new,20,July,2001,male
163222,-,-.6695,-,-,2020,AGRICULTURAL SCIENCE,S,ENGINEERING TECHNOLOGY,S,SCIENCE FOR TECHNOLOGY,F,036,F,new,16,March,2001,male
116587,-,-,-,-,2020,ECONOMICS,Absent,BUSINESS STUDIES,Absent,ACCOUNTING,Absent,Absent,Absent,new,8,October,2000,male
14133,ARTS,.4345,2418 (NEW),36564 (NEW),2020,POLITICAL SCIENCE,B,DANCING(INDIGENOUS),C,SINHALA,B,042,C,new,23,September,2001,female
161762,ARTS,.6310,3215 (NEW),29230 (NEW),2020,POLITICAL SCIENCE,C,HISTORY OF SRI LANKA & INDIA,B,BUDDHIST CIVILIZATION,C,038,F,new,9,January,2001,male
134027,ARTS,-.4810,3902 (NEW),67966 (NEW),2020,POLITICAL SCIENCE,S,HISTORY OF SRI LANKA & INDIA,S,BUDDHIST CIVILIZATION,S,040,F,new,13,November,2001,male
215734,-,-,-,-,2020,CHEMISTRY,Absent,AGRICULTURAL SCIENCE,Absent,BIOLOGY,Absent,Absent,Absent,new,23,May,2000,female
74937,ARTS,1.2247,675 (NEW),10909 (NEW),2020,COMMUNICATION & MEDIA STUDIES,A,CHRISTIANITY,A,SINHALA,B,034,S,new,23,August,2001,female
220093,-,-.5856,-,-,2020,CHEMISTRY,F,AGRICULTURAL SCIENCE,S,BIOLOGY,S,054,S,new,15,September,2001,male
64350,ARTS,.5251,1845 (NEW),33158 (NEW),2020,HISTORY OF SRI LANKA & INDIA,S,BUDDHIST CIVILIZATION,A,SINHALA,B,042,F,new,4,September,2001,female
58982,-,-,-,-,2020,ECONOMICS,Absent,BUSINESS STUDIES,Absent,ACCOUNTING,Absent,Absent,Absent,new,19,October,2000,female
320859,NON,.4863,-,-,2020,PHYSICS,S,COMBINED MATHEMATICS,C,INFORMATION & COMMUNICATION TECHNOLOGY,S,Absent,C,old,9,November,1999,male
98242,-,-,-,-,2020,PHYSICS,F,CHEMISTRY,S,BIOLOGY,F,026,F,new,13,June,2001,male
182847,-,-.4277,-,-,2020,PHYSICS,S,CHEMISTRY,F,BIOLOGY,S,038,S,new,6,October,2001,female
11213,COMMERCE,.8055,2663 (NEW),13543 (NEW),2020,INFORMATION & COMMUNICATION TECHNOLOGY,B,ECONOMICS,C,ACCOUNTING,C,048,A,new,16,November,2001,male
288068,-,-,-,-,2020,AGRICULTURAL SCIENCE,F,GEOGRAPHY,Absent,ISLAM,F,Absent,Absent,new,1,August,1994,female
230251,ARTS,-.1178,3960 (NEW),57451 (NEW),2020,GEOGRAPHY,S,COMMUNICATION & MEDIA STUDIES,C,SINHALA,C,028,S,new,27,October,2001,female
232081,ENGINEERING TECHNOLOGY,.7539,235 (NEW),3791 (NEW),2020,INFORMATION & COMMUNICATION TECHNOLOGY,C,ENGINEERING TECHNOLOGY,C,SCIENCE FOR TECHNOLOGY,C,060,S,new,3,November,2001,male
209887,-,-,-,-,2020,ECONOMICS,Absent,BUSINESS STUDIES,Absent,ACCOUNTING,Absent,Absent,Absent,new,27,March,2001,male
33836,-,-,-,-,2020,PHYSICS,F,CHEMISTRY,F,BIOLOGY,F,038,A,new,23,February,2001,male
330034,-,-,-,-,2020,PHYSICS,F,CHEMISTRY,F,BIOLOGY,F,042,F,old,23,May,1999,female
87369,-,-.5406,-,-,2020,INFORMATION & COMMUNICATION TECHNOLOGY,F,BUSINESS STUDIES,C,ACCOUNTING,S,042,S,new,28,April,2001,male
152122,-,-,-,-,2020,ECONOMICS,F,BUSINESS STUDIES,S,ACCOUNTING,F,040,S,new,10,January,2002,female
244387,COMMERCE,.0619,990 (NEW),27153 (NEW),2020,ECONOMICS,C,BUSINESS STUDIES,C,ACCOUNTING,S,Absent,S,new,22,August,2000,male
66048,BIOLOGICAL SCIENCE,.2006,840 (NEW),14461 (NEW),2020,PHYSICS,S,CHEMISTRY,S,BIOLOGY,C,Absent,Absent,new,7,March,2000,female
195996,ARTS,.2356,2326 (NEW),44149 (NEW),2020,GEOGRAPHY,C,COMMUNICATION & MEDIA STUDIES,S,SINHALA,B,050,S,new,20,December,2001,female
76191,ENGINEERING TECHNOLOGY,1.6439,73 (NEW),852 (NEW),2020,INFORMATION & COMMUNICATION TECHNOLOGY,B,ENGINEERING TECHNOLOGY,B,SCIENCE FOR TECHNOLOGY,B,046,S,new,14,May,2001,male
326204,-,-.9967,-,-,2020,AGRICULTURAL SCIENCE,F,HISTORY OF INDIA,C,DANCING(INDIGENOUS),S,035,F,old,4,October,1999,female
225777,-,-,-,-,2020,ECONOMICS,F,BUSINESS STUDIES,C,ACCOUNTING,F,030,F,new,20,November,2001,male
284324,COMMERCE,-.1372,347 (NEW),31165 (NEW),2020,ECONOMICS,S,BUSINESS STUDIES,S,ACCOUNTING,C,050,S,new,16,May,2001,female
32977,ENGINEERING TECHNOLOGY,-.0147,1045 (NEW),8928 (NEW),2020,INFORMATION & COMMUNICATION TECHNOLOGY,S,ENGINEERING TECHNOLOGY,S,SCIENCE FOR TECHNOLOGY,S,048,F,new,9,November,2001,female
98683,BIOLOGICAL SCIENCE,1.2995,262 (NEW),4095 (NEW),2020,PHYSICS,C,CHEMISTRY,A,BIOLOGY,C,052,C,new,25,November,2001,female
6248,-,-.6711,-,-,2020,BUDDHIST CIVILIZATION,C,DANCING(INDIGENOUS),F,SINHALA,S,032,C,new,6,January,2002,female
209355,ARTS,-.5795,2024 (NEW),69876 (NEW),2020,COMMUNICATION & MEDIA STUDIES,S,BUDDHIST CIVILIZATION,S,SINHALA,S,042,F,new,24,October,2001,male
146191,ENGINEERING TECHNOLOGY,-.1569,471 (NEW),10041 (NEW),2020,GEOGRAPHY,S,ENGINEERING TECHNOLOGY,S,SCIENCE FOR TECHNOLOGY,S,036,F,new,25,March,2001,male
172897,COMMERCE,-.2884,2290 (NEW),34161 (NEW),2020,ECONOMICS,S,BUSINESS STUDIES,C,ACCOUNTING,S,040,F,new,7,March,2001,female
57375,-,-,-,-,2020,PHYSICS,S,CHEMISTRY,F,BIOLOGY,F,054,S,new,17,May,2001,male
327578,-,-,-,-,2020,HISTORY OF MODERN WORLD,Absent,BUDDHIST CIVILIZATION,F,SINHALA,Absent,Absent,Absent,old,10,December,1999,female
302866,BIOLOGICAL SCIENCE,.4064,536 (NEW),12014 (NEW),2020,PHYSICS,S,CHEMISTRY,C,BIOLOGY,C,056,S,new,1,January,2002,female
130068,-,-.0918,-,-,2020,INFORMATION & COMMUNICATION TECHNOLOGY,F,GEOGRAPHY,C,SINHALA,B,042,F,new,22,October,2001,male
6973,BIOLOGICAL SCIENCE,2.1258,185 (NEW),658 (NEW),2020,PHYSICS,A,CHEMISTRY,A,BIOLOGY,A,Absent,A,new,11,March,2000,male
255214,-,-,-,-,2020,ECONOMICS,F,BUSINESS STUDIES,F,ACCOUNTING,F,026,F,new,8,August,2000,male
302356,ARTS,.5438,860 (NEW),32469 (NEW),2020,HISTORY OF SRI LANKA & EUROPE,C,COMMUNICATION & MEDIA STUDIES,C,TAMIL,B,028,F,new,18,April,2001,female
34286,COMMERCE,.8176,1515 (NEW),13345 (NEW),2020,ECONOMICS,B,BUSINESS STUDIES,C,ACCOUNTING,B,046,B,new,23,May,2000,male
17832,-,-,-,-,2020,PHYSICS,F,CHEMISTRY,F,COMBINED MATHEMATICS,F,064,F,new,27,June,2001,male
314902,ARTS,.8689,43 (OLD),1645 (OLD),2020,GEOGRAPHY,A,DANCING(INDIGENOUS),C,SINHALA,A,033,F,old,15,August,1997,female
139385,ARTS,.1776,2092 (NEW),46424 (NEW),2020,COMMUNICATION & MEDIA STUDIES,S,BUDDHIST CIVILIZATION,C,SINHALA,B,Absent,S,new,14,July,2000,female
153429,-,-.1825,-,-,2020,PHYSICS,F,CHEMISTRY,S,BIOLOGY,S,048,A,new,19,August,2001,male
253313,ARTS,1.2445,471 (NEW),10422 (NEW),2020,POLITICAL SCIENCE,A,COMMUNICATION & MEDIA STUDIES,B,SINHALA,B,030,F,new,2,May,2000,female
310819,-,-,-,-,2020,POLITICAL SCIENCE,F,ISLAM,F,TAMIL,F,027,Absent,old,Invalid nic error,Invalid nic error,Invalid nic error,
145137,ARTS,-.1839,2702 (NEW),59714 (NEW),2020,GEOGRAPHY,S,HISTORY OF SRI LANKA & INDIA,S,COMMUNICATION & MEDIA STUDIES,S,044,F,new,13,March,2001,male
43839,ARTS,.6261,2265 (NEW),29392 (NEW),2020,POLITICAL SCIENCE,B,LOGIC & SCIENTIFIC METHOD,S,SINHALA,B,036,S,new,6,January,2002,female
243361,ARTS,1.8618,18 (NEW),1196 (NEW),2020,GEOGRAPHY,A,POLITICAL SCIENCE,A,SINHALA,A,048,S,new,15,August,2001,female
47702,-,-,-,-,2020,PHYSICS,F,CHEMISTRY,F,BIOLOGY,F,044,S,new,20,November,2001,female
312559,-,-,-,-,2020,COMMUNICATION & MEDIA STUDIES,Absent,BUDDHIST CIVILIZATION,F,SINHALA,F,Absent,Absent,old,1,October,1997,female
114862,-,-,-,-,2020,POLITICAL SCIENCE,Absent,HISTORY OF SRI LANKA & INDIA,Absent,SINHALA,Absent,Absent,Absent,new,19,May,2000,female
60209,COMMERCE,.0877,3175 (NEW),26650 (NEW),2020,ECONOMICS,C,BUSINESS STUDIES,C,ACCOUNTING,S,048,F,new,30,May,2001,female
15025,COMMERCE,-.1283,5779 (NEW),30982 (NEW),2020,ECONOMICS,S,BUSINESS STUDIES,C,ACCOUNTING,S,032,B,new,14,June,2001,male
29675,COMMERCE,1.3124,1382 (NEW),5992 (NEW),2020,ECONOMICS,A,BUSINESS STUDIES,B,ACCOUNTING,B,056,S,new,30,January,2002,male
193015,-,-.6833,-,-,2020,AGRICULTURAL SCIENCE,F,ENGINEERING TECHNOLOGY,S,SCIENCE FOR TECHNOLOGY,S,034,F,new,27,August,2001,male
310741,-,-,-,-,2020,HOME ECONOMICS,Absent,HINDU CIVILIZATION,F,DRAMA AND THEATRE (TAMIL),Absent,Absent,Absent,old,5,April,1998,male
295435,BIOLOGICAL SCIENCE,-.1337,92 (NEW),18579 (NEW),2020,PHYSICS,S,CHEMISTRY,S,BIOLOGY,S,046,F,new,13,February,2001,male
98589,-,-.9179,-,-,2020,POLITICAL SCIENCE,F,COMMUNICATION & MEDIA STUDIES,S,SINHALA,S,046,F,new,27,November,2001,female
60979,PHYSICAL SCIENCE,1.0054,353 (NEW),6287 (NEW),2020,PHYSICS,C,CHEMISTRY,C,COMBINED MATHEMATICS,B,060,A,new,11,September,2000,female
282342,-,-,-,-,2020,ECONOMICS,Absent,BUSINESS STUDIES,Absent,ACCOUNTING,Absent,Absent,Absent,new,13,July,2000,female
5098,PHYSICAL SCIENCE,-.3653,3411 (NEW),20298 (NEW),2020,PHYSICS,S,CHEMISTRY,S,COMBINED MATHEMATICS,S,030,S,new,5,February,2001,male
140751,NON,1.0409,-,-,2020,AGRICULTURAL SCIENCE,C,BIOLOGY,S,AGRO TECHNOLOGY,C,052,F,new,16,October,2000,female
219912,ARTS,-.3471,4572 (NEW),64798 (NEW),2020,ECONOMICS,C,LOGIC & SCIENTIFIC METHOD,S,SINHALA,C,032,S,new,25,June,2000,male
48253,BIOSYSTEMS TECHNOLOGY,-.3116,464 (NEW),6840 (NEW),2020,AGRICULTURAL SCIENCE,S,BIO SYSTEMS TECHNOLOGY,S,SCIENCE FOR TECHNOLOGY,S,032,F,new,31,December,2001,male
56193,PHYSICAL SCIENCE,1.7208,153 (NEW),2007 (NEW),2020,PHYSICS,A,CHEMISTRY,B,COMBINED MATHEMATICS,A,074,C,new,20,September,2001,male
334996,-,-,-,-,2020,GEOGRAPHY,F,COMMUNICATION & MEDIA STUDIES,F,ISLAM,S,023,F,old,28,February,1999,male
217791,-,-,-,-,2020,ECONOMICS,Absent,LOGIC & SCIENTIFIC METHOD,Absent,SINHALA,Absent,Absent,Absent,new,10,April,2000,female
222723,BIOLOGICAL SCIENCE,.2433,1107 (NEW),13935 (NEW),2020,PHYSICS,S,CHEMISTRY,C,BIOLOGY,C,050,B,new,2,February,2001,female
152381,COMMERCE,.2314,1660 (NEW),23801 (NEW),2020,ECONOMICS,C,BUSINESS STUDIES,C,ACCOUNTING,S,038,S,new,4,April,2000,female
321648,-,-,-,-,2020,PHYSICS,F,CHEMISTRY,F,BIOLOGY,S,Absent,Absent,old,16,June,1999,female
124515,ARTS,1.1122,981 (NEW),13879 (NEW),2020,POLITICAL SCIENCE,B,BUDDHIST CIVILIZATION,B,SINHALA,B,028,F,new,5,November,2000,female
78584,BIOLOGICAL SCIENCE,.9366,551 (NEW),6722 (NEW),2020,PHYSICS,C,CHEMISTRY,B,BIOLOGY,C,Absent,Absent,new,18,June,2000,female
197258,-,-,-,-,2020,INFORMATION & COMMUNICATION TECHNOLOGY,S,BIO SYSTEMS TECHNOLOGY,Absent,SCIENCE FOR TECHNOLOGY,S,038,F,new,14,July,2001,female
86864,ARTS,.8111,1447 (NEW),23069 (NEW),2020,INFORMATION & COMMUNICATION TECHNOLOGY,S,COMMUNICATION & MEDIA STUDIES,C,SINHALA,B,036,F,new,14,February,2001,female
217987,-,-,-,-,2020,GEOGRAPHY,F,POLITICAL SCIENCE,F,SINHALA,F,034,F,new,12,March,2000,male
55034,COMMERCE,.3910,2423 (NEW),20799 (NEW),2020,ECONOMICS,C,BUSINESS STUDIES,C,ACCOUNTING,C,Absent,Absent,new,18,May,2000,male
65932,ENGINEERING TECHNOLOGY,1.1194,150 (NEW),2245 (NEW),2020,INFORMATION & COMMUNICATION TECHNOLOGY,C,ENGINEERING TECHNOLOGY,C,SCIENCE FOR TECHNOLOGY,C,054,S,new,21,March,2001,male
54899,-,-,-,-,2020,ECONOMICS,F,BUSINESS STUDIES,F,ACCOUNTING,F,048,F,new,18,November,2001,male
253522,-,-,-,-,2020,CHEMISTRY,F,AGRICULTURAL SCIENCE,C,BIOLOGY,F,036,S,new,12,January,2002,female
15256,COMMERCE,.4671,3684 (NEW),19364 (NEW),2020,INFORMATION & COMMUNICATION TECHNOLOGY,C,ECONOMICS,C,ACCOUNTING,C,042,A,new,16,September,2001,male
112793,PHYSICAL SCIENCE,1.5718,112 (NEW),2660 (NEW),2020,PHYSICS,B,CHEMISTRY,B,COMBINED MATHEMATICS,A,080,C,new,16,July,2000,male
60800,ARTS,.3584,2131 (NEW),39463 (NEW),2020,HOME ECONOMICS,C,BUDDHIST CIVILIZATION,A,SINHALA,S,044,F,new,17,July,2001,female
173722,-,-.5806,-,-,2020,PHYSICS,S,CHEMISTRY,S,COMBINED MATHEMATICS,F,048,S,new,19,July,2000,male
196439,ARTS,.1406,2508 (NEW),47821 (NEW),2020,AGRICULTURAL SCIENCE,S,BUDDHIST CIVILIZATION,C,SINHALA,B,046,F,new,15,April,2001,female
82913,-,-1.0338,-,-,2020,ECONOMICS,F,BUSINESS STUDIES,S,ACCOUNTING,S,046,S,new,3,September,2001,male
179451,ARTS,1.2351,357 (NEW),10661 (NEW),2020,POLITICAL SCIENCE,B,ISLAMIC CIVILIZATION,A,ARABIC,A,050,S,new,24,November,1999,male
211584,BIOLOGICAL SCIENCE,-.4378,1661 (NEW),21154 (NEW),2020,PHYSICS,S,CHEMISTRY,S,BIOLOGY,S,042,C,new,23,February,2001,female
181066,ARTS,.6176,980 (NEW),29736 (NEW),2020,GEOGRAPHY,C,BUDDHIST CIVILIZATION,A,SINHALA,C,Absent,F,new,2,August,2000,female
223812,ARTS,.0614,3427 (NEW),50828 (NEW),2020,GEOGRAPHY,S,DANCING(INDIGENOUS),B,SINHALA,C,048,F,new,14,November,2001,female
57167,ARTS,-.5165,5376 (NEW),68723 (NEW),2020,GEOGRAPHY,S,COMMUNICATION & MEDIA STUDIES,S,SINHALA,S,Absent,Absent,new,18,September,2000,female
182487,-,-,-,-,2020,POLITICAL SCIENCE,F,BUDDHIST CIVILIZATION,F,SINHALA,F,024,Absent,new,3,October,2001,male
42540,-,-.6173,-,-,2020,INFORMATION & COMMUNICATION TECHNOLOGY,F,ENGINEERING TECHNOLOGY,S,SCIENCE FOR TECHNOLOGY,S,048,F,new,23,July,2001,male
323815,PHYSICAL SCIENCE,-.3177,198 (OLD),1597 (OLD),2020,PHYSICS,S,CHEMISTRY,S,COMBINED MATHEMATICS,S,Absent,Absent,old,5,July,1999,male
254221,-,-.7092,-,-,2020,GEOGRAPHY,S,POLITICAL SCIENCE,F,TAMIL,S,030,F,new,19,March,2000,female
255403,PHYSICAL SCIENCE,.7781,276 (NEW),8265 (NEW),2020,PHYSICS,C,CHEMISTRY,B,COMBINED MATHEMATICS,C,068,C,new,26,July,2000,female
96996,PHYSICAL SCIENCE,-.0348,1074 (NEW),17066 (NEW),2020,PHYSICS,S,CHEMISTRY,S,COMBINED MATHEMATICS,S,068,A,new,30,April,2000,female
281329,-,-,-,-,2020,HISTORY OF SRI LANKA & EUROPE,Absent,DANCING(BHARATHA),Absent,TAMIL,Absent,Absent,S,new,18,September,2000,female
30661,ARTS,-.3941,4410 (NEW),65977 (NEW),2020,POLITICAL SCIENCE,S,LOGIC & SCIENTIFIC METHOD,S,SINHALA,S,040,F,new,30,October,2000,female
290999,-,-,-,-,2020,PHYSICS,F,CHEMISTRY,F,BIOLOGY,F,022,S,new,9,May,2001,female
78714,COMMERCE,.0530,1747 (NEW),27323 (NEW),2020,ECONOMICS,C,BUSINESS STUDIES,C,ACCOUNTING,S,056,S,new,22,December,2001,male
320560,-,-,-,-,2020,COMMUNICATION & MEDIA STUDIES,Absent,BUDDHIST CIVILIZATION,Absent,SINHALA,Absent,Absent,Absent,old,23,January,2000,female
271578,-,-,-,-,2020,INFORMATION & COMMUNICATION TECHNOLOGY,F,ENGINEERING TECHNOLOGY,Absent,SCIENCE FOR TECHNOLOGY,F,024,F,new,27,June,2001,male
224204,ARTS,1.6938,140 (NEW),2536 (NEW),2020,POLITICAL SCIENCE,A,BUDDHIST CIVILIZATION,A,SINHALA,A,038,F,new,25,September,2000,female
233696,ARTS,-.1517,4044 (NEW),58605 (NEW),2020,POLITICAL SCIENCE,S,HISTORY OF SRI LANKA & EUROPE,C,SINHALA,C,040,F,new,15,February,2001,male
53939,BIOLOGICAL SCIENCE,.7434,741 (NEW),8441 (NEW),2020,PHYSICS,C,CHEMISTRY,C,BIOLOGY,C,068,B,new,15,November,2001,female
50630,ARTS,.5034,2621 (NEW),33973 (NEW),2020,ECONOMICS,C,ISLAM,B,TAMIL,C,036,F,new,6,October,2001,female
18675,-,-,-,-,2020,ECONOMICS,F,BUSINESS STUDIES,F,ACCOUNTING,F,Absent,S,new,8,August,2001,male
150312,-,-.5985,-,-,2020,POLITICAL SCIENCE,S,HISTORY OF SRI LANKA & INDIA,S,COMMUNICATION & MEDIA STUDIES,F,034,F,new,10,November,2001,female
293625,-,-,-,-,2020,GEOGRAPHY,Absent,DANCING(BHARATHA),Absent,TAMIL,Absent,Absent,Absent,new,28,February,2000,female
265386,ARTS,.0895,1762 (NEW),49779 (NEW),2020,AGRICULTURAL SCIENCE,S,AGRO TECHNOLOGY,S,GEOGRAPHY,C,050,F,new,6,November,2000,female
165062,PHYSICAL SCIENCE,-.1397,1433 (NEW),18270 (NEW),2020,PHYSICS,S,CHEMISTRY,S,COMBINED MATHEMATICS,S,074,A,new,15,March,2001,male
295507,BIOLOGICAL SCIENCE,-.5446,115 (NEW),21527 (NEW),2020,PHYSICS,S,CHEMISTRY,S,BIOLOGY,S,062,S,new,21,January,2001,female
7685,-,-,-,-,2020,ECONOMICS,F,BUSINESS STUDIES,F,ACCOUNTING,F,030,S,new,26,July,2001,male
32051,ARTS,.5406,2179 (NEW),32592 (NEW),2020,ECONOMICS,C,POLITICAL SCIENCE,C,SINHALA,B,028,S,new,15,March,2001,female
299633,PHYSICAL SCIENCE,1.8669,63 (NEW),1416 (NEW),2020,PHYSICS,A,CHEMISTRY,B,COMBINED MATHEMATICS,A,068,C,new,2,October,2000,male
187725,-,-,-,-,2020,INFORMATION & COMMUNICATION TECHNOLOGY,Absent,ENGINEERING TECHNOLOGY,Absent,SCIENCE FOR TECHNOLOGY,Absent,Absent,Absent,new,30,March,2000,male
278650,-,-,-,-,2020,ECONOMICS,Absent,BUSINESS STUDIES,Absent,ACCOUNTING,Absent,Absent,Absent,new,12,February,2000,male
122562,PHYSICAL SCIENCE,1.9444,36 (NEW),1149 (NEW),2020,PHYSICS,B,CHEMISTRY,A,COMBINED MATHEMATICS,A,Absent,Absent,new,27,September,2000,male
270390,ARTS,1.0536,466 (NEW),15473 (NEW),2020,POLITICAL SCIENCE,B,ISLAM,A,TAMIL,B,032,F,new,16,August,2001,female
24297,COMMERCE,1.3895,1179 (NEW),5022 (NEW),2020,ECONOMICS,A,BUSINESS STUDIES,A,ACCOUNTING,B,056,C,new,5,December,2001,female
231826,-,-,-,-,2020,ECONOMICS,F,BUSINESS STUDIES,F,ACCOUNTING,F,044,F,new,2,April,2000,male
200917,-,-,-,-,2020,HISTORY OF SRI LANKA & INDIA,Absent,BUDDHISM,Absent,SINHALA,Absent,Absent,Absent,new,27,May,1999,male
118709,COMMERCE,1.0721,509 (NEW),9337 (NEW),2020,ECONOMICS,B,BUSINESS STUDIES,C,ACCOUNTING,A,058,C,new,19,September,2001,female
177929,COMMERCE,-.3090,1029 (NEW),34573 (NEW),2020,ECONOMICS,S,BUSINESS STUDIES,C,ACCOUNTING,S,Absent,C,new,24,March,2000,female
52348,-,-,-,-,2020,POLITICAL SCIENCE,F,CHRISTIANITY,S,SINHALA,F,050,F,new,4,January,2002,male
10866,ARTS,-.3654,4357 (NEW),65256 (NEW),2020,ECONOMICS,S,POLITICAL SCIENCE,S,ORIENTAL MUSIC,S,Absent,A,new,17,July,2000,male
106552,COMMERCE,-.1095,1323 (NEW),30620 (NEW),2020,ECONOMICS,C,BUSINESS STUDIES,S,ACCOUNTING,S,038,Absent,new,20,September,2000,male
284444,COMMERCE,.8435,144 (NEW),12877 (NEW),2020,ECONOMICS,B,BUSINESS STUDIES,B,ACCOUNTING,C,Absent,S,new,7,December,2000,female
204814,ARTS,.7606,624 (NEW),24743 (NEW),2020,GEOGRAPHY,B,LOGIC & SCIENTIFIC METHOD,C,TAMIL,B,048,C,new,16,September,2001,female
57496,-,-,-,-,2020,HISTORY OF SRI LANKA & INDIA,F,COMMUNICATION & MEDIA STUDIES,F,SINHALA,F,054,F,new,17,May,2001,female
181405,-,-,-,-,2020,AGRICULTURAL SCIENCE,F,ENGINEERING TECHNOLOGY,Absent,SCIENCE FOR TECHNOLOGY,F,046,F,new,16,November,2000,male
205113,COMMERCE,.1385,560 (NEW),25640 (NEW),2020,ECONOMICS,C,BUSINESS STUDIES,C,ACCOUNTING,S,052,C,new,1,November,2000,female
44672,BIOLOGICAL SCIENCE,.1001,1367 (NEW),15708 (NEW),2020,CHEMISTRY,S,AGRICULTURAL SCIENCE,C,BIOLOGY,S,052,C,new,16,July,2001,female
211181,BIOLOGICAL SCIENCE,.4546,933 (NEW),11513 (NEW),2020,PHYSICS,S,CHEMISTRY,C,BIOLOGY,C,056,A,new,13,June,2001,female
319347,ARTS,1.6254,12 (OLD),146 (OLD),2020,POLITICAL SCIENCE,A,BUDDHIST CIVILIZATION,A,SINHALA,A,Absent,Absent,old,7,December,1999,female
102814,ARTS,1.0031,887 (NEW),16996 (NEW),2020,GEOGRAPHY,B,POLITICAL SCIENCE,B,SINHALA,C,040,S,new,9,May,2000,female
87733,-,-,-,-,2020,INFORMATION & COMMUNICATION TECHNOLOGY,Absent,BUSINESS STUDIES,Absent,ACCOUNTING,Absent,Absent,Absent,new,8,February,1997,male
262776,ARTS,1.7402,78 (NEW),2076 (NEW),2020,INFORMATION & COMMUNICATION TECHNOLOGY,B,ART,A,SINHALA,A,040,S,new,28,June,2001,female
131622,BIOSYSTEMS TECHNOLOGY,-.1820,419 (NEW),6373 (NEW),2020,AGRICULTURAL SCIENCE,S,BIO SYSTEMS TECHNOLOGY,S,SCIENCE FOR TECHNOLOGY,S,042,F,new,9,August,2001,female
58739,PHYSICAL SCIENCE,.6542,896 (NEW),9367 (NEW),2020,PHYSICS,C,CHEMISTRY,B,COMBINED MATHEMATICS,S,078,A,new,28,September,2001,male
40209,-,-,-,-,2020,PHYSICS,Absent,CHEMISTRY,Absent,COMBINED MATHEMATICS,Absent,Absent,Absent,new,16,April,1998,female
15448,BIOLOGICAL SCIENCE,.2198,2215 (NEW),14211 (NEW),2020,PHYSICS,S,CHEMISTRY,C,BIOLOGY,C,056,A,new,21,December,2001,female
130494,ARTS,.1906,2784 (NEW),45909 (NEW),2020,GEOGRAPHY,C,DANCING(INDIGENOUS),B,GERMAN,S,040,S,new,24,January,2002,female
214207,-,-,-,-,2020,ECONOMICS,Absent,BUSINESS STUDIES,Absent,ACCOUNTING,Absent,Absent,Absent,new,3,May,2002,female
297663,-,-.3060,-,-,2020,MATHEMATICS,F,ENGINEERING TECHNOLOGY,S,SCIENCE FOR TECHNOLOGY,S,056,F,new,21,October,2001,male
2748,COMMERCE,1.9508,215 (NEW),639 (NEW),2020,ECONOMICS,A,BUSINESS STUDIES,A,ACCOUNTING,A,056,A,new,4,June,2001,female
68219,COMMERCE,.2658,1578 (NEW),23205 (NEW),2020,ECONOMICS,C,BUSINESS STUDIES,S,ACCOUNTING,B,052,F,new,9,November,2001,female
7384,COMMERCE,-.2414,6212 (NEW),33291 (NEW),2020,ECONOMICS,C,BUSINESS STUDIES,S,ACCOUNTING,S,032,S,new,7,November,2001,female
93025,-,-,-,-,2020,PHYSICS,F,CHEMISTRY,F,BIOLOGY,F,054,B,new,3,February,2001,female
133946,-,-,-,-,2020,ECONOMICS,F,BUSINESS STUDIES,S,ACCOUNTING,F,032,S,new,29,October,2001,male
143353,-,-.5927,-,-,2020,ECONOMICS,F,BUSINESS STUDIES,S,ACCOUNTING,S,Absent,F,new,24,March,2000,female
40153,-,-,-,-,2020,PHYSICS,F,COMBINED MATHEMATICS,F,INFORMATION & COMMUNICATION TECHNOLOGY,S,054,C,new,15,July,2000,male
181178,ARTS,.8725,701 (NEW),21013 (NEW),2020,COMMUNICATION & MEDIA STUDIES,B,SINHALA,A,JAPANESE,S,020,F,new,15,February,2001,female
285486,BIOLOGICAL SCIENCE,-.0016,263 (NEW),17018 (NEW),2020,PHYSICS,S,CHEMISTRY,C,BIOLOGY,S,052,A,new,28,April,2001,female
152825,-,-.1873,-,-,2020,PHYSICS,S,CHEMISTRY,C,BIOLOGY,F,064,C,new,23,December,2001,female
140286,COMMERCE,.3953,840 (NEW),20709 (NEW),2020,ECONOMICS,C,BUSINESS STUDIES,C,ACCOUNTING,C,050,S,new,12,January,2002,male
5101,-,-.4821,-,-,2020,PHYSICS,S,COMBINED MATHEMATICS,F,INFORMATION & COMMUNICATION TECHNOLOGY,S,070,C,new,17,October,2001,male
336572,ENGINEERING TECHNOLOGY,-.1437,12 (OLD),441 (OLD),2020,COMMUNICATION & MEDIA STUDIES,S,ENGINEERING TECHNOLOGY,S,SCIENCE FOR TECHNOLOGY,S,067,S,old,12,April,1999,male
271927,-,-,-,-,2020,COMMUNICATION & MEDIA STUDIES,F,BUDDHIST CIVILIZATION,F,SINHALA,S,Absent,Absent,new,22,February,1978,female
261619,ARTS,-.7595,2041 (NEW),71968 (NEW),2020,GEOGRAPHY,S,COMMUNICATION & MEDIA STUDIES,S,SINHALA,S,020,F,new,2,August,2001,male
141386,BIOLOGICAL SCIENCE,2.2435,11 (NEW),438 (NEW),2020,PHYSICS,A,CHEMISTRY,A,BIOLOGY,B,Absent,A,new,5,January,2001,female
4298,PHYSICAL SCIENCE,1.4966,680 (NEW),3049 (NEW),2020,PHYSICS,B,CHEMISTRY,B,COMBINED MATHEMATICS,B,058,A,new,26,February,2001,male
24011,ARTS,.0831,3272 (NEW),50006 (NEW),2020,POLITICAL SCIENCE,C,HISTORY OF SRI LANKA & INDIA,C,COMMUNICATION & MEDIA STUDIES,S,038,S,new,2,April,2001,male
162740,-,-.3560,-,-,2020,GEOGRAPHY,S,BUDDHIST CIVILIZATION,F,SINHALA,C,034,F,new,26,June,2000,female
256167,PHYSICAL SCIENCE,-.2460,757 (NEW),19298 (NEW),2020,PHYSICS,S,CHEMISTRY,S,COMBINED MATHEMATICS,S,056,F,new,27,January,2002,male
166261,BIOSYSTEMS TECHNOLOGY,-.0067,537 (NEW),5594 (NEW),2020,INFORMATION & COMMUNICATION TECHNOLOGY,S,BIO SYSTEMS TECHNOLOGY,S,SCIENCE FOR TECHNOLOGY,C,040,C,new,10,July,2001,male
251680,-,-,-,-,2020,PHYSICS,Absent,CHEMISTRY,Absent,COMBINED MATHEMATICS,Absent,Absent,Absent,new,31,May,2000,male
196964,COMMERCE,.4191,383 (NEW),20266 (NEW),2020,ECONOMICS,S,BUSINESS STUDIES,C,ACCOUNTING,B,Absent,S,new,16,June,2000,female
260449,-,-.9928,-,-,2020,POLITICAL SCIENCE,F,BUDDHIST CIVILIZATION,S,SINHALA,S,042,F,new,15,May,2001,female
178732,BIOLOGICAL SCIENCE,-.3738,585 (NEW),20815 (NEW),2020,PHYSICS,S,CHEMISTRY,S,BIOLOGY,S,058,A,new,25,August,2001,female
60416,PHYSICAL SCIENCE,.1594,919 (NEW),14736 (NEW),2020,PHYSICS,S,CHEMISTRY,C,COMBINED MATHEMATICS,S,070,F,new,23,January,2002,male
72400,ARTS,.3084,2224 (NEW),41342 (NEW),2020,POLITICAL SCIENCE,C,COMMUNICATION & MEDIA STUDIES,C,SINHALA,C,030,F,new,22,April,2000,female
78875,COMMERCE,2.3510,5 (NEW),27 (NEW),2020,ECONOMICS,A,BUSINESS STUDIES,A,ACCOUNTING,A,074,A,new,22,January,2002,female
264482,BIOLOGICAL SCIENCE,.3671,404 (NEW),12440 (NEW),2020,PHYSICS,C,CHEMISTRY,C,BIOLOGY,S,064,F,new,20,October,2000,male
108836,-,-.3240,-,-,2020,INFORMATION & COMMUNICATION TECHNOLOGY,S,ENGINEERING TECHNOLOGY,F,SCIENCE FOR TECHNOLOGY,S,044,F,new,9,March,2000,male
301320,ARTS,-.4347,1933 (NEW),66940 (NEW),2020,HISTORY OF SRI LANKA & EUROPE,S,CARNATIC MUSIC,C,TAMIL,S,024,F,new,11,July,2000,female
332993,-,-,-,-,2020,PHYSICS,Absent,CHEMISTRY,Absent,BIOLOGY,Absent,Absent,Absent,old,28,July,1999,male
188736,ARTS,-.5630,3635 (NEW),69579 (NEW),2020,AGRICULTURAL SCIENCE,S,COMMUNICATION & MEDIA STUDIES,S,ORIENTAL MUSIC,S,034,F,new,28,February,2001,male
75287,-,-,-,-,2020,PHYSICS,F,CHEMISTRY,F,BIOLOGY,S,042,S,new,26,June,2001,male
166732,-,-,-,-,2020,POLITICAL SCIENCE,Absent,COMMUNICATION & MEDIA STUDIES,Absent,SINHALA,Absent,Absent,Absent,new,20,February,2000,female
263420,ARTS,-.1491,1727 (NEW),58517 (NEW),2020,AGRICULTURAL SCIENCE,S,GEOGRAPHY,S,SINHALA,B,040,F,new,7,September,2001,female
104427,-,-.7606,-,-,2020,PHYSICS,S,CHEMISTRY,F,BIOLOGY,S,Absent,Absent,new,10,March,2000,male
133150,BIOLOGICAL SCIENCE,.2942,622 (NEW),13334 (NEW),2020,PHYSICS,S,CHEMISTRY,C,BIOLOGY,C,Absent,S,new,31,January,2001,female
3945,-,-.3595,-,-,2020,ECONOMICS,C,BUSINESS STUDIES,F,ACCOUNTING,C,056,A,new,14,February,2001,male
179739,-,-,-,-,2020,COMMUNICATION & MEDIA STUDIES,Absent,BUDDHIST CIVILIZATION,Absent,SINHALA,Absent,Absent,Absent,new,28,March,1996,female
105807,-,-.8319,-,-,2020,ECONOMICS,F,GEOGRAPHY,S,SINHALA,S,034,F,new,23,October,2001,male
198167,-,-,-,-,2020,PHYSICS,F,CHEMISTRY,F,COMBINED MATHEMATICS,F,048,C,new,24,February,2001,male
122517,PHYSICAL SCIENCE,.2953,557 (NEW),13139 (NEW),2020,PHYSICS,S,CHEMISTRY,C,COMBINED MATHEMATICS,S,Absent,F,new,14,September,2000,male
59689,-,-,-,-,2020,GEOGRAPHY,Absent,POLITICAL SCIENCE,Absent,SINHALA,Absent,Absent,Absent,new,29,January,1997,male
152471,COMMERCE,-.3764,2393 (NEW),35771 (NEW),2020,ECONOMICS,S,BUSINESS STUDIES,S,ACCOUNTING,S,042,F,new,13,October,2000,male
31216,ENGINEERING TECHNOLOGY,.8940,409 (NEW),3094 (NEW),2020,COMMUNICATION & MEDIA STUDIES,C,ENGINEERING TECHNOLOGY,S,SCIENCE FOR TECHNOLOGY,A,058,S,new,7,November,2001,male
332511,COMMERCE,1.1982,12 (OLD),213 (OLD),2020,ECONOMICS,B,BUSINESS STUDIES,B,ACCOUNTING,C,052,C,old,Invalid nic error,Invalid nic error,Invalid nic error,
261686,-,-,-,-,2020,PHYSICS,F,CHEMISTRY,F,BIOLOGY,F,062,C,new,28,June,2001,female
32067,-,-,-,-,2020,PHYSICS,Absent,CHEMISTRY,Absent,BIOLOGY,Absent,Absent,Absent,new,6,April,2000,female
242139,ARTS,.5283,879 (NEW),33060 (NEW),2020,GEOGRAPHY,S,POLITICAL SCIENCE,C,TAMIL,B,042,F,new,21,June,2000,female
153007,ARTS,.9038,2166 (NEW),19984 (NEW),2020,HISTORY OF SRI LANKA & INDIA,C,DANCING(INDIGENOUS),A,DRAMA AND THEATRE (SINHALA),B,050,S,new,4,April,2001,female
49138,-,-,-,-,2020,ECONOMICS,F,BUSINESS STUDIES,F,ACCOUNTING,F,030,B,new,5,May,2001,male
147452,-,-,-,-,2020,POLITICAL SCIENCE,F,HISTORY OF SRI LANKA & INDIA,F,BUDDHIST CIVILIZATION,F,034,F,new,24,October,2001,male
83627,PHYSICAL SCIENCE,-.0577,1410 (NEW),17322 (NEW),2020,PHYSICS,S,CHEMISTRY,C,COMBINED MATHEMATICS,S,068,S,new,26,January,2002,male
188242,-,-1.1101,-,-,2020,POLITICAL SCIENCE,S,COMMUNICATION & MEDIA STUDIES,F,SINHALA,S,034,F,new,24,December,2001,female
174714,COMMERCE,.4755,617 (NEW),19198 (NEW),2020,ECONOMICS,B,BUSINESS STUDIES,C,ACCOUNTING,C,056,C,new,5,July,2001,female
205284,ARTS,.2486,1214 (NEW),43668 (NEW),2020,POLITICAL SCIENCE,S,BUDDHIST CIVILIZATION,B,SINHALA,C,028,F,new,26,February,2000,male
175247,ENGINEERING TECHNOLOGY,1.1707,41 (NEW),2048 (NEW),2020,INFORMATION & COMMUNICATION TECHNOLOGY,C,ENGINEERING TECHNOLOGY,C,SCIENCE FOR TECHNOLOGY,B,060,F,new,16,December,2001,male
224637,COMMERCE,-.0916,2061 (NEW),30245 (NEW),2020,ECONOMICS,C,BUSINESS STUDIES,C,ACCOUNTING,S,054,S,new,4,July,2001,female
172821,ARTS,.1409,5152 (NEW),47812 (NEW),2020,POLITICAL SCIENCE,S,HISTORY OF SRI LANKA & INDIA,B,JAPANESE,S,048,F,new,5,September,2001,male
268644,BIOSYSTEMS TECHNOLOGY,.6207,154 (NEW),2965 (NEW),2020,INFORMATION & COMMUNICATION TECHNOLOGY,C,BIO SYSTEMS TECHNOLOGY,C,SCIENCE FOR TECHNOLOGY,C,042,S,new,25,January,2002,female
12165,-,-.0299,-,-,2020,PHYSICS,F,CHEMISTRY,S,BIOLOGY,C,Absent,A,new,23,October,2000,female
221997,-,-,-,-,2020,PHYSICS,F,CHEMISTRY,F,BIOLOGY,S,Absent,B,new,31,March,2000,female
6470,BIOSYSTEMS TECHNOLOGY,1.0393,136 (NEW),1619 (NEW),2020,INFORMATION & COMMUNICATION TECHNOLOGY,S,BIO SYSTEMS TECHNOLOGY,B,SCIENCE FOR TECHNOLOGY,B,052,C,new,1,March,2001,female
265962,-,-,-,-,2020,AGRICULTURAL SCIENCE,F,BUDDHIST CIVILIZATION,F,SINHALA,S,064,F,new,31,August,2001,male
93540,-,-,-,-,2020,PHYSICS,F,CHEMISTRY,F,COMBINED MATHEMATICS,F,040,S,new,11,February,2001,female
315684,-,-,-,-,2020,PHYSICS,Absent,CHEMISTRY,Absent,BIOLOGY,Absent,Absent,Absent,old,21,June,1999,female
109061,ARTS,1.3012,310 (NEW),9135 (NEW),2020,HISTORY OF SRI LANKA & EUROPE,B,BUDDHIST CIVILIZATION,A,SINHALA,B,036,F,new,8,March,2001,female
284426,-,-,-,-,2020,GEOGRAPHY,Absent,HINDU CIVILIZATION,Absent,ART,Absent,Absent,Absent,new,13,January,2001,male
78843,BIOLOGICAL SCIENCE,.4732,845 (NEW),11308 (NEW),2020,PHYSICS,S,CHEMISTRY,C,BIOLOGY,C,058,B,new,12,November,2001,female
242665,-,-.9718,-,-,2020,ECONOMICS,S,BUSINESS STUDIES,S,ACCOUNTING,F,040,S,new,7,May,2001,male
12423,BIOLOGICAL SCIENCE,.7245,1534 (NEW),8626 (NEW),2020,PHYSICS,C,CHEMISTRY,C,BIOLOGY,C,052,A,new,10,September,2001,female
229604,-,-,-,-,2020,GEOGRAPHY,F,HISTORY OF SRI LANKA & EUROPE,F,SINHALA,F,026,F,new,28,November,2001,female
106007,-,-,-,-,2020,GEOGRAPHY,F,BUDDHIST CIVILIZATION,F,SINHALA,C,026,F,new,25,April,1999,male
313402,-,-,-,-,2020,POLITICAL SCIENCE,F,BUDDHIST CIVILIZATION,F,SINHALA,S,037,F,old,9,April,1987,male
283684,-,-.5611,-,-,2020,AGRICULTURAL SCIENCE,F,ENGINEERING TECHNOLOGY,S,SCIENCE FOR TECHNOLOGY,S,040,F,new,5,December,2001,male
260374,-,-,-,-,2020,AGRICULTURAL SCIENCE,Absent,GEOGRAPHY,Absent,COMMUNICATION & MEDIA STUDIES,Absent,Absent,Absent,new,1,September,2001,male
41425,-,-,-,-,2020,ECONOMICS,S,BUSINESS STUDIES,F,ACCOUNTING,F,046,F,new,19,January,2002,female
228516,COMMERCE,.7009,972 (NEW),15297 (NEW),2020,ECONOMICS,B,BUSINESS STUDIES,C,ACCOUNTING,B,050,S,new,20,October,2001,female
115674,-,-,-,-,2020,INFORMATION & COMMUNICATION TECHNOLOGY,Absent,GEOGRAPHY,Absent,HISTORY OF SRI LANKA & INDIA,Absent,Absent,Absent,new,25,August,2000,male
214392,BIOSYSTEMS TECHNOLOGY,.8224,170 (NEW),2268 (NEW),2020,INFORMATION & COMMUNICATION TECHNOLOGY,C,BIO SYSTEMS TECHNOLOGY,C,SCIENCE FOR TECHNOLOGY,C,030,A,new,13,October,2001,female
166592,-,-,-,-,2020,ECONOMICS,Absent,BUSINESS STUDIES,Absent,ACCOUNTING,Absent,Absent,Absent,new,7,December,2000,male
232692,ARTS,.6238,1852 (NEW),29488 (NEW),2020,GEOGRAPHY,C,POLITICAL SCIENCE,C,SINHALA,B,030,F,new,29,August,2001,female
206808,COMMERCE,.6532,356 (NEW),16095 (NEW),2020,ECONOMICS,B,BUSINESS STUDIES,B,ACCOUNTING,C,046,S,new,9,July,2001,female
157701,ARTS,.5882,3387 (NEW),30828 (NEW),2020,AGRICULTURAL SCIENCE,C,INFORMATION & COMMUNICATION TECHNOLOGY,C,GEOGRAPHY,C,042,S,new,19,November,2001,female
147060,COMMERCE,.0827,1059 (NEW),26755 (NEW),2020,ECONOMICS,C,BUSINESS STUDIES,C,ACCOUNTING,S,046,S,new,11,June,2001,female
254452,-,-,-,-,2020,POLITICAL SCIENCE,Absent,HINDU CIVILIZATION,Absent,TAMIL,Absent,Absent,Absent,new,11,July,2000,female
292986,ARTS,.6953,127 (NEW),27001 (NEW),2020,GEOGRAPHY,B,HINDU CIVILIZATION,B,TAMIL,C,028,F,new,13,March,2001,female
217411,ARTS,1.6271,198 (NEW),3318 (NEW),2020,POLITICAL SCIENCE,C,LOGIC & SCIENTIFIC METHOD,A,SINHALA,A,048,S,new,4,December,2001,female
39283,PHYSICAL SCIENCE,1.8567,116 (NEW),1448 (NEW),2020,PHYSICS,A,CHEMISTRY,A,COMBINED MATHEMATICS,A,072,C,new,29,June,2001,male
171375,-,-,-,-,2020,HOME ECONOMICS,C,ISLAMIC CIVILIZATION,F,ART,F,032,F,new,18,April,2001,male
97131,BIOLOGICAL SCIENCE,1.5012,197 (NEW),2962 (NEW),2020,PHYSICS,C,CHEMISTRY,A,BIOLOGY,B,Absent,Absent,new,8,November,2000,female
148751,ARTS,1.7590,178 (NEW),1921 (NEW),2020,ECONOMICS,A,POLITICAL SCIENCE,A,LOGIC & SCIENTIFIC METHOD,A,038,F,new,30,October,2001,female
14376,ARTS,-.4411,4501 (NEW),67094 (NEW),2020,POLITICAL SCIENCE,S,COMMUNICATION & MEDIA STUDIES,S,SINHALA,C,022,C,new,29,September,2001,female
263884,ARTS,-.2639,2250 (NEW),62289 (NEW),2020,AGRICULTURAL SCIENCE,S,AGRO TECHNOLOGY,S,GEOGRAPHY,S,026,F,new,20,April,2001,female
326264,-,-.3174,-,-,2020,POLITICAL SCIENCE,S,ISLAM,C,TAMIL,F,Absent,F,old,19,August,1999,female
42896,-,-,-,-,2020,HOME ECONOMICS,Absent,COMMUNICATION & MEDIA STUDIES,C,SINHALA,A,042,Absent,new,4,December,2000,male
316757,-,-.0668,-,-,2020,PHYSICS,F,CHEMISTRY,S,BIOLOGY,B,Absent,B,old,26,October,1999,female
1720,-,-,-,-,2020,LOGIC & SCIENTIFIC METHOD,F,COMMUNICATION & MEDIA STUDIES,S,CHRISTIANITY,F,036,C,new,30,August,2000,male
5908,ARTS,-.1639,3902 (NEW),59016 (NEW),2020,GEOGRAPHY,S,BUDDHIST CIVILIZATION,S,SINHALA,B,036,F,new,10,September,2001,female
63672,COMMERCE,-.4126,2415 (NEW),36375 (NEW),2020,ECONOMICS,S,BUSINESS STUDIES,C,ACCOUNTING,S,Absent,F,new,16,March,2000,female
91723,PHYSICAL SCIENCE,-.0544,1408 (NEW),17291 (NEW),2020,PHYSICS,S,CHEMISTRY,C,COMBINED MATHEMATICS,S,064,C,new,27,May,2000,male
120342,COMMERCE,1.6032,129 (NEW),2761 (NEW),2020,ECONOMICS,A,BUSINESS STUDIES,B,ACCOUNTING,A,070,C,new,20,September,2001,female
67090,PHYSICAL SCIENCE,.6539,579 (NEW),9371 (NEW),2020,PHYSICS,C,CHEMISTRY,C,COMBINED MATHEMATICS,C,058,C,new,23,July,2001,male
240862,ENGINEERING TECHNOLOGY,-.3449,300 (NEW),11318 (NEW),2020,COMMUNICATION & MEDIA STUDIES,S,ENGINEERING TECHNOLOGY,S,SCIENCE FOR TECHNOLOGY,S,030,F,new,9,September,2000,male
130243,COMMERCE,.0352,1442 (NEW),27661 (NEW),2020,ECONOMICS,C,BUSINESS STUDIES,S,ACCOUNTING,C,048,F,new,10,April,2001,male
66386,ARTS,.0759,2683 (NEW),50293 (NEW),2020,HISTORY OF SRI LANKA & INDIA,S,BUDDHIST CIVILIZATION,C,SINHALA,B,048,F,new,18,March,2001,female
293356,ENGINEERING TECHNOLOGY,.3008,4 (NEW),6521 (NEW),2020,INFORMATION & COMMUNICATION TECHNOLOGY,S,ENGINEERING TECHNOLOGY,S,SCIENCE FOR TECHNOLOGY,C,040,F,new,7,December,2001,male
124690,ENGINEERING TECHNOLOGY,1.0890,179 (NEW),2353 (NEW),2020,INFORMATION & COMMUNICATION TECHNOLOGY,C,ENGINEERING TECHNOLOGY,B,SCIENCE FOR TECHNOLOGY,C,040,F,new,27,August,2001,male
59197,-,-,-,-,2020,PHYSICS,F,CHEMISTRY,F,BIOLOGY,F,062,S,new,25,April,2001,male
158606,ARTS,-.1210,6094 (NEW),57551 (NEW),2020,GEOGRAPHY,S,COMMUNICATION & MEDIA STUDIES,S,SINHALA,B,034,F,new,19,October,2001,female
123098,COMMERCE,.3529,1125 (NEW),21509 (NEW),2020,ECONOMICS,C,BUSINESS STUDIES,C,ACCOUNTING,C,036,F,new,28,October,2001,female
162815,ARTS,-.3912,6935 (NEW),65898 (NEW),2020,HISTORY OF SRI LANKA & INDIA,S,HOME ECONOMICS,C,SINHALA,C,046,F,new,3,November,2001,male
319870,BIOLOGICAL SCIENCE,-.0251,156 (OLD),4372 (OLD),2020,PHYSICS,S,CHEMISTRY,C,BIOLOGY,C,053,S,old,22,January,2000,female
116025,ARTS,-.2371,2104 (NEW),61464 (NEW),2020,POLITICAL SCIENCE,S,BUDDHIST CIVILIZATION,C,SINHALA,C,028,Absent,new,9,March,2001,female
246253,NON,-.1085,-,-,2020,BUDDHIST CIVILIZATION,B,ART,S,SINHALA,C,032,F,new,18,August,1995,female
48725,ARTS,-.3962,5151 (NEW),66029 (NEW),2020,GEOGRAPHY,S,DANCING(INDIGENOUS),S,SINHALA,C,030,S,new,26,April,2000,female
44786,PHYSICAL SCIENCE,1.0597,545 (NEW),5879 (NEW),2020,PHYSICS,C,CHEMISTRY,B,COMBINED MATHEMATICS,B,076,A,new,9,August,2001,female
4660,COMMERCE,1.2714,1469 (NEW),6482 (NEW),2020,ECONOMICS,A,BUSINESS STUDIES,B,ACCOUNTING,B,048,S,new,26,October,2001,female
76385,ARTS,.8193,1337 (NEW),22789 (NEW),2020,ECONOMICS,C,GEOGRAPHY,B,HOME ECONOMICS,B,044,C,new,3,January,2001,female
177690,-,-,-,-,2020,ECONOMICS,Absent,BUSINESS STUDIES,Absent,ACCOUNTING,Absent,Absent,Absent,new,4,April,2000,male
8456,-,-,-,-,2020,INFORMATION & COMMUNICATION TECHNOLOGY,S,ENGINEERING TECHNOLOGY,F,SCIENCE FOR TECHNOLOGY,F,060,S,new,9,June,2001,male
101516,ENGINEERING TECHNOLOGY,.4855,426 (NEW),5285 (NEW),2020,GEOGRAPHY,S,ENGINEERING TECHNOLOGY,B,SCIENCE FOR TECHNOLOGY,S,060,Absent,new,4,July,2001,male
91167,ARTS,1.7198,155 (NEW),2267 (NEW),2020,ECONOMICS,A,COMMUNICATION & MEDIA STUDIES,A,SINHALA,B,032,S,new,3,November,2001,female
171129,ARTS,-.0707,5941 (NEW),55735 (NEW),2020,POLITICAL SCIENCE,C,DANCING(INDIGENOUS),C,SINHALA,C,034,S,new,24,February,2000,female
192471,ARTS,1.3523,429 (NEW),7935 (NEW),2020,POLITICAL SCIENCE,C,BUDDHIST CIVILIZATION,A,SINHALA,A,048,S,new,9,January,2002,female
68336,-,-,-,-,2020,ECONOMICS,F,BUSINESS STUDIES,F,ACCOUNTING,F,044,F,new,26,July,2001,male
113977,PHYSICAL SCIENCE,.2956,563 (NEW),13136 (NEW),2020,PHYSICS,S,CHEMISTRY,C,COMBINED MATHEMATICS,C,062,S,new,6,February,1999,male
119132,ARTS,.6637,1833 (NEW),28104 (NEW),2020,POLITICAL SCIENCE,C,LOGIC & SCIENTIFIC METHOD,C,SINHALA,B,034,S,new,24,April,2000,female
24126,COMMERCE,.8109,2652 (NEW),13467 (NEW),2020,ECONOMICS,C,BUSINESS STUDIES,B,ACCOUNTING,C,048,C,new,11,August,2001,male
149497,COMMERCE,.5406,1286 (NEW),18071 (NEW),2020,ECONOMICS,C,BUSINESS STUDIES,B,ACCOUNTING,C,Absent,Absent,new,16,March,2000,male
185266,-,-,-,-,2020,PHYSICS,F,CHEMISTRY,F,COMBINED MATHEMATICS,F,062,C,new,13,October,2001,male
247628,-,-,-,-,2020,AGRICULTURAL SCIENCE,F,BIO SYSTEMS TECHNOLOGY,F,SCIENCE FOR TECHNOLOGY,F,022,S,new,10,November,2000,female
47170,COMMERCE,.4137,2377 (NEW),20356 (NEW),2020,ECONOMICS,A,BUSINESS STUDIES,C,ACCOUNTING,S,038,F,new,4,November,2001,male
283753,-,-,-,-,2020,ECONOMICS,Absent,BUSINESS STUDIES,Absent,ACCOUNTING,Absent,Absent,Absent,new,16,June,2000,female
297412,-,-,-,-,2020,PHYSICS,F,CHEMISTRY,F,BIOLOGY,F,048,F,new,18,June,1996,male
67161,NON,2.1951,-,-,2020,PHYSICS,A,COMBINED MATHEMATICS,B,INFORMATION & COMMUNICATION TECHNOLOGY,A,072,S,new,27,June,2001,male
75218,-,-.2638,-,-,2020,INFORMATION & COMMUNICATION TECHNOLOGY,S,ECONOMICS,F,ACCOUNTING,S,050,C,new,23,April,2001,male
267068,ENGINEERING TECHNOLOGY,-.1636,317 (NEW),10084 (NEW),2020,INFORMATION & COMMUNICATION TECHNOLOGY,S,ENGINEERING TECHNOLOGY,S,SCIENCE FOR TECHNOLOGY,S,044,F,new,9,March,2000,male
46290,-,-.6004,-,-,2020,INFORMATION & COMMUNICATION TECHNOLOGY,F,POLITICAL SCIENCE,S,COMMUNICATION & MEDIA STUDIES,S,034,F,new,28,June,2001,male
260531,-,-,-,-,2020,POLITICAL SCIENCE,Absent,BUDDHIST CIVILIZATION,Absent,SINHALA,Absent,Absent,Absent,new,Invalid nic error,Invalid nic error,Invalid nic error,
283242,COMMERCE,1.2767,76 (NEW),6408 (NEW),2020,ECONOMICS,B,BUSINESS STUDIES,B,ACCOUNTING,A,058,F,new,9,November,2001,female
65869,ARTS,.0661,2710 (NEW),50648 (NEW),2020,AGRICULTURAL SCIENCE,S,POLITICAL SCIENCE,C,SINHALA,C,036,F,new,20,October,2001,female
268609,BIOLOGICAL SCIENCE,.7948,223 (NEW),7962 (NEW),2020,PHYSICS,C,CHEMISTRY,B,BIOLOGY,C,072,A,new,19,December,2001,female
226704,ARTS,.1797,3066 (NEW),46331 (NEW),2020,GEOGRAPHY,S,ART,C,TAMIL,C,038,S,new,21,October,2000,female
181687,-,-.1327,-,-,2020,INFORMATION & COMMUNICATION TECHNOLOGY,S,GEOGRAPHY,C,ENGLISH,F,042,A,new,8,August,2001,female
250722,-,-,-,-,2020,PHYSICS,F,CHEMISTRY,F,BIOLOGY,S,054,C,new,3,January,2002,male
122303,-,-.8330,-,-,2020,ECONOMICS,F,BUSINESS STUDIES,S,ACCOUNTING,S,060,S,new,24,May,2001,male
201454,ARTS,1.2187,273 (NEW),11043 (NEW),2020,GEOGRAPHY,C,BUDDHIST CIVILIZATION,A,SINHALA,A,044,S,new,29,June,2001,female
191685,-,-,-,-,2020,GEOGRAPHY,Absent,COMMUNICATION & MEDIA STUDIES,Absent,SINHALA,Absent,Absent,Absent,new,2,December,2000,female
2967,-,-.4311,-,-,2020,PHYSICS,F,COMBINED MATHEMATICS,S,INFORMATION & COMMUNICATION TECHNOLOGY,S,062,C,new,28,July,2001,male
39938,ENGINEERING TECHNOLOGY,-.0355,893 (NEW),9105 (NEW),2020,INFORMATION & COMMUNICATION TECHNOLOGY,S,ENGINEERING TECHNOLOGY,S,SCIENCE FOR TECHNOLOGY,S,Absent,C,new,28,June,2000,male
329362,PHYSICAL SCIENCE,.6326,46 (OLD),642 (OLD),2020,PHYSICS,S,CHEMISTRY,C,COMBINED MATHEMATICS,C,055,S,old,3,November,1999,female
92081,COMMERCE,.7596,986 (NEW),14333 (NEW),2020,ECONOMICS,B,BUSINESS STUDIES,C,ACCOUNTING,B,Absent,Absent,new,1,February,2000,male
176807,ENGINEERING TECHNOLOGY,.4019,145 (NEW),5838 (NEW),2020,INFORMATION & COMMUNICATION TECHNOLOGY,S,ENGINEERING TECHNOLOGY,S,SCIENCE FOR TECHNOLOGY,B,Absent,S,new,4,November,2000,male
196691,ARTS,1.9228,43 (NEW),902 (NEW),2020,AGRICULTURAL SCIENCE,A,GEOGRAPHY,A,BUDDHIST CIVILIZATION,A,044,B,new,2,January,2000,male
81049,-,-,-,-,2020,GEOGRAPHY,F,POLITICAL SCIENCE,F,SINHALA,C,044,F,new,5,September,2001,female
229424,-,-.5064,-,-,2020,MATHEMATICS,S,ENGINEERING TECHNOLOGY,F,SCIENCE FOR TECHNOLOGY,S,032,F,new,18,January,2001,male
127325,ARTS,.1868,2792 (NEW),46061 (NEW),2020,HISTORY OF SRI LANKA & INDIA,S,BUDDHIST CIVILIZATION,C,SINHALA,B,042,F,new,16,March,2001,female
100900,-,-.2900,-,-,2020,PHYSICS,S,CHEMISTRY,F,COMBINED MATHEMATICS,S,064,C,new,6,November,2001,female
65393,COMMERCE,.7748,1002 (NEW),14073 (NEW),2020,ECONOMICS,B,BUSINESS STUDIES,C,ACCOUNTING,B,060,S,new,1,April,2001,female
39523,-,-.2182,-,-,2020,INFORMATION & COMMUNICATION TECHNOLOGY,S,ENGINEERING TECHNOLOGY,F,SCIENCE FOR TECHNOLOGY,C,062,C,new,24,March,2001,male
539,-,-,-,-,2020,PHYSICS,F,CHEMISTRY,F,BIOLOGY,S,052,A,new,28,July,2001,female
277128,ARTS,.0660,1280 (NEW),50655 (NEW),2020,LOGIC & SCIENTIFIC METHOD,S,HOME ECONOMICS,C,TAMIL,B,032,F,new,14,January,2002,female
4150,PHYSICAL SCIENCE,1.9072,332 (NEW),1268 (NEW),2020,PHYSICS,A,CHEMISTRY,A,COMBINED MATHEMATICS,A,070,A,new,27,August,2001,male
269477,BIOLOGICAL SCIENCE,.6839,273 (NEW),9024 (NEW),2020,PHYSICS,C,CHEMISTRY,C,BIOLOGY,C,050,F,new,27,September,2001,male
106322,ARTS,.9318,1010 (NEW),19118 (NEW),2020,ECONOMICS,C,GEOGRAPHY,C,SINHALA,A,Absent,F,new,31,October,2000,female
133546,ARTS,1.2401,760 (NEW),10528 (NEW),2020,POLITICAL SCIENCE,B,BUDDHIST CIVILIZATION,A,SINHALA,B,050,F,new,26,April,2001,female
155,-,-,-,-,2020,PHYSICS,F,CHEMISTRY,S,COMBINED MATHEMATICS,F,042,S,new,19,October,2001,male
253019,-,-1.0802,-,-,2020,COMMUNICATION & MEDIA STUDIES,F,BUDDHIST CIVILIZATION,S,SINHALA,S,040,C,new,22,August,1998,female
110576,-,-1.1089,-,-,2020,GEOGRAPHY,F,POLITICAL SCIENCE,S,ART,S,064,F,new,16,December,2000,male
273514,-,-.2168,-,-,2020,INFORMATION & COMMUNICATION TECHNOLOGY,C,ENGINEERING TECHNOLOGY,S,SCIENCE FOR TECHNOLOGY,F,042,S,new,21,April,2001,male
265007,-,-,-,-,2020,POLITICAL SCIENCE,Absent,COMMUNICATION & MEDIA STUDIES,Absent,SINHALA,Absent,Absent,Absent,new,13,November,2000,female
248648,-,-.7087,-,-,2020,GEOGRAPHY,S,POLITICAL SCIENCE,F,LOGIC & SCIENTIFIC METHOD,S,Absent,F,new,12,February,2000,female
274847,-,-,-,-,2020,POLITICAL SCIENCE,Absent,ISLAMIC CIVILIZATION,Absent,TAMIL,Absent,Absent,Absent,new,15,May,2000,female
200436,-,-,-,-,2020,PHYSICS,F,CHEMISTRY,F,BIOLOGY,F,056,B,new,18,October,2001,male
11034,-,-,-,-,2020,PHYSICS,F,CHEMISTRY,F,COMBINED MATHEMATICS,F,056,C,new,6,July,2001,male
148875,PHYSICAL SCIENCE,-.0202,1331 (NEW),16912 (NEW),2020,PHYSICS,S,CHEMISTRY,S,COMBINED MATHEMATICS,S,058,B,new,16,April,2001,male
22821,-,-,-,-,2020,POLITICAL SCIENCE,F,BUDDHIST CIVILIZATION,F,SINHALA,F,Absent,Absent,new,14,October,2000,female
8231,-,-,-,-,2020,PHYSICS,F,CHEMISTRY,S,COMBINED MATHEMATICS,F,064,S,new,4,December,2001,male
86521,ARTS,.4403,2153 (NEW),36329 (NEW),2020,COMMUNICATION & MEDIA STUDIES,C,BUDDHIST CIVILIZATION,C,SINHALA,B,036,F,new,12,January,2002,female
270302,-,-.6465,-,-,2020,AGRICULTURAL SCIENCE,S,BIO SYSTEMS TECHNOLOGY,S,SCIENCE FOR TECHNOLOGY,F,030,F,new,9,June,2001,female
34925,PHYSICAL SCIENCE,1.0422,562 (NEW),6000 (NEW),2020,PHYSICS,C,CHEMISTRY,C,COMBINED MATHEMATICS,B,Absent,Absent,new,20,October,2000,female
32851,-,-,-,-,2020,PHYSICS,S,CHEMISTRY,F,COMBINED MATHEMATICS,F,Absent,S,new,8,February,2000,male
134313,ARTS,.9707,1244 (NEW),17962 (NEW),2020,AGRICULTURAL SCIENCE,S,POLITICAL SCIENCE,B,SINHALA,A,042,S,new,27,October,2001,female
130469,-,-.0611,-,-,2020,HISTORY OF SRI LANKA & INDIA,C,COMMUNICATION & MEDIA STUDIES,F,SINHALA,B,028,F,new,20,May,2001,female
321742,-,-,-,-,2020,INFORMATION & COMMUNICATION TECHNOLOGY,Absent,HOME ECONOMICS,Absent,COMMUNICATION & MEDIA STUDIES,Absent,Absent,Absent,old,21,July,1998,male
300744,-,-,-,-,2020,PHYSICS,F,CHEMISTRY,F,BIOLOGY,F,038,S,new,25,August,2001,female
290153,ARTS,.1185,423 (NEW),48676 (NEW),2020,ECONOMICS,S,GEOGRAPHY,B,SINHALA,C,050,C,new,26,February,2001,male
274134,ARTS,-.1569,2126 (NEW),58777 (NEW),2020,POLITICAL SCIENCE,S,ISLAMIC CIVILIZATION,S,ART,C,042,F,new,7,January,2000,male
160050,ARTS,-.0193,5761 (NEW),53849 (NEW),2020,HISTORY OF SRI LANKA & EUROPE,C,BUDDHIST CIVILIZATION,C,SINHALA,C,048,F,new,4,November,2001,female
204119,ARTS,.0431,1458 (NEW),51474 (NEW),2020,HISTORY OF SRI LANKA & INDIA,S,DANCING(INDIGENOUS),C,SINHALA,B,034,F,new,12,November,2000,female
212125,-,-.2937,-,-,2020,ECONOMICS,C,BUSINESS STUDIES,S,ACCOUNTING,F,056,C,new,2,January,2002,male
154373,ENGINEERING TECHNOLOGY,.4691,501 (NEW),5399 (NEW),2020,AGRICULTURAL SCIENCE,C,ENGINEERING TECHNOLOGY,S,SCIENCE FOR TECHNOLOGY,C,046,F,new,19,November,2001,male
181585,-,-1.0023,-,-,2020,INFORMATION & COMMUNICATION TECHNOLOGY,S,ENGINEERING TECHNOLOGY,F,SCIENCE FOR TECHNOLOGY,S,040,S,new,16,March,2001,male
26370,-,-,-,-,2020,ECONOMICS,F,BUSINESS STUDIES,F,ACCOUNTING,S,Absent,Absent,new,2,August,2000,male
186315,ARTS,.9020,1092 (NEW),20045 (NEW),2020,GEOGRAPHY,C,HISTORY OF SRI LANKA & EUROPE,B,ISLAMIC CIVILIZATION,A,042,S,new,28,January,2002,female
231963,BIOSYSTEMS TECHNOLOGY,.8267,168 (NEW),2250 (NEW),2020,AGRICULTURAL SCIENCE,C,BIO SYSTEMS TECHNOLOGY,C,SCIENCE FOR TECHNOLOGY,C,052,F,new,5,June,2001,male
227472,ARTS,1.0096,1014 (NEW),16797 (NEW),2020,ECONOMICS,C,POLITICAL SCIENCE,B,SINHALA,B,044,Absent,new,12,July,2000,female
27002,-,-,-,-,2020,COMMUNICATION & MEDIA STUDIES,S,BUDDHIST CIVILIZATION,F,SINHALA,F,034,S,new,31,January,2002,male
149894,-,-1.3595,-,-,2020,COMMUNICATION & MEDIA STUDIES,S,DANCING(INDIGENOUS),F,SINHALA,S,016,F,new,18,October,2000,male
281879,-,-,-,-,2020,POLITICAL SCIENCE,F,HISTORY OF SRI LANKA & EUROPE,F,HINDUISM,S,024,F,new,16,October,2000,female
143422,-,-.1951,-,-,2020,LOGIC & SCIENTIFIC METHOD,F,BUDDHISM,S,SINHALA,B,018,F,new,11,January,2000,female
83157,BIOLOGICAL SCIENCE,1.3903,305 (NEW),3573 (NEW),2020,PHYSICS,C,CHEMISTRY,B,BIOLOGY,B,Absent,Absent,new,29,April,2000,male
73557,-,-,-,-,2020,GEOGRAPHY,Absent,COMMUNICATION & MEDIA STUDIES,Absent,SINHALA,Absent,Absent,Absent,new,25,June,2000,female
292803,ARTS,.5473,158 (NEW),32333 (NEW),2020,GEOGRAPHY,B,POLITICAL SCIENCE,S,ISLAM,C,038,F,new,2,December,2001,female
160642,ENGINEERING TECHNOLOGY,.1228,735 (NEW),7795 (NEW),2020,INFORMATION & COMMUNICATION TECHNOLOGY,S,ENGINEERING TECHNOLOGY,S,SCIENCE FOR TECHNOLOGY,C,064,B,new,11,March,2001,male
48646,-,-,-,-,2020,ECONOMICS,Absent,BUSINESS STUDIES,Absent,ACCOUNTING,Absent,Absent,Absent,new,29,April,2000,male
178584,-,-,-,-,2020,PHYSICS,F,CHEMISTRY,S,COMBINED MATHEMATICS,F,056,C,new,4,April,2001,female
297113,-,-,-,-,2020,PHYSICS,Absent,COMBINED MATHEMATICS,Absent,INFORMATION & COMMUNICATION TECHNOLOGY,Absent,Absent,Absent,new,12,April,2001,male
131334,COMMERCE,.2760,1210 (NEW),23005 (NEW),2020,ECONOMICS,C,BUSINESS STUDIES,C,ACCOUNTING,S,026,F,new,10,September,2001,male
69673,PHYSICAL SCIENCE,1.4524,179 (NEW),3286 (NEW),2020,PHYSICS,B,CHEMISTRY,B,COMBINED MATHEMATICS,A,074,A,new,7,June,2001,female
92439,-,-,-,-,2020,PHYSICS,F,CHEMISTRY,F,BIOLOGY,F,050,F,new,3,May,2001,female
25004,COMMERCE,.1161,4888 (NEW),26080 (NEW),2020,INFORMATION & COMMUNICATION TECHNOLOGY,C,ECONOMICS,C,ACCOUNTING,S,048,C,new,13,March,2001,male
136680,BIOLOGICAL SCIENCE,-.5462,964 (NEW),21536 (NEW),2020,PHYSICS,S,CHEMISTRY,S,BIOLOGY,S,042,C,new,9,March,2000,female
332213,-,-,-,-,2020,PHYSICS,Absent,CHEMISTRY,Absent,COMBINED MATHEMATICS,Absent,Absent,Absent,old,8,November,1969,male
189828,-,-.7127,-,-,2020,HISTORY OF SRI LANKA & EUROPE,F,BUDDHIST CIVILIZATION,S,SINHALA,C,026,F,new,22,April,2001,male
117843,BIOLOGICAL SCIENCE,-.2444,722 (NEW),19753 (NEW),2020,PHYSICS,S,CHEMISTRY,S,BIOLOGY,S,046,C,new,25,January,2001,female
221912,-,-,-,-,2020,GEOGRAPHY,Absent,ISLAMIC CIVILIZATION,Absent,ARABIC,Absent,Absent,Absent,new,21,December,2001,female
44356,COMMERCE,.3980,2407 (NEW),20645 (NEW),2020,ECONOMICS,C,BUSINESS STUDIES,C,ACCOUNTING,C,058,C,new,6,November,2001,female
80319,-,-1.0799,-,-,2020,GEOGRAPHY,F,POLITICAL SCIENCE,S,SINHALA,S,028,F,new,6,March,2001,male
215169,-,-.8076,-,-,2020,PHYSICS,F,CHEMISTRY,S,BIOLOGY,S,Absent,C,new,6,June,2000,female
287961,ARTS,1.0061,350 (NEW),16895 (NEW),2020,GEOGRAPHY,A,ISLAM,B,TAMIL,C,042,S,new,28,September,2000,female
126893,COMMERCE,.5957,904 (NEW),17115 (NEW),2020,INFORMATION & COMMUNICATION TECHNOLOGY,C,ECONOMICS,B,ACCOUNTING,S,042,F,new,1,March,2001,male
94707,ARTS,-.2379,2684 (NEW),61487 (NEW),2020,GEOGRAPHY,S,POLITICAL SCIENCE,S,ISLAMIC CIVILIZATION,C,028,F,new,22,June,2001,male
177397,-,-.4859,-,-,2020,PHYSICS,S,CHEMISTRY,F,COMBINED MATHEMATICS,S,068,S,new,9,July,2001,male
200189,COMMERCE,.5008,349 (NEW),18764 (NEW),2020,ECONOMICS,C,BUSINESS STUDIES,B,ACCOUNTING,C,050,S,new,7,September,2001,female
23007,ARTS,.8151,1607 (NEW),22926 (NEW),2020,LOGIC & SCIENTIFIC METHOD,C,COMMUNICATION & MEDIA STUDIES,B,ART,C,058,S,new,8,November,2001,female
56137,PHYSICAL SCIENCE,1.8015,132 (NEW),1652 (NEW),2020,PHYSICS,A,CHEMISTRY,B,COMBINED MATHEMATICS,B,078,A,new,11,January,2002,male
8016,COMMERCE,1.8690,307 (NEW),1000 (NEW),2020,ECONOMICS,A,BUSINESS STUDIES,A,ACCOUNTING,A,046,B,new,31,October,2001,male
142698,COMMERCE,.4959,762 (NEW),18848 (NEW),2020,ECONOMICS,C,BUSINESS STUDIES,C,ACCOUNTING,C,042,F,new,18,May,2001,female
299974,-,-.0221,-,-,2020,INFORMATION & COMMUNICATION TECHNOLOGY,F,BIO SYSTEMS TECHNOLOGY,S,SCIENCE FOR TECHNOLOGY,C,036,S,new,15,September,2000,female
88568,-,-.8129,-,-,2020,AGRICULTURAL SCIENCE,S,BIO SYSTEMS TECHNOLOGY,S,SCIENCE FOR TECHNOLOGY,F,026,F,new,27,September,2001,male
126158,-,-,-,-,2020,INFORMATION & COMMUNICATION TECHNOLOGY,Absent,GEOGRAPHY,Absent,HISTORY OF SRI LANKA & INDIA,Absent,Absent,Absent,new,22,December,2000,male
147499,ARTS,1.0105,622 (NEW),16773 (NEW),2020,POLITICAL SCIENCE,C,BUDDHIST CIVILIZATION,B,SINHALA,B,034,F,new,2,August,2000,female
57449,-,-,-,-,2020,ECONOMICS,F,BUSINESS STUDIES,F,ACCOUNTING,F,046,S,new,5,January,2001,male
99254,BIOLOGICAL SCIENCE,.3449,726 (NEW),12714 (NEW),2020,PHYSICS,S,CHEMISTRY,C,BIOLOGY,C,Absent,B,new,17,December,2000,male
235214,ARTS,-.3192,2116 (NEW),64023 (NEW),2020,GEOGRAPHY,S,POLITICAL SCIENCE,C,TAMIL,S,034,F,new,16,March,2001,male
154053,COMMERCE,1.1506,598 (NEW),8170 (NEW),2020,ECONOMICS,A,BUSINESS STUDIES,A,ACCOUNTING,C,054,S,new,17,June,2001,female
238541,BIOSYSTEMS TECHNOLOGY,.1945,142 (NEW),4714 (NEW),2020,AGRICULTURAL SCIENCE,S,BIO SYSTEMS TECHNOLOGY,S,SCIENCE FOR TECHNOLOGY,C,032,C,new,18,August,2000,female
14967,-,-,-,-,2020,POLITICAL SCIENCE,F,CHRISTIANITY,B,GREEK & ROMAN CIVILIZATION,F,024,A,new,13,April,2001,female
100171,ARTS,.2861,1993 (NEW),42228 (NEW),2020,AGRICULTURAL SCIENCE,S,GEOGRAPHY,C,SINHALA,C,Absent,Absent,new,28,February,2000,female
93195,-,-,-,-,2020,POLITICAL SCIENCE,F,BUDDHIST CIVILIZATION,F,SINHALA,F,Absent,Absent,new,14,July,2000,male
226487,ARTS,.3319,2620 (NEW),40461 (NEW),2020,GEOGRAPHY,C,ISLAM,B,TAMIL,C,046,C,new,14,December,2001,female
277562,-,-,-,-,2020,ECONOMICS,Absent,BUSINESS STUDIES,Absent,ACCOUNTING,Absent,024,F,new,3,August,1999,female
279796,BIOSYSTEMS TECHNOLOGY,.0902,155 (NEW),5180 (NEW),2020,AGRICULTURAL SCIENCE,C,BIO SYSTEMS TECHNOLOGY,S,SCIENCE FOR TECHNOLOGY,S,046,S,new,21,April,2000,female
268335,-,-,-,-,2020,POLITICAL SCIENCE,F,LOGIC & SCIENTIFIC METHOD,F,ISLAM,F,032,F,new,2,January,2002,male
268375,ARTS,-.7972,2635 (NEW),72241 (NEW),2020,POLITICAL SCIENCE,S,HISTORY OF SRI LANKA & EUROPE,S,ISLAM,S,030,F,new,5,September,1998,male
236539,COMMERCE,1.9238,4 (NEW),750 (NEW),2020,ECONOMICS,A,BUSINESS STUDIES,A,ACCOUNTING,A,046,C,new,7,August,2001,female
240647,-,-,-,-,2020,GEOGRAPHY,Absent,POLITICAL SCIENCE,Absent,SINHALA,Absent,Absent,Absent,new,7,October,2000,male
330132,-,-,-,-,2020,PHYSICS,Absent,CHEMISTRY,Absent,BIOLOGY,Absent,Absent,Absent,old,8,January,1996,male
216156,BIOLOGICAL SCIENCE,-.1814,1502 (NEW),19070 (NEW),2020,PHYSICS,S,CHEMISTRY,C,BIOLOGY,S,056,S,new,19,May,2001,male
134671,ARTS,-.7267,3331 (NEW),71703 (NEW),2020,GEOGRAPHY,S,POLITICAL SCIENCE,S,SINHALA,S,046,F,new,26,November,2001,male
14096,-,-,-,-,2020,PHYSICS,F,CHEMISTRY,S,BIOLOGY,F,050,B,new,30,January,2002,female
60103,-,-1.3086,-,-,2020,HISTORY OF SRI LANKA & INDIA,F,COMMUNICATION & MEDIA STUDIES,S,SINHALA,S,030,F,new,28,September,2001,male
85814,ARTS,.3085,2392 (NEW),41340 (NEW),2020,ECONOMICS,S,DANCING(INDIGENOUS),B,SINHALA,B,046,F,new,13,September,2001,female
320278,-,-,-,-,2020,POLITICAL SCIENCE,Absent,BUDDHIST CIVILIZATION,Absent,SINHALA,Absent,Absent,Absent,old,25,March,1998,male
33278,-,-,-,-,2020,ECONOMICS,F,BUSINESS STUDIES,F,ACCOUNTING,F,026,F,new,24,July,2000,male
184563,ARTS,.7668,1326 (NEW),24545 (NEW),2020,LOGIC & SCIENTIFIC METHOD,C,COMMUNICATION & MEDIA STUDIES,C,SINHALA,B,042,F,new,23,September,2000,female
142183,COMMERCE,1.5261,117 (NEW),3477 (NEW),2020,ECONOMICS,A,BUSINESS STUDIES,B,ACCOUNTING,A,Absent,F,new,4,October,2000,male
205582,-,-.8246,-,-,2020,PHYSICS,S,CHEMISTRY,F,COMBINED MATHEMATICS,S,056,C,new,9,June,2001,female
126389,-,-,-,-,2020,GEOGRAPHY,F,POLITICAL SCIENCE,F,TAMIL,F,036,F,new,26,June,2001,male
85740,-,-,-,-,2020,GEOGRAPHY,Absent,ART,Absent,SINHALA,Absent,Absent,Absent,new,6,November,2000,female
49844,-,-,-,-,2020,ECONOMICS,F,BUSINESS STUDIES,F,ACCOUNTING,S,042,C,new,25,March,2001,female
106295,ENGINEERING TECHNOLOGY,.1971,534 (NEW),7248 (NEW),2020,INFORMATION & COMMUNICATION TECHNOLOGY,S,ENGINEERING TECHNOLOGY,C,SCIENCE FOR TECHNOLOGY,S,054,F,new,18,June,2001,male
207470,ENGINEERING TECHNOLOGY,.6184,128 (NEW),4495 (NEW),2020,INFORMATION & COMMUNICATION TECHNOLOGY,S,ENGINEERING TECHNOLOGY,C,SCIENCE FOR TECHNOLOGY,C,042,F,new,12,April,2001,male
297305,-,-,-,-,2020,AGRICULTURAL SCIENCE,F,BIOLOGY,F,GEOGRAPHY,S,042,B,new,15,September,1995,female
301931,PHYSICAL SCIENCE,-.1291,791 (NEW),18167 (NEW),2020,PHYSICS,S,CHEMISTRY,S,COMBINED MATHEMATICS,C,054,S,new,21,August,2001,female
256459,ARTS,-.2623,3083 (NEW),62240 (NEW),2020,GEOGRAPHY,S,BUDDHIST CIVILIZATION,S,SINHALA,C,044,C,new,4,July,1998,female
197012,ARTS,.4639,773 (NEW),35460 (NEW),2020,GEOGRAPHY,C,BUDDHIST CIVILIZATION,B,SINHALA,C,032,F,new,12,July,2001,female
182449,-,-.7509,-,-,2020,GEOGRAPHY,S,BUDDHIST CIVILIZATION,F,SINHALA,S,044,F,new,24,September,2001,male
226502,-,-,-,-,2020,GEOGRAPHY,Absent,DANCING(INDIGENOUS),Absent,SINHALA,Absent,Absent,Absent,new,17,April,2000,female
133124,-,-,-,-,2020,GEOGRAPHY,Absent,COMMUNICATION & MEDIA STUDIES,Absent,SINHALA,Absent,Absent,Absent,new,22,January,2001,male
13550,COMMERCE,1.9722,186 (NEW),555 (NEW),2020,INFORMATION & COMMUNICATION TECHNOLOGY,B,ECONOMICS,A,ACCOUNTING,A,074,A,new,29,September,2001,female
11100,COMMERCE,.3740,4011 (NEW),21118 (NEW),2020,ECONOMICS,C,BUSINESS STUDIES,C,ACCOUNTING,C,Absent,S,new,13,August,2000,male
190044,ARTS,-.3127,3326 (NEW),63829 (NEW),2020,POLITICAL SCIENCE,S,DANCING(INDIGENOUS),C,SINHALA,S,054,F,new,5,March,2001,male
294181,-,-,-,-,2020,GEOGRAPHY,Absent,HINDU CIVILIZATION,Absent,TAMIL,Absent,Absent,Absent,new,9,December,2000,male
125943,ARTS,1.6047,274 (NEW),3589 (NEW),2020,POLITICAL SCIENCE,A,HISTORY OF SRI LANKA & INDIA,B,SINHALA,A,030,F,new,14,August,2001,female
136227,ARTS,.3166,1829 (NEW),41051 (NEW),2020,GEOGRAPHY,C,HOME ECONOMICS,C,TAMIL,C,052,F,new,1,July,2001,female
24233,PHYSICAL SCIENCE,.9001,1442 (NEW),7170 (NEW),2020,PHYSICS,C,CHEMISTRY,C,COMBINED MATHEMATICS,A,066,A,new,20,September,2000,male
198890,-,-.6248,-,-,2020,POLITICAL SCIENCE,F,ISLAMIC CIVILIZATION,C,TAMIL,S,028,F,new,5,August,2001,female
41512,-,-,-,-,2020,PHYSICS,F,CHEMISTRY,F,COMBINED MATHEMATICS,F,058,C,new,2,June,2000,female
180651,COMMERCE,.1140,800 (NEW),26119 (NEW),2020,ECONOMICS,C,BUSINESS STUDIES,C,ACCOUNTING,C,044,S,new,6,July,2000,female
84575,PHYSICAL SCIENCE,.5712,894 (NEW),10151 (NEW),2020,PHYSICS,S,CHEMISTRY,B,COMBINED MATHEMATICS,C,068,S,new,14,September,2001,female
238206,-,-,-,-,2020,ECONOMICS,Absent,BUSINESS STUDIES,Absent,ACCOUNTING,Absent,Absent,Absent,new,9,January,2001,female
301493,-,-1.0907,-,-,2020,GEOGRAPHY,F,COMMUNICATION & MEDIA STUDIES,S,TAMIL,S,018,F,new,14,October,2001,female
58454,BIOSYSTEMS TECHNOLOGY,1.0747,137 (NEW),1512 (NEW),2020,AGRICULTURAL SCIENCE,C,BIO SYSTEMS TECHNOLOGY,C,SCIENCE FOR TECHNOLOGY,C,048,S,new,31,December,2001,female
202700,-,-,-,-,2020,INFORMATION & COMMUNICATION TECHNOLOGY,F,ENGINEERING TECHNOLOGY,Absent,SCIENCE FOR TECHNOLOGY,F,Absent,F,new,12,June,2000,male
113113,ARTS,1.1335,456 (NEW),13277 (NEW),2020,POLITICAL SCIENCE,B,ART,C,SINHALA,B,036,F,new,8,February,2001,female
15278,PHYSICAL SCIENCE,.1140,2693 (NEW),15310 (NEW),2020,PHYSICS,S,CHEMISTRY,S,COMBINED MATHEMATICS,C,Absent,B,new,20,July,2000,male
105927,-,-,-,-,2020,ECONOMICS,Absent,BUSINESS STUDIES,Absent,ACCOUNTING,Absent,Absent,Absent,new,30,September,2000,male
216927,-,-,-,-,2020,PHYSICS,F,CHEMISTRY,F,BIOLOGY,F,036,S,new,7,March,2001,female
193665,ARTS,1.7920,96 (NEW),1673 (NEW),2020,GEOGRAPHY,A,BUDDHIST CIVILIZATION,A,DANCING(INDIGENOUS),A,052,F,new,20,December,2000,female
88793,ARTS,.1238,2726 (NEW),48470 (NEW),2020,HOME ECONOMICS,C,COMMUNICATION & MEDIA STUDIES,C,BUDDHIST CIVILIZATION,S,036,F,new,11,April,2001,female
301647,-,.0564,-,-,2020,POLITICAL SCIENCE,F,HINDU CIVILIZATION,B,TAMIL,C,038,F,new,4,November,2001,female
181462,-,-.3503,-,-,2020,PHYSICS,F,CHEMISTRY,S,BIOLOGY,S,062,B,new,29,August,2001,female
98378,PHYSICAL SCIENCE,.4442,710 (NEW),11493 (NEW),2020,PHYSICS,S,CHEMISTRY,S,COMBINED MATHEMATICS,B,052,F,new,5,December,2001,male
300707,PHYSICAL SCIENCE,1.0460,267 (NEW),5979 (NEW),2020,PHYSICS,C,CHEMISTRY,B,COMBINED MATHEMATICS,A,064,F,new,16,July,2001,male
160816,-,-,-,-,2020,AGRICULTURAL SCIENCE,F,ENGINEERING TECHNOLOGY,S,SCIENCE FOR TECHNOLOGY,F,046,F,new,27,January,2002,male
32113,COMMERCE,.0739,5026 (NEW),26924 (NEW),2020,ECONOMICS,C,BUSINESS STUDIES,C,ACCOUNTING,S,Absent,C,new,13,April,2000,female
56329,BIOLOGICAL SCIENCE,-.4431,1843 (NEW),21195 (NEW),2020,PHYSICS,S,CHEMISTRY,S,BIOLOGY,S,052,B,new,18,February,2001,female
94980,PHYSICAL SCIENCE,.2123,879 (NEW),14089 (NEW),2020,PHYSICS,S,CHEMISTRY,S,COMBINED MATHEMATICS,C,052,F,new,31,January,2001,male
34027,BIOLOGICAL SCIENCE,1.7815,151 (NEW),1692 (NEW),2020,PHYSICS,B,CHEMISTRY,B,BIOLOGY,B,Absent,Absent,new,27,February,2000,male
134686,-,-,-,-,2020,ECONOMICS,F,BUSINESS STUDIES,F,ACCOUNTING,F,026,F,new,30,May,2000,male
278578,ARTS,-.3410,1721 (NEW),64633 (NEW),2020,POLITICAL SCIENCE,S,DRAMA AND THEATRE (TAMIL),C,TAMIL,S,022,F,new,10,June,2001,female
73257,ARTS,.0652,2713 (NEW),50690 (NEW),2020,GEOGRAPHY,S,HISTORY OF SRI LANKA & INDIA,C,SINHALA,C,042,F,new,4,January,2002,male
53036,ARTS,-.1547,4534 (NEW),58692 (NEW),2020,POLITICAL SCIENCE,S,LOGIC & SCIENTIFIC METHOD,S,SINHALA,C,040,F,new,16,March,2000,female
34812,ARTS,.5273,2544 (NEW),33086 (NEW),2020,GEOGRAPHY,C,LOGIC & SCIENTIFIC METHOD,C,COMMUNICATION & MEDIA STUDIES,C,036,C,new,11,October,2001,female
214309,BIOSYSTEMS TECHNOLOGY,1.2423,77 (NEW),1103 (NEW),2020,AGRICULTURAL SCIENCE,B,BIO SYSTEMS TECHNOLOGY,C,SCIENCE FOR TECHNOLOGY,B,056,C,new,7,May,2000,female
3550,-,-,-,-,2020,POLITICAL SCIENCE,F,HISTORY OF SRI LANKA & INDIA,F,JAPANESE,C,038,C,new,23,July,2001,male
150997,COMMERCE,.8719,884 (NEW),12436 (NEW),2020,ECONOMICS,A,BUSINESS STUDIES,B,ACCOUNTING,C,048,C,new,29,December,2001,female
318222,-,-,-,-,2020,PHYSICS,F,CHEMISTRY,F,BIOLOGY,S,Absent,A,old,24,June,1997,female
302958,PHYSICAL SCIENCE,.6800,390 (NEW),9138 (NEW),2020,PHYSICS,S,CHEMISTRY,C,COMBINED MATHEMATICS,A,064,S,new,6,January,2002,female
29962,ARTS,.9251,1383 (NEW),19297 (NEW),2020,POLITICAL SCIENCE,C,COMMUNICATION & MEDIA STUDIES,B,SINHALA,C,044,S,new,25,March,2000,female
221634,-,-1.0852,-,-,2020,GEOGRAPHY,F,COMMUNICATION & MEDIA STUDIES,S,SINHALA,S,020,F,new,29,October,2001,male
89634,ARTS,1.4169,455 (NEW),6622 (NEW),2020,POLITICAL SCIENCE,C,COMMUNICATION & MEDIA STUDIES,B,SINHALA,A,046,S,new,1,November,2001,female
236780,BIOLOGICAL SCIENCE,.3547,241 (NEW),12589 (NEW),2020,PHYSICS,S,CHEMISTRY,C,BIOLOGY,C,072,A,new,19,June,2000,female
19585,-,-,-,-,2020,PHYSICS,Absent,CHEMISTRY,Absent,BIOLOGY,Absent,Absent,Absent,new,19,December,2001,female
190353,ARTS,.3092,2194 (NEW),41319 (NEW),2020,HOME ECONOMICS,C,COMMUNICATION & MEDIA STUDIES,C,SINHALA,C,044,F,new,27,January,2002,female
253667,ARTS,.7166,1223 (NEW),26251 (NEW),2020,POLITICAL SCIENCE,C,LOGIC & SCIENTIFIC METHOD,S,COMMUNICATION & MEDIA STUDIES,B,048,S,new,10,June,2000,female
258955,ARTS,.9669,634 (NEW),18093 (NEW),2020,POLITICAL SCIENCE,A,COMMUNICATION & MEDIA STUDIES,S,BUDDHIST CIVILIZATION,A,020,F,new,9,February,2000,female
279851,-,-,-,-,2020,POLITICAL SCIENCE,F,CHRISTIANITY,S,TAMIL,F,014,F,new,17,October,2000,female
1031,COMMERCE,1.1433,1774 (NEW),8283 (NEW),2020,ECONOMICS,A,BUSINESS STUDIES,B,ACCOUNTING,C,050,C,new,21,October,2001,male
278938,-,-,-,-,2020,LOGIC & SCIENTIFIC METHOD,Absent,CHRISTIANITY,Absent,DRAMA AND THEATRE (TAMIL),Absent,Absent,Absent,new,10,August,2000,male
309180,-,-,-,-,2020,POLITICAL SCIENCE,Absent,HINDU CIVILIZATION,Absent,TAMIL,Absent,Absent,Absent,old,14,July,1999,female
97208,PHYSICAL SCIENCE,-.1093,1121 (NEW),17940 (NEW),2020,PHYSICS,S,CHEMISTRY,C,COMBINED MATHEMATICS,S,Absent,Absent,new,29,December,2000,female
266828,COMMERCE,.2409,410 (NEW),23641 (NEW),2020,ECONOMICS,C,BUSINESS STUDIES,C,ACCOUNTING,C,068,S,new,14,October,2001,male
153436,PHYSICAL SCIENCE,.0202,1283 (NEW),16421 (NEW),2020,PHYSICS,S,CHEMISTRY,S,COMBINED MATHEMATICS,S,064,S,new,13,October,2001,male
163650,ARTS,-.4045,6966 (NEW),66257 (NEW),2020,GEOGRAPHY,S,COMMUNICATION & MEDIA STUDIES,S,SINHALA,C,036,F,new,25,December,2001,female
230863,BIOLOGICAL SCIENCE,.0063,1333 (NEW),16911 (NEW),2020,PHYSICS,S,CHEMISTRY,S,BIOLOGY,C,062,B,new,1,October,2001,female
14256,NON,-.7218,-,-,2020,CHRISTIANITY,B,DRAMA AND THEATRE (SINHALA),S,SINHALA,S,024,S,new,22,February,2001,female
183316,-,-,-,-,2020,PHYSICS,Absent,BIOLOGY,Absent,INFORMATION & COMMUNICATION TECHNOLOGY,Absent,Absent,Absent,new,16,August,2000,male
42462,-,-,-,-,2020,ECONOMICS,F,BUSINESS STUDIES,F,ACCOUNTING,F,Absent,F,new,10,August,2001,female
278157,COMMERCE,-.3710,508 (NEW),35686 (NEW),2020,ECONOMICS,S,BUSINESS STUDIES,C,ACCOUNTING,S,044,F,new,30,July,2001,female
295029,BIOLOGICAL SCIENCE,.5494,42 (NEW),10452 (NEW),2020,PHYSICS,C,CHEMISTRY,C,BIOLOGY,S,050,F,new,12,June,2001,male
74736,-,-,-,-,2020,HISTORY OF SRI LANKA & INDIA,F,DANCING(INDIGENOUS),S,SINHALA,F,032,Absent,new,6,November,2001,male
171359,-,-,-,-,2020,PHYSICS,F,CHEMISTRY,F,BIOLOGY,F,036,F,new,6,February,2001,male
56166,PHYSICAL SCIENCE,-.2321,1966 (NEW),19172 (NEW),2020,PHYSICS,S,CHEMISTRY,S,COMBINED MATHEMATICS,S,054,C,new,23,January,2002,female
262502,-,-,-,-,2020,GEOGRAPHY,Absent,BUDDHIST CIVILIZATION,Absent,SINHALA,Absent,Absent,Absent,new,28,February,1999,male
225695,-,-1.0170,-,-,2020,GEOGRAPHY,S,LOGIC & SCIENTIFIC METHOD,F,SINHALA,S,042,F,new,3,June,2001,female
103139,ARTS,-.3333,2787 (NEW),64418 (NEW),2020,GEOGRAPHY,S,HOME ECONOMICS,C,SINHALA,C,032,F,new,15,September,2001,female
220327,PHYSICAL SCIENCE,-.0678,1072 (NEW),17434 (NEW),2020,PHYSICS,S,CHEMISTRY,S,COMBINED MATHEMATICS,S,066,A,new,30,March,2002,male
58534,ARTS,.3567,3044 (NEW),39534 (NEW),2020,HISTORY OF SRI LANKA & INDIA,C,BUDDHIST CIVILIZATION,C,SINHALA,C,026,F,new,10,March,2001,female
281128,-,-,-,-,2020,PHYSICS,F,CHEMISTRY,S,COMBINED MATHEMATICS,F,Absent,S,new,22,July,2000,male
257688,-,-.5848,-,-,2020,GEOGRAPHY,S,COMMUNICATION & MEDIA STUDIES,F,SINHALA,C,034,F,new,25,September,2001,female
152631,ARTS,.4787,3814 (NEW),34880 (NEW),2020,GEOGRAPHY,B,ORIENTAL MUSIC,C,SINHALA,B,036,S,new,25,March,2001,female
279487,-,-,-,-,2020,INFORMATION & COMMUNICATION TECHNOLOGY,F,BIO SYSTEMS TECHNOLOGY,F,SCIENCE FOR TECHNOLOGY,F,034,F,new,2,November,2001,male
169103,BIOSYSTEMS TECHNOLOGY,-.1586,600 (NEW),6277 (NEW),2020,AGRICULTURAL SCIENCE,S,BIO SYSTEMS TECHNOLOGY,S,SCIENCE FOR TECHNOLOGY,S,056,S,new,9,August,2001,female
153045,NON,.7278,-,-,2020,DANCING(INDIGENOUS),A,DRAMA AND THEATRE (SINHALA),C,SINHALA,B,042,F,new,15,November,2001,female
153653,PHYSICAL SCIENCE,-.0997,1402 (NEW),17830 (NEW),2020,PHYSICS,S,CHEMISTRY,S,COMBINED MATHEMATICS,S,072,B,new,16,October,2000,male
187990,ARTS,.1823,2428 (NEW),46232 (NEW),2020,GEOGRAPHY,C,POLITICAL SCIENCE,C,SINHALA,C,032,S,new,26,April,2001,female
94768,ARTS,-.2264,2668 (NEW),61115 (NEW),2020,GEOGRAPHY,S,ISLAMIC CIVILIZATION,S,TAMIL,C,046,F,new,15,June,2001,female
258481,PHYSICAL SCIENCE,.2886,162 (NEW),13214 (NEW),2020,PHYSICS,S,CHEMISTRY,C,COMBINED MATHEMATICS,C,Absent,Absent,new,20,June,2000,male
12059,-,-,-,-,2020,PHYSICS,Absent,CHEMISTRY,Absent,COMBINED MATHEMATICS,Absent,Absent,Absent,new,27,March,2000,male
280254,ARTS,.7877,531 (NEW),23861 (NEW),2020,LOGIC & SCIENTIFIC METHOD,C,DRAMA AND THEATRE (TAMIL),B,TAMIL,C,022,F,new,14,February,2001,female
76932,ARTS,-.4752,3521 (NEW),67859 (NEW),2020,POLITICAL SCIENCE,S,HOME ECONOMICS,C,SINHALA,S,028,F,new,20,May,2001,female
51989,-,-.5196,-,-,2020,INFORMATION & COMMUNICATION TECHNOLOGY,C,ECONOMICS,F,SINHALA,C,Absent,C,new,2,August,2000,female
259944,-,-,-,-,2020,HOME ECONOMICS,Absent,COMMUNICATION & MEDIA STUDIES,Absent,SINHALA,Absent,Absent,Absent,new,15,July,2000,female
284169,ARTS,-.0032,1262 (NEW),53193 (NEW),2020,POLITICAL SCIENCE,S,BUDDHIST CIVILIZATION,C,SINHALA,C,024,F,new,28,November,2001,male
163356,ARTS,-.4371,7036 (NEW),66996 (NEW),2020,GEOGRAPHY,S,COMMUNICATION & MEDIA STUDIES,S,SINHALA,C,028,F,new,30,October,1999,female
47072,-,-.3807,-,-,2020,ECONOMICS,F,DANCING(INDIGENOUS),C,SINHALA,B,036,F,new,26,September,2001,female
189036,COMMERCE,1.0282,337 (NEW),9981 (NEW),2020,ECONOMICS,B,BUSINESS STUDIES,C,ACCOUNTING,A,052,F,new,26,March,2001,male
290821,ARTS,1.6984,10 (NEW),2485 (NEW),2020,GEOGRAPHY,A,HISTORY OF SRI LANKA & EUROPE,A,ISLAM,A,030,F,new,2,August,2001,female
261521,ARTS,1.8000,62 (NEW),1614 (NEW),2020,GEOGRAPHY,A,BUDDHIST CIVILIZATION,A,SINHALA,A,048,F,new,28,July,2000,female
52880,-,-,-,-,2020,INFORMATION & COMMUNICATION TECHNOLOGY,S,ENGLISH,F,GERMAN,F,032,B,new,16,November,2001,male
237795,ARTS,-.3770,2173 (NEW),65561 (NEW),2020,GEOGRAPHY,S,HISTORY OF SRI LANKA & EUROPE,S,HOME ECONOMICS,C,052,S,new,20,March,2001,male
329297,BIOLOGICAL SCIENCE,-.0689,239 (OLD),4496 (OLD),2020,CHEMISTRY,S,AGRICULTURAL SCIENCE,S,BIOLOGY,S,047,S,old,11,December,1999,female
7700,-,-.7564,-,-,2020,ECONOMICS,S,BUSINESS STUDIES,S,ACCOUNTING,F,030,F,new,24,May,2001,female
192924,-,-.3459,-,-,2020,AGRICULTURAL SCIENCE,F,ENGINEERING TECHNOLOGY,S,SCIENCE FOR TECHNOLOGY,S,042,F,new,5,February,1998,male
117557,-,-,-,-,2020,PHYSICS,F,CHEMISTRY,F,COMBINED MATHEMATICS,F,030,S,new,29,March,2001,male
310777,BIOLOGICAL SCIENCE,-.1432,202 (OLD),4692 (OLD),2020,PHYSICS,S,CHEMISTRY,S,BIOLOGY,S,058,C,old,1,September,1999,male
327270,NON,-.2394,-,-,2020,PHYSICS,S,COMBINED MATHEMATICS,S,INFORMATION & COMMUNICATION TECHNOLOGY,S,055,C,old,3,November,1999,female
31661,COMMERCE,.0437,5127 (NEW),27499 (NEW),2020,ECONOMICS,C,BUSINESS STUDIES,C,ACCOUNTING,S,044,S,new,23,December,2001,male
207689,ARTS,1.3596,158 (NEW),7776 (NEW),2020,ECONOMICS,B,POLITICAL SCIENCE,A,COMMUNICATION & MEDIA STUDIES,B,038,Absent,new,30,September,2000,female
312087,BIOLOGICAL SCIENCE,-.2225,218 (OLD),4937 (OLD),2020,CHEMISTRY,S,AGRICULTURAL SCIENCE,C,BIOLOGY,S,Absent,Absent,old,5,June,1998,female
134119,ARTS,1.3371,614 (NEW),8303 (NEW),2020,HISTORY OF SRI LANKA & INDIA,B,DANCING(INDIGENOUS),A,SINHALA,A,042,S,new,3,December,2001,female
195676,-,-,-,-,2020,POLITICAL SCIENCE,F,BUDDHIST CIVILIZATION,F,SINHALA,F,028,F,new,12,January,2001,female
215380,ARTS,.6961,1677 (NEW),26976 (NEW),2020,POLITICAL SCIENCE,C,DANCING(INDIGENOUS),A,SINHALA,B,026,F,new,21,October,2000,female
238800,ARTS,1.2343,198 (NEW),10677 (NEW),2020,GEOGRAPHY,C,POLITICAL SCIENCE,B,TAMIL,A,042,C,new,8,September,2001,female
15196,-,-.2981,-,-,2020,INFORMATION & COMMUNICATION TECHNOLOGY,F,ECONOMICS,C,COMMUNICATION & MEDIA STUDIES,S,032,A,new,4,December,2001,male
18957,-,-,-,-,2020,ECONOMICS,F,BUSINESS STUDIES,S,ACCOUNTING,F,036,B,new,26,June,2001,female
63551,-,-1.0969,-,-,2020,POLITICAL SCIENCE,S,LOGIC & SCIENTIFIC METHOD,F,SINHALA,S,030,F,new,26,December,2000,female
250046,ARTS,.5415,1530 (NEW),32561 (NEW),2020,POLITICAL SCIENCE,C,BUDDHIST CIVILIZATION,C,SINHALA,B,032,F,new,18,September,2001,female
76257,-,-,-,-,2020,INFORMATION & COMMUNICATION TECHNOLOGY,F,BIO SYSTEMS TECHNOLOGY,F,SCIENCE FOR TECHNOLOGY,S,040,F,new,29,April,2001,male
301754,ARTS,.8227,593 (NEW),22673 (NEW),2020,INFORMATION & COMMUNICATION TECHNOLOGY,S,HINDU CIVILIZATION,A,TAMIL,B,036,F,new,28,December,2001,female
43154,ARTS,1.1622,980 (NEW),12507 (NEW),2020,COMMUNICATION & MEDIA STUDIES,C,BUDDHIST CIVILIZATION,A,SINHALA,A,032,F,new,27,January,2002,female
194184,-,-.7844,-,-,2020,ECONOMICS,S,BUSINESS STUDIES,F,ACCOUNTING,S,032,F,new,28,July,2000,male
127843,-,-.8230,-,-,2020,ECONOMICS,S,BUSINESS STUDIES,F,ACCOUNTING,S,026,F,new,9,October,2001,male
136512,ARTS,1.0298,597 (NEW),16189 (NEW),2020,POLITICAL SCIENCE,C,ISLAM,A,ART,C,062,B,new,28,July,1989,female
134437,-,-,-,-,2020,AGRICULTURAL SCIENCE,F,POLITICAL SCIENCE,S,COMMUNICATION & MEDIA STUDIES,F,034,F,new,24,May,2001,male
241785,-,-,-,-,2020,CHEMISTRY,F,AGRICULTURAL SCIENCE,C,BIOLOGY,F,042,F,new,13,September,2001,male
275193,ARTS,1.5252,118 (NEW),4704 (NEW),2020,GEOGRAPHY,B,HINDUISM,A,TAMIL,A,050,S,new,15,July,2001,female
322486,BIOLOGICAL SCIENCE,1.8974,23 (OLD),212 (OLD),2020,PHYSICS,B,CHEMISTRY,A,BIOLOGY,A,068,S,old,24,September,1999,male
217279,ARTS,.3918,2452 (NEW),38184 (NEW),2020,GEOGRAPHY,C,DANCING(INDIGENOUS),B,SINHALA,C,040,C,new,3,July,2001,female
71707,BIOLOGICAL SCIENCE,1.7565,107 (NEW),1785 (NEW),2020,PHYSICS,B,CHEMISTRY,B,BIOLOGY,B,Absent,Absent,new,7,November,2000,male
236787,-,-.3938,-,-,2020,PHYSICS,F,CHEMISTRY,S,BIOLOGY,S,052,A,new,24,August,2000,female
253217,ARTS,-.6037,3515 (NEW),70251 (NEW),2020,POLITICAL SCIENCE,S,LOGIC & SCIENTIFIC METHOD,S,SINHALA,S,034,F,new,15,July,2001,male
215960,COMMERCE,.2068,1593 (NEW),24298 (NEW),2020,ECONOMICS,B,BUSINESS STUDIES,C,ACCOUNTING,S,050,C,new,16,February,2001,female
266131,-,-,-,-,2020,PHYSICS,S,CHEMISTRY,Absent,COMBINED MATHEMATICS,F,Absent,Absent,new,4,April,2000,male
88884,-,-.7551,-,-,2020,PHYSICS,S,CHEMISTRY,S,COMBINED MATHEMATICS,F,054,S,new,12,September,2000,male
177209,ARTS,.2626,1440 (NEW),43158 (NEW),2020,POLITICAL SCIENCE,B,DANCING(INDIGENOUS),S,SINHALA,B,042,F,new,7,September,2001,female
166131,COMMERCE,.5300,1300 (NEW),18242 (NEW),2020,ECONOMICS,B,BUSINESS STUDIES,C,ACCOUNTING,C,040,S,new,25,August,2001,female
241707,-,-,-,-,2020,CHEMISTRY,F,AGRICULTURAL SCIENCE,C,BIOLOGY,F,056,S,new,1,October,2000,female
6912,BIOLOGICAL SCIENCE,2.0661,214 (NEW),778 (NEW),2020,PHYSICS,B,CHEMISTRY,A,BIOLOGY,A,068,B,new,25,April,2001,male
44098,-,-.8818,-,-,2020,POLITICAL SCIENCE,F,ORIENTAL MUSIC,S,SINHALA,S,032,S,new,4,April,2001,male
262994,ARTS,1.5190,190 (NEW),4790 (NEW),2020,POLITICAL SCIENCE,A,BUDDHIST CIVILIZATION,A,SINHALA,B,042,F,new,8,March,2000,female
247948,COMMERCE,.0441,1000 (NEW),27492 (NEW),2020,INFORMATION & COMMUNICATION TECHNOLOGY,C,BUSINESS STUDIES,C,ACCOUNTING,S,042,S,new,22,November,2001,male
544,COMMERCE,.1495,4771 (NEW),25404 (NEW),2020,ECONOMICS,C,BUSINESS STUDIES,C,ACCOUNTING,C,034,S,new,16,October,2001,female
136362,-,-,-,-,2020,HISTORY OF SRI LANKA & INDIA,F,BUDDHIST CIVILIZATION,F,SINHALA,F,034,F,new,24,September,2001,female
246082,ENGINEERING TECHNOLOGY,.5374,188 (NEW),4947 (NEW),2020,INFORMATION & COMMUNICATION TECHNOLOGY,C,ENGINEERING TECHNOLOGY,C,SCIENCE FOR TECHNOLOGY,S,042,S,new,11,January,2002,female
152866,BIOLOGICAL SCIENCE,-.3437,1651 (NEW),20582 (NEW),2020,PHYSICS,S,CHEMISTRY,S,BIOLOGY,S,068,A,new,4,February,2001,male
240566,-,-,-,-,2020,GEOGRAPHY,S,ENGINEERING TECHNOLOGY,F,SCIENCE FOR TECHNOLOGY,F,032,F,new,22,December,2000,male
231029,-,-,-,-,2020,PHYSICS,F,CHEMISTRY,F,BIOLOGY,F,044,S,new,16,September,2000,female
182223,ARTS,1.5340,140 (NEW),4558 (NEW),2020,GEOGRAPHY,A,POLITICAL SCIENCE,B,COMMUNICATION & MEDIA STUDIES,B,054,S,new,3,September,2001,male
167096,ARTS,-.5642,7256 (NEW),69598 (NEW),2020,GEOGRAPHY,S,BUDDHIST CIVILIZATION,S,SINHALA,S,032,S,new,2,April,2001,male
190698,ARTS,.5444,1731 (NEW),32442 (NEW),2020,HOME ECONOMICS,C,COMMUNICATION & MEDIA STUDIES,C,SINHALA,B,038,F,new,7,June,2001,female
267927,-,-,-,-,2020,PHYSICS,Absent,COMBINED MATHEMATICS,Absent,INFORMATION & COMMUNICATION TECHNOLOGY,Absent,Absent,Absent,new,23,September,2001,male
121478,-,-.5998,-,-,2020,PHYSICS,S,CHEMISTRY,S,BIOLOGY,F,Absent,Absent,new,31,January,2001,female
125387,-,-,-,-,2020,INFORMATION & COMMUNICATION TECHNOLOGY,F,GEOGRAPHY,F,HISTORY OF SRI LANKA & INDIA,F,042,F,new,5,November,2000,male
336034,BIOSYSTEMS TECHNOLOGY,.6016,6 (OLD),195 (OLD),2020,AGRICULTURAL SCIENCE,C,BIO SYSTEMS TECHNOLOGY,S,SCIENCE FOR TECHNOLOGY,C,050,Absent,old,19,September,1999,female
220220,PHYSICAL SCIENCE,-.3776,1250 (NEW),20371 (NEW),2020,PHYSICS,S,CHEMISTRY,S,COMBINED MATHEMATICS,S,058,C,new,17,May,2001,male
138900,BIOLOGICAL SCIENCE,1.4093,118 (NEW),3469 (NEW),2020,PHYSICS,B,CHEMISTRY,A,BIOLOGY,C,058,B,new,31,July,2000,female
52212,PHYSICAL SCIENCE,.4967,1071 (NEW),10918 (NEW),2020,PHYSICS,C,CHEMISTRY,C,COMBINED MATHEMATICS,S,076,A,new,16,August,2001,male
294769,-,-,-,-,2020,PHYSICS,F,CHEMISTRY,F,COMBINED MATHEMATICS,F,058,F,new,24,November,2001,male
270556,COMMERCE,.8121,198 (NEW),13444 (NEW),2020,INFORMATION & COMMUNICATION TECHNOLOGY,C,BUSINESS STUDIES,B,ACCOUNTING,C,040,S,new,14,May,2001,female
127147,-,-.4513,-,-,2020,PHYSICS,S,CHEMISTRY,F,COMBINED MATHEMATICS,S,066,C,new,22,August,2001,male
258602,ARTS,-.4369,1915 (NEW),66988 (NEW),2020,COMMUNICATION & MEDIA STUDIES,S,BUDDHIST CIVILIZATION,S,SINHALA,C,054,F,new,30,March,2001,female
108438,-,-.0629,-,-,2020,PHYSICS,F,CHEMISTRY,C,BIOLOGY,C,052,A,new,1,December,2001,female
294227,-,-,-,-,2020,PHYSICS,F,CHEMISTRY,F,BIOLOGY,S,046,S,new,30,June,2001,female
284351,BIOLOGICAL SCIENCE,-.3508,324 (NEW),20651 (NEW),2020,PHYSICS,S,CHEMISTRY,S,BIOLOGY,S,036,C,new,2,March,2001,female
240360,ARTS,1.1311,254 (NEW),13349 (NEW),2020,GEOGRAPHY,C,COMMUNICATION & MEDIA STUDIES,B,SINHALA,A,036,S,new,22,October,2001,female
288742,-,-,-,-,2020,AGRICULTURAL SCIENCE,F,BIO SYSTEMS TECHNOLOGY,F,SCIENCE FOR TECHNOLOGY,S,058,F,new,13,January,2000,male
295447,-,-,-,-,2020,PHYSICS,F,CHEMISTRY,F,COMBINED MATHEMATICS,F,024,F,new,27,December,1999,male
280885,-,-1.0519,-,-,2020,POLITICAL SCIENCE,F,HOME ECONOMICS,S,ISLAM,C,042,F,new,15,April,2001,female
211822,-,-,-,-,2020,GEOGRAPHY,S,COMMUNICATION & MEDIA STUDIES,F,BUDDHIST CIVILIZATION,F,042,S,new,6,January,2002,male
92348,COMMERCE,1.3756,389 (NEW),5183 (NEW),2020,ECONOMICS,A,BUSINESS STUDIES,A,ACCOUNTING,A,054,S,new,11,June,2001,female
111335,BIOLOGICAL SCIENCE,1.2262,159 (NEW),4548 (NEW),2020,PHYSICS,C,CHEMISTRY,B,BIOLOGY,C,070,B,new,25,December,2001,female
203952,ARTS,.9772,423 (NEW),17778 (NEW),2020,GEOGRAPHY,B,LOGIC & SCIENTIFIC METHOD,C,SINHALA,B,034,F,new,13,December,2000,female
232780,-,-,-,-,2020,HOME ECONOMICS,Absent,BIO SYSTEMS TECHNOLOGY,Absent,SCIENCE FOR TECHNOLOGY,Absent,Absent,Absent,new,9,February,2000,female
82030,ARTS,.7484,1562 (NEW),25156 (NEW),2020,GEOGRAPHY,C,POLITICAL SCIENCE,C,SINHALA,B,026,S,new,22,March,2001,female
202787,-,-,-,-,2020,PHYSICS,S,CHEMISTRY,F,BIOLOGY,F,070,S,new,2,January,2001,male
285312,ARTS,-.5710,1683 (NEW),69725 (NEW),2020,COMMUNICATION & MEDIA STUDIES,S,ORIENTAL MUSIC,C,SINHALA,S,034,S,new,8,July,2001,female
263613,-,-.6598,-,-,2020,AGRICULTURAL SCIENCE,S,ECONOMICS,F,POLITICAL SCIENCE,S,028,F,new,4,January,2002,male
147117,-,-,-,-,2020,POLITICAL SCIENCE,F,HISTORY OF SRI LANKA & INDIA,S,BUDDHIST CIVILIZATION,F,044,S,new,14,December,2001,male
64241,-,-,-,-,2020,ECONOMICS,S,BUSINESS STUDIES,S,ACCOUNTING,Absent,Absent,B,new,24,November,2000,female
205060,-,-1.0119,-,-,2020,POLITICAL SCIENCE,F,ISLAM,S,TAMIL,S,030,S,new,20,December,2001,female
215890,-,-.4184,-,-,2020,PHYSICS,F,COMBINED MATHEMATICS,S,INFORMATION & COMMUNICATION TECHNOLOGY,C,054,A,new,9,January,2002,female
270762,-,-.8955,-,-,2020,ECONOMICS,F,BUSINESS STUDIES,S,ACCOUNTING,S,Absent,Absent,new,25,December,2000,male
288875,ARTS,.8735,429 (NEW),20973 (NEW),2020,GEOGRAPHY,A,ISLAM,B,TAMIL,C,044,F,new,1,January,2001,female
49140,-,-,-,-,2020,POLITICAL SCIENCE,F,HISTORY OF SRI LANKA & EUROPE,F,SINHALA,F,034,F,new,24,February,2001,male
246801,COMMERCE,.5817,615 (NEW),17340 (NEW),2020,ECONOMICS,B,BUSINESS STUDIES,C,ACCOUNTING,C,Absent,C,new,13,June,2000,male
180629,ARTS,-.0866,1915 (NEW),56315 (NEW),2020,POLITICAL SCIENCE,S,ISLAM,C,TAMIL,S,050,F,new,13,February,2001,female
10259,PHYSICAL SCIENCE,2.0931,224 (NEW),752 (NEW),2020,PHYSICS,A,CHEMISTRY,A,COMBINED MATHEMATICS,A,066,A,new,30,August,2001,male
209467,-,-,-,-,2020,POLITICAL SCIENCE,Absent,BUDDHIST CIVILIZATION,Absent,SINHALA,Absent,Absent,Absent,new,28,September,2001,male
18621,-,-,-,-,2020,ECONOMICS,Absent,BUSINESS STUDIES,Absent,ACCOUNTING,Absent,Absent,Absent,new,10,October,2000,male
115740,-,-,-,-,2020,PHYSICS,Absent,CHEMISTRY,Absent,BIOLOGY,Absent,Absent,Absent,new,29,October,1990,male
6316,ENGINEERING TECHNOLOGY,1.6444,124 (NEW),851 (NEW),2020,INFORMATION & COMMUNICATION TECHNOLOGY,B,ENGINEERING TECHNOLOGY,B,SCIENCE FOR TECHNOLOGY,B,052,A,new,3,June,2001,female
65473,-,-,-,-,2020,POLITICAL SCIENCE,F,COMMUNICATION & MEDIA STUDIES,F,SINHALA,S,034,C,new,31,May,2000,female
325993,-,-,-,-,2020,GEOGRAPHY,Absent,POLITICAL SCIENCE,Absent,TAMIL,Absent,Absent,S,old,2,July,1999,female
59213,-,-.5345,-,-,2020,HOME ECONOMICS,C,ENGINEERING TECHNOLOGY,F,SCIENCE FOR TECHNOLOGY,S,052,C,new,19,April,2001,male
239401,ARTS,.3963,1062 (NEW),38016 (NEW),2020,ECONOMICS,S,POLITICAL SCIENCE,C,TAMIL,C,042,F,new,20,July,2000,female
45755,-,-,-,-,2020,PHYSICS,F,CHEMISTRY,S,BIOLOGY,F,Absent,Absent,new,25,July,2000,female
294122,-,-,-,-,2020,ECONOMICS,F,BUSINESS STUDIES,F,ACCOUNTING,F,022,F,new,13,January,2002,male
84208,COMMERCE,.9142,819 (NEW),11717 (NEW),2020,ECONOMICS,C,BUSINESS STUDIES,B,ACCOUNTING,A,062,S,new,30,December,2001,female
9923,BIOLOGICAL SCIENCE,.0044,2556 (NEW),16942 (NEW),2020,PHYSICS,S,CHEMISTRY,S,BIOLOGY,S,046,B,new,29,October,2001,male
245961,ARTS,-.2514,3061 (NEW),61906 (NEW),2020,POLITICAL SCIENCE,S,BUDDHIST CIVILIZATION,C,SINHALA,S,038,F,new,25,January,2002,female
86060,-,-,-,-,2020,PHYSICS,F,CHEMISTRY,F,COMBINED MATHEMATICS,F,050,S,new,25,February,2000,female
64955,-,-.5232,-,-,2020,ECONOMICS,F,BUSINESS STUDIES,C,ACCOUNTING,S,052,F,new,23,November,2001,female
19393,ARTS,-.2075,4025 (NEW),60485 (NEW),2020,INFORMATION & COMMUNICATION TECHNOLOGY,S,GEOGRAPHY,S,COMMUNICATION & MEDIA STUDIES,S,060,S,new,19,November,2001,male
153018,ARTS,.0050,5669 (NEW),52914 (NEW),2020,POLITICAL SCIENCE,S,BUDDHIST CIVILIZATION,C,HINDI,S,058,C,new,21,December,2001,female
91943,-,-.8375,-,-,2020,ECONOMICS,S,BUSINESS STUDIES,S,ACCOUNTING,F,032,F,new,19,August,2000,female
218886,-,-.8029,-,-,2020,COMMUNICATION & MEDIA STUDIES,S,BUDDHIST CIVILIZATION,F,SINHALA,S,036,S,new,10,January,2002,female
327703,-,-,-,-,2020,POLITICAL SCIENCE,F,BUDDHIST CIVILIZATION,F,SINHALA,S,Absent,Absent,old,2,December,1999,male
292342,BIOLOGICAL SCIENCE,-.6029,115 (NEW),21600 (NEW),2020,PHYSICS,S,CHEMISTRY,S,BIOLOGY,S,050,C,new,24,October,2000,female
69657,PHYSICAL SCIENCE,-.0786,1092 (NEW),17575 (NEW),2020,PHYSICS,S,CHEMISTRY,S,COMBINED MATHEMATICS,C,070,A,new,9,February,2001,female
240995,BIOLOGICAL SCIENCE,1.5929,30 (NEW),2516 (NEW),2020,PHYSICS,B,CHEMISTRY,A,BIOLOGY,C,064,A,new,5,July,2000,female
303519,ARTS,-.2225,1745 (NEW),60989 (NEW),2020,LOGIC & SCIENTIFIC METHOD,S,ART,C,TAMIL,C,028,F,new,28,September,2000,female
231926,ARTS,1.0939,856 (NEW),14359 (NEW),2020,POLITICAL SCIENCE,B,HOME ECONOMICS,B,SINHALA,A,056,S,new,11,June,2001,female
168830,-,-,-,-,2020,PHYSICS,F,CHEMISTRY,F,BIOLOGY,F,036,C,new,21,June,2001,female
311992,-,-,-,-,2020,PHYSICS,Absent,CHEMISTRY,Absent,BIOLOGY,Absent,Absent,Absent,old,28,August,1999,female
104321,-,-,-,-,2020,PHYSICS,F,CHEMISTRY,S,BIOLOGY,F,046,F,new,1,October,2001,female
85393,-,-,-,-,2020,PHYSICS,F,CHEMISTRY,F,BIOLOGY,F,046,F,new,7,July,2001,female
37410,BIOLOGICAL SCIENCE,.2778,1184 (NEW),13515 (NEW),2020,PHYSICS,S,CHEMISTRY,S,BIOLOGY,C,052,A,new,27,May,2001,female
53723,ARTS,.0963,3834 (NEW),49530 (NEW),2020,ECONOMICS,S,POLITICAL SCIENCE,C,SINHALA,C,030,F,new,11,May,2001,female
173742,-,-,-,-,2020,PHYSICS,Absent,CHEMISTRY,Absent,BIOLOGY,Absent,Absent,Absent,new,7,November,2000,male
246639,-,-,-,-,2020,PHYSICS,F,CHEMISTRY,F,BIOLOGY,F,050,S,new,8,February,2001,female
336446,-,.1187,-,-,2020,HINDU CIVILIZATION,B,TAMIL,S,ENGLISH,F,048,Absent,old,3,September,1999,male
135695,COMMERCE,1.7950,43 (NEW),1370 (NEW),2020,ECONOMICS,A,BUSINESS STUDIES,A,ACCOUNTING,A,Absent,Absent,new,8,April,2000,female
313038,PHYSICAL SCIENCE,-.0085,31 (OLD),1250 (OLD),2020,PHYSICS,S,CHEMISTRY,S,COMBINED MATHEMATICS,S,065,Absent,old,26,September,1999,male
151464,ARTS,1.5764,374 (NEW),3948 (NEW),2020,INFORMATION & COMMUNICATION TECHNOLOGY,C,COMMUNICATION & MEDIA STUDIES,A,SINHALA,A,Absent,Absent,new,9,November,2000,female
89829,ARTS,.3819,2265 (NEW),38590 (NEW),2020,POLITICAL SCIENCE,C,BUDDHIST CIVILIZATION,C,SINHALA,B,038,F,new,14,August,2001,female
144451,ARTS,.5598,1338 (NEW),31870 (NEW),2020,GEOGRAPHY,C,ORIENTAL MUSIC,C,SINHALA,B,036,F,new,21,July,2000,female
18938,-,-1.0818,-,-,2020,ECONOMICS,S,BUSINESS STUDIES,S,ACCOUNTING,F,040,F,new,20,January,2002,female
67023,BIOLOGICAL SCIENCE,-.1595,1086 (NEW),18830 (NEW),2020,PHYSICS,S,CHEMISTRY,S,BIOLOGY,S,052,S,new,24,November,2001,male
110216,PHYSICAL SCIENCE,1.4672,143 (NEW),3208 (NEW),2020,PHYSICS,C,CHEMISTRY,B,COMBINED MATHEMATICS,A,068,S,new,12,September,1999,female
241652,-,-1.4980,-,-,2020,POLITICAL SCIENCE,F,HOME ECONOMICS,S,SINHALA,S,038,F,new,16,November,2001,male
67410,-,-.6934,-,-,2020,AGRICULTURAL SCIENCE,F,LOGIC & SCIENTIFIC METHOD,S,SINHALA,C,050,C,new,23,January,2002,female
1847,PHYSICAL SCIENCE,1.1698,1062 (NEW),5078 (NEW),2020,PHYSICS,C,CHEMISTRY,B,COMBINED MATHEMATICS,B,058,C,new,11,February,2001,male
8813,COMMERCE,1.1731,1693 (NEW),7843 (NEW),2020,ECONOMICS,B,BUSINESS STUDIES,B,ACCOUNTING,B,058,B,new,6,January,2002,female
80080,-,-1.0471,-,-,2020,POLITICAL SCIENCE,F,DANCING(INDIGENOUS),S,SINHALA,S,056,F,new,28,February,2001,female
82960,COMMERCE,-.1960,2020 (NEW),32379 (NEW),2020,ECONOMICS,C,BUSINESS STUDIES,S,ACCOUNTING,S,044,A,new,11,November,2001,male
110281,ARTS,.8500,797 (NEW),21757 (NEW),2020,HOME ECONOMICS,C,BUDDHIST CIVILIZATION,B,SINHALA,B,042,Absent,new,8,August,2000,female
250972,-,-,-,-,2020,ECONOMICS,F,BUSINESS STUDIES,S,ACCOUNTING,F,044,S,new,8,May,2001,male
260016,-,-.2035,-,-,2020,AGRICULTURAL SCIENCE,F,BUDDHIST CIVILIZATION,C,SINHALA,C,060,F,new,1,February,2001,male
102104,-,-,-,-,2020,PHYSICS,F,CHEMISTRY,F,COMBINED MATHEMATICS,F,038,F,new,10,December,2001,female
160795,ENGINEERING TECHNOLOGY,.5913,427 (NEW),4655 (NEW),2020,AGRICULTURAL SCIENCE,C,ENGINEERING TECHNOLOGY,S,SCIENCE FOR TECHNOLOGY,C,058,F,new,17,June,2001,male
317281,BIOLOGICAL SCIENCE,.0144,318 (OLD),4251 (OLD),2020,PHYSICS,S,CHEMISTRY,S,BIOLOGY,C,045,Absent,old,25,April,1999,female
200600,BIOLOGICAL SCIENCE,-.1299,250 (NEW),18537 (NEW),2020,PHYSICS,S,CHEMISTRY,S,BIOLOGY,S,056,C,new,12,March,2001,female
229217,-,-,-,-,2020,ECONOMICS,F,BUSINESS STUDIES,F,ACCOUNTING,F,028,F,new,9,October,1995,male
238210,-,-,-,-,2020,GEOGRAPHY,Absent,POLITICAL SCIENCE,Absent,SINHALA,Absent,Absent,Absent,new,13,July,2000,female
217333,COMMERCE,1.1128,536 (NEW),8708 (NEW),2020,ECONOMICS,B,BUSINESS STUDIES,B,ACCOUNTING,A,044,S,new,16,June,2001,female
108857,-,-,-,-,2020,GEOGRAPHY,Absent,HISTORY OF SRI LANKA & INDIA,Absent,BUDDHIST CIVILIZATION,Absent,Absent,Absent,new,8,April,2000,female
145229,-,-,-,-,2020,AGRICULTURAL SCIENCE,F,BIO SYSTEMS TECHNOLOGY,F,SCIENCE FOR TECHNOLOGY,F,038,F,new,23,March,2001,male
24688,COMMERCE,.3297,4156 (NEW),21954 (NEW),2020,ECONOMICS,C,BUSINESS STUDIES,C,ACCOUNTING,C,052,S,new,23,May,2001,female
229404,ARTS,-.0287,3695 (NEW),54167 (NEW),2020,GEOGRAPHY,C,COMMUNICATION & MEDIA STUDIES,S,SINHALA,C,024,F,new,6,March,2000,female
193121,ARTS,-.3782,3432 (NEW),65589 (NEW),2020,GEOGRAPHY,S,SINHALA,C,JAPANESE,S,042,S,new,11,August,2001,female
206580,ARTS,.4858,932 (NEW),34645 (NEW),2020,GEOGRAPHY,C,POLITICAL SCIENCE,C,SINHALA,C,036,F,new,15,February,2001,female
151605,-,-,-,-,2020,PHYSICS,F,CHEMISTRY,F,COMBINED MATHEMATICS,F,052,F,new,9,February,2001,male
175331,NON,-.5912,-,-,2020,CHRISTIANITY,C,ORIENTAL MUSIC,C,SINHALA,S,052,A,new,15,February,2000,male
72641,ARTS,.1102,2619 (NEW),48998 (NEW),2020,GEOGRAPHY,C,ISLAM,C,TAMIL,C,022,S,new,9,September,2001,female
83217,-,-,-,-,2020,PHYSICS,F,COMBINED MATHEMATICS,F,INFORMATION & COMMUNICATION TECHNOLOGY,F,Absent,Absent,new,27,November,2000,male
151256,-,-,-,-,2020,PHYSICS,Absent,CHEMISTRY,Absent,BIOLOGY,Absent,Absent,Absent,new,5,August,1999,female
58842,-,-,-,-,2020,COMMUNICATION & MEDIA STUDIES,F,BUDDHIST CIVILIZATION,F,SINHALA,C,038,F,new,11,September,2001,male
58872,COMMERCE,.2489,2789 (NEW),23506 (NEW),2020,ECONOMICS,C,BUSINESS STUDIES,C,ACCOUNTING,C,038,F,new,5,June,2001,female
19859,PHYSICAL SCIENCE,1.7467,435 (NEW),1895 (NEW),2020,PHYSICS,B,CHEMISTRY,A,COMBINED MATHEMATICS,A,074,A,new,8,August,2001,female
48436,ARTS,-.3053,4939 (NEW),63599 (NEW),2020,POLITICAL SCIENCE,S,LOGIC & SCIENTIFIC METHOD,S,SINHALA,C,042,F,new,4,September,2000,female
309011,-,-.6321,-,-,2020,PHYSICS,F,CHEMISTRY,S,BIOLOGY,S,Absent,Absent,old,26,October,1999,female
216017,BIOLOGICAL SCIENCE,.2549,1092 (NEW),13795 (NEW),2020,PHYSICS,S,CHEMISTRY,C,BIOLOGY,S,034,B,new,14,January,2001,female
330428,-,-,-,-,2020,GEOGRAPHY,Absent,ENGINEERING TECHNOLOGY,Absent,SCIENCE FOR TECHNOLOGY,Absent,Absent,Absent,old,14,October,1997,male
111418,BIOLOGICAL SCIENCE,-.0960,668 (NEW),18164 (NEW),2020,PHYSICS,S,CHEMISTRY,C,BIOLOGY,S,058,C,new,26,August,2001,female
209753,ARTS,-.3758,1886 (NEW),65532 (NEW),2020,GEOGRAPHY,S,DANCING(INDIGENOUS),S,SINHALA,C,034,F,new,7,March,2001,female
284325,PHYSICAL SCIENCE,1.9301,7 (NEW),1193 (NEW),2020,PHYSICS,B,CHEMISTRY,A,COMBINED MATHEMATICS,A,062,A,new,11,May,2001,female
27607,ENGINEERING TECHNOLOGY,.1527,908 (NEW),7577 (NEW),2020,INFORMATION & COMMUNICATION TECHNOLOGY,S,ENGINEERING TECHNOLOGY,C,SCIENCE FOR TECHNOLOGY,S,062,F,new,30,September,2001,male
309211,-,-,-,-,2020,ECONOMICS,Absent,BUSINESS STUDIES,Absent,ACCOUNTING,Absent,Absent,Absent,old,23,May,1993,male
91821,PHYSICAL SCIENCE,.2547,1147 (NEW),13599 (NEW),2020,PHYSICS,S,CHEMISTRY,S,COMBINED MATHEMATICS,C,Absent,Absent,new,18,July,2000,female
142353,ARTS,1.2572,326 (NEW),10132 (NEW),2020,ECONOMICS,B,GEOGRAPHY,B,SINHALA,B,036,F,new,29,January,2001,male
33711,BIOLOGICAL SCIENCE,2.0048,79 (NEW),939 (NEW),2020,PHYSICS,A,CHEMISTRY,A,BIOLOGY,B,070,A,new,9,December,2001,male
14725,-,-.2433,-,-,2020,PHYSICS,F,CHEMISTRY,S,BIOLOGY,C,046,C,new,1,September,2001,female
334992,-,-,-,-,2020,GEOGRAPHY,F,POLITICAL SCIENCE,F,ISLAM,S,027,F,old,21,October,1998,female
117833,-,-,-,-,2020,PHYSICS,Absent,CHEMISTRY,Absent,BIOLOGY,Absent,Absent,Absent,new,12,June,2000,female
2379,-,-.3128,-,-,2020,PHYSICS,F,CHEMISTRY,S,BIOLOGY,C,044,A,new,29,June,2001,female
302790,-,-.6947,-,-,2020,INFORMATION & COMMUNICATION TECHNOLOGY,S,ECONOMICS,S,ENGLISH,F,034,B,new,28,August,1999,female
201839,-,-.6749,-,-,2020,PHYSICS,F,CHEMISTRY,S,BIOLOGY,S,048,A,new,5,April,2001,male
155795,-,-.4227,-,-,2020,INFORMATION & COMMUNICATION TECHNOLOGY,F,GEOGRAPHY,S,ISLAM,C,040,S,new,8,January,2002,male
232616,ARTS,-.0711,3828 (NEW),55753 (NEW),2020,GEOGRAPHY,C,POLITICAL SCIENCE,S,SINHALA,C,032,S,new,22,June,2001,female
13604,ARTS,2.0246,97 (NEW),510 (NEW),2020,GEOGRAPHY,A,POLITICAL SCIENCE,A,COMMUNICATION & MEDIA STUDIES,A,032,A,new,15,June,2001,female
268084,ARTS,1.4929,133 (NEW),5236 (NEW),2020,AGRICULTURAL SCIENCE,C,GEOGRAPHY,A,ISLAM,A,044,S,new,27,September,2001,male
189373,PHYSICAL SCIENCE,.2522,394 (NEW),13633 (NEW),2020,PHYSICS,S,CHEMISTRY,C,COMBINED MATHEMATICS,S,060,S,new,20,October,2000,female
311028,-,-,-,-,2020,ISLAMIC CIVILIZATION,F,TAMIL,Absent,ARABIC,Absent,Absent,Absent,old,22,September,1987,male
121890,-,-1.0637,-,-,2020,INFORMATION & COMMUNICATION TECHNOLOGY,F,ECONOMICS,S,ACCOUNTING,S,052,F,new,10,December,2001,male
138726,BIOLOGICAL SCIENCE,.8301,307 (NEW),7642 (NEW),2020,PHYSICS,C,CHEMISTRY,C,BIOLOGY,C,060,B,new,5,March,2001,female
305016,COMMERCE,.3108,389 (NEW),22292 (NEW),2020,INFORMATION & COMMUNICATION TECHNOLOGY,C,BUSINESS STUDIES,C,ACCOUNTING,C,046,B,new,26,September,2001,female
161279,-,-,-,-,2020,ECONOMICS,Absent,BUSINESS STUDIES,Absent,ACCOUNTING,Absent,Absent,Absent,new,13,August,2000,female
248377,ENGINEERING TECHNOLOGY,.6169,165 (NEW),4508 (NEW),2020,INFORMATION & COMMUNICATION TECHNOLOGY,S,ENGINEERING TECHNOLOGY,C,SCIENCE FOR TECHNOLOGY,C,048,S,new,13,November,2001,male
181735,-,-.9357,-,-,2020,POLITICAL SCIENCE,F,COMMUNICATION & MEDIA STUDIES,S,SINHALA,S,040,S,new,5,October,2001,male
321137,-,-.5968,-,-,2020,PHYSICS,S,CHEMISTRY,F,COMBINED MATHEMATICS,S,065,F,old,Invalid nic error,Invalid nic error,Invalid nic error,
254875,ENGINEERING TECHNOLOGY,.1602,318 (NEW),7514 (NEW),2020,INFORMATION & COMMUNICATION TECHNOLOGY,C,ENGINEERING TECHNOLOGY,S,SCIENCE FOR TECHNOLOGY,S,050,S,new,9,November,2001,male
216778,ENGINEERING TECHNOLOGY,.0982,540 (NEW),8001 (NEW),2020,INFORMATION & COMMUNICATION TECHNOLOGY,S,ENGINEERING TECHNOLOGY,S,SCIENCE FOR TECHNOLOGY,S,042,S,new,8,October,2001,male
71084,-,-,-,-,2020,ECONOMICS,F,BUSINESS STUDIES,S,ACCOUNTING,F,044,F,new,8,January,2000,female
16785,ARTS,.2419,2884 (NEW),43897 (NEW),2020,POLITICAL SCIENCE,C,HISTORY OF SRI LANKA & INDIA,C,SINHALA,C,042,F,new,27,November,2001,male
67787,BIOLOGICAL SCIENCE,1.5710,144 (NEW),2619 (NEW),2020,PHYSICS,B,CHEMISTRY,A,BIOLOGY,C,Absent,Absent,new,11,November,2000,female
80890,-,-,-,-,2020,PHYSICS,Absent,CHEMISTRY,Absent,BIOLOGY,Absent,Absent,Absent,new,30,June,2000,male
27913,BIOLOGICAL SCIENCE,.5015,1815 (NEW),10960 (NEW),2020,PHYSICS,C,CHEMISTRY,C,BIOLOGY,S,072,A,new,16,May,2001,male
288251,ARTS,-.2366,1483 (NEW),61448 (NEW),2020,GEOGRAPHY,C,ISLAM,C,ART,S,026,F,new,18,September,2000,female
29894,ENGINEERING TECHNOLOGY,-.4829,1307 (NEW),11932 (NEW),2020,INFORMATION & COMMUNICATION TECHNOLOGY,S,ENGINEERING TECHNOLOGY,S,SCIENCE FOR TECHNOLOGY,S,062,F,new,24,April,2001,male
156085,BIOLOGICAL SCIENCE,-.1513,1505 (NEW),18757 (NEW),2020,PHYSICS,S,CHEMISTRY,C,BIOLOGY,S,054,C,new,22,December,2000,female
128931,-,-,-,-,2020,AGRICULTURAL SCIENCE,Absent,BIO SYSTEMS TECHNOLOGY,Absent,SCIENCE FOR TECHNOLOGY,Absent,Absent,Absent,new,4,October,2000,female
320345,-,-,-,-,2020,BUDDHIST CIVILIZATION,Absent,SINHALA,Absent,PALI,Absent,Absent,Absent,old,14,January,1993,male
150016,-,-.3601,-,-,2020,PHYSICS,S,CHEMISTRY,S,BIOLOGY,F,056,C,new,15,October,1999,male
282262,ENGINEERING TECHNOLOGY,-.3406,216 (NEW),11281 (NEW),2020,INFORMATION & COMMUNICATION TECHNOLOGY,S,ENGINEERING TECHNOLOGY,S,SCIENCE FOR TECHNOLOGY,S,048,S,new,3,July,2001,male
299784,-,-,-,-,2020,PHYSICS,Absent,CHEMISTRY,Absent,COMBINED MATHEMATICS,Absent,Absent,Absent,new,28,December,2000,male
60925,NON,.0901,-,-,2020,PHYSICS,S,COMBINED MATHEMATICS,S,INFORMATION & COMMUNICATION TECHNOLOGY,S,Absent,F,new,12,September,2000,male
183489,PHYSICAL SCIENCE,.1071,451 (NEW),15383 (NEW),2020,PHYSICS,S,CHEMISTRY,S,COMBINED MATHEMATICS,S,066,S,new,17,November,2000,female
313439,-,-,-,-,2020,CHEMISTRY,F,AGRICULTURAL SCIENCE,F,BIOLOGY,F,Absent,Absent,old,13,December,1997,female
210019,COMMERCE,-.2757,750 (NEW),33930 (NEW),2020,ECONOMICS,C,BUSINESS STUDIES,S,ACCOUNTING,S,028,S,new,26,November,2000,female
164810,-,-.8380,-,-,2020,POLITICAL SCIENCE,F,COMMUNICATION & MEDIA STUDIES,S,SINHALA,S,042,F,new,15,September,2001,female
149901,-,-,-,-,2020,BUDDHISM,Absent,PALI,Absent,SANSKRIT,Absent,028,Absent,new,28,November,1999,male
24540,-,-,-,-,2020,INFORMATION & COMMUNICATION TECHNOLOGY,F,HISTORY OF SRI LANKA & INDIA,S,JAPANESE,F,048,F,new,13,November,2001,male
171738,ARTS,.1767,5019 (NEW),46453 (NEW),2020,POLITICAL SCIENCE,S,BUDDHIST CIVILIZATION,C,JAPANESE,S,052,S,new,17,October,2001,male
57447,-,-,-,-,2020,POLITICAL SCIENCE,S,LOGIC & SCIENTIFIC METHOD,F,SINHALA,F,044,F,new,8,November,2000,male
323934,PHYSICAL SCIENCE,1.6915,12 (OLD),72 (OLD),2020,PHYSICS,B,CHEMISTRY,B,COMBINED MATHEMATICS,A,073,F,old,8,June,1999,male
335919,-,-,-,-,2020,CHEMISTRY,F,AGRICULTURAL SCIENCE,C,BIOLOGY,F,050,F,old,28,October,1999,female
158452,-,-,-,-,2020,AGRICULTURAL SCIENCE,F,ENGINEERING TECHNOLOGY,F,SCIENCE FOR TECHNOLOGY,S,046,S,new,9,July,2001,male
185560,BIOLOGICAL SCIENCE,.2510,367 (NEW),13832 (NEW),2020,PHYSICS,S,CHEMISTRY,C,BIOLOGY,S,066,C,new,4,April,2001,female
222540,-,-,-,-,2020,ECONOMICS,F,BUSINESS STUDIES,S,ACCOUNTING,F,Absent,F,new,18,May,2000,female
257895,-,-,-,-,2020,PHYSICS,F,CHEMISTRY,F,BIOLOGY,F,044,A,new,5,August,2001,female
325856,BIOLOGICAL SCIENCE,.6759,143 (OLD),2389 (OLD),2020,PHYSICS,C,CHEMISTRY,C,BIOLOGY,B,Absent,Absent,old,26,January,2000,female
327346,-,-,-,-,2020,INFORMATION & COMMUNICATION TECHNOLOGY,Absent,ENGINEERING TECHNOLOGY,Absent,SCIENCE FOR TECHNOLOGY,Absent,Absent,Absent,old,20,November,1999,male
169751,BIOLOGICAL SCIENCE,1.5444,188 (NEW),2749 (NEW),2020,PHYSICS,C,CHEMISTRY,B,BIOLOGY,A,060,Absent,new,7,July,2000,female
141417,PHYSICAL SCIENCE,.0168,685 (NEW),16458 (NEW),2020,PHYSICS,S,CHEMISTRY,S,COMBINED MATHEMATICS,C,054,Absent,new,22,September,2000,female
304730,-,-,-,-,2020,PHYSICS,F,CHEMISTRY,F,BIOLOGY,F,032,S,new,5,June,2001,female
134638,-,-.5710,-,-,2020,AGRICULTURAL SCIENCE,F,GEOGRAPHY,S,ISLAMIC CIVILIZATION,S,030,F,new,17,February,2001,female
67465,PHYSICAL SCIENCE,1.5954,133 (NEW),2555 (NEW),2020,PHYSICS,B,CHEMISTRY,B,COMBINED MATHEMATICS,A,Absent,Absent,new,17,October,2000,male
301730,-,-.6408,-,-,2020,AGRICULTURAL SCIENCE,F,BIO SYSTEMS TECHNOLOGY,S,SCIENCE FOR TECHNOLOGY,S,042,F,new,2,March,2001,male
252678,-,-,-,-,2020,HOME ECONOMICS,Absent,ISLAM,Absent,TAMIL,Absent,Absent,Absent,new,16,May,1989,female
7071,COMMERCE,1.1633,1718 (NEW),7994 (NEW),2020,ECONOMICS,B,BUSINESS STUDIES,B,ACCOUNTING,B,066,C,new,2,July,2001,male
256047,-,-.4610,-,-,2020,PHYSICS,S,CHEMISTRY,S,COMBINED MATHEMATICS,F,064,S,new,15,February,2001,male
226841,-,-,-,-,2020,ECONOMICS,F,BUSINESS STUDIES,F,ACCOUNTING,F,028,S,new,21,December,2001,male
197988,ARTS,-.1505,1261 (NEW),58562 (NEW),2020,HISTORY OF SRI LANKA & INDIA,C,BUDDHIST CIVILIZATION,S,SINHALA,C,038,F,new,18,May,2001,female
55057,-,-,-,-,2020,POLITICAL SCIENCE,F,COMMUNICATION & MEDIA STUDIES,F,CHRISTIANITY,F,032,F,new,19,March,2001,male
315967,BIOSYSTEMS TECHNOLOGY,.0758,24 (OLD),356 (OLD),2020,COMMUNICATION & MEDIA STUDIES,S,BIO SYSTEMS TECHNOLOGY,S,SCIENCE FOR TECHNOLOGY,S,040,S,old,20,March,1999,male
323443,BIOLOGICAL SCIENCE,.6497,246 (OLD),2452 (OLD),2020,CHEMISTRY,C,AGRICULTURAL SCIENCE,B,BIOLOGY,C,043,S,old,31,August,1999,female
85151,BIOLOGICAL SCIENCE,.1853,1059 (NEW),14667 (NEW),2020,PHYSICS,S,CHEMISTRY,S,BIOLOGY,C,046,S,new,22,January,2002,female
226434,COMMERCE,.5264,1160 (NEW),18307 (NEW),2020,ECONOMICS,B,BUSINESS STUDIES,C,ACCOUNTING,S,050,F,new,6,December,2000,female
232967,ARTS,.3693,2494 (NEW),39038 (NEW),2020,GEOGRAPHY,C,DRAMA AND THEATRE (SINHALA),C,SINHALA,C,040,F,new,21,January,2001,female
103589,ARTS,.1808,2148 (NEW),46285 (NEW),2020,GEOGRAPHY,C,BUDDHIST CIVILIZATION,S,SINHALA,C,038,F,new,22,January,2000,female
36889,BIOLOGICAL SCIENCE,.5890,876 (NEW),10031 (NEW),2020,PHYSICS,S,CHEMISTRY,C,BIOLOGY,C,066,B,new,7,September,2001,female
286452,-,-,-,-,2020,GEOGRAPHY,Absent,ISLAMIC CIVILIZATION,Absent,TAMIL,Absent,Absent,Absent,new,15,August,1985,male
152817,COMMERCE,-.0711,2013 (NEW),29818 (NEW),2020,ECONOMICS,C,BUSINESS STUDIES,C,ACCOUNTING,S,054,F,new,17,June,2001,male
267517,COMMERCE,-.0319,545 (NEW),29004 (NEW),2020,ECONOMICS,C,BUSINESS STUDIES,C,ACCOUNTING,S,050,S,new,8,March,2001,female
26791,-,-,-,-,2020,ECONOMICS,Absent,BUSINESS STUDIES,Absent,ACCOUNTING,Absent,Absent,Absent,new,29,January,2001,female
37704,ARTS,1.5815,323 (NEW),3885 (NEW),2020,GEOGRAPHY,A,LOGIC & SCIENTIFIC METHOD,B,SINHALA,A,044,C,new,30,July,2001,female
302883,ARTS,-.0827,1579 (NEW),56177 (NEW),2020,GEOGRAPHY,S,HINDUISM,C,TAMIL,C,030,F,new,29,May,2001,male
75309,-,-,-,-,2020,PHYSICS,F,CHEMISTRY,S,BIOLOGY,F,058,S,new,29,October,2001,male
26355,-,-.0294,-,-,2020,INFORMATION & COMMUNICATION TECHNOLOGY,F,COMMUNICATION & MEDIA STUDIES,S,ART,C,034,S,new,14,July,2001,male
141681,-,-,-,-,2020,GEOGRAPHY,Absent,DANCING(INDIGENOUS),Absent,SINHALA,Absent,044,Absent,new,14,February,2000,female
282712,-,-.1269,-,-,2020,LOGIC & SCIENTIFIC METHOD,F,HINDU CIVILIZATION,C,DRAMA AND THEATRE (TAMIL),B,032,F,new,7,November,2000,female
46554,-,-,-,-,2020,PHYSICS,F,CHEMISTRY,F,COMBINED MATHEMATICS,F,058,S,new,18,April,2001,female
98581,PHYSICAL SCIENCE,.2588,839 (NEW),13556 (NEW),2020,PHYSICS,S,CHEMISTRY,C,COMBINED MATHEMATICS,C,068,B,new,20,August,2001,female
226701,ARTS,.3522,2563 (NEW),39713 (NEW),2020,GEOGRAPHY,S,POLITICAL SCIENCE,C,TAMIL,C,042,S,new,8,June,2001,male
289600,-,-.4910,-,-,2020,PHYSICS,F,COMBINED MATHEMATICS,S,INFORMATION & COMMUNICATION TECHNOLOGY,S,052,C,new,4,November,1999,male
238859,ARTS,-.2532,2026 (NEW),61962 (NEW),2020,GEOGRAPHY,S,POLITICAL SCIENCE,S,TAMIL,C,052,F,new,11,December,2000,female
226731,-,-,-,-,2020,GEOGRAPHY,F,POLITICAL SCIENCE,F,TAMIL,C,056,S,new,14,July,2001,male
186116,-,-,-,-,2020,POLITICAL SCIENCE,F,COMMUNICATION & MEDIA STUDIES,F,SINHALA,F,032,F,new,16,July,2000,female
68629,COMMERCE,-.1480,2106 (NEW),31420 (NEW),2020,ECONOMICS,S,BUSINESS STUDIES,C,ACCOUNTING,S,044,S,new,22,December,2001,male
69356,-,-,-,-,2020,POLITICAL SCIENCE,F,HISTORY OF SRI LANKA & INDIA,S,BUDDHIST CIVILIZATION,F,032,F,new,22,February,2001,male
168331,ARTS,.3111,4510 (NEW),41241 (NEW),2020,POLITICAL SCIENCE,C,COMMUNICATION & MEDIA STUDIES,C,SINHALA,C,042,S,new,21,October,2001,male
78230,-,-.6768,-,-,2020,PHYSICS,S,CHEMISTRY,F,BIOLOGY,S,064,A,new,7,April,2001,female
107715,-,-.6906,-,-,2020,COMMUNICATION & MEDIA STUDIES,S,DANCING(INDIGENOUS),F,SINHALA,C,024,F,new,6,March,2001,female
175747,-,-,-,-,2020,PHYSICS,F,CHEMISTRY,S,BIOLOGY,F,064,B,new,3,December,2001,female
164266,ENGINEERING TECHNOLOGY,-.4613,1085 (NEW),11844 (NEW),2020,INFORMATION & COMMUNICATION TECHNOLOGY,S,ENGINEERING TECHNOLOGY,S,SCIENCE FOR TECHNOLOGY,S,042,F,new,22,November,2000,male
263166,-,-,-,-,2020,ECONOMICS,F,BUSINESS STUDIES,S,ACCOUNTING,F,016,F,new,29,October,2001,male
298906,-,-.7955,-,-,2020,AGRICULTURAL SCIENCE,S,BIO SYSTEMS TECHNOLOGY,S,SCIENCE FOR TECHNOLOGY,F,034,F,new,2,April,2001,female
192452,COMMERCE,.5663,621 (NEW),17613 (NEW),2020,ECONOMICS,C,BUSINESS STUDIES,C,ACCOUNTING,C,042,S,new,16,September,2001,female
99584,-,-,-,-,2020,ECONOMICS,F,BUSINESS STUDIES,F,ACCOUNTING,F,046,F,new,5,January,2002,male
212165,COMMERCE,.0960,1767 (NEW),26477 (NEW),2020,ECONOMICS,C,BUSINESS STUDIES,S,ACCOUNTING,C,044,C,new,29,April,2001,male
295591,-,-,-,-,2020,PHYSICS,F,CHEMISTRY,S,BIOLOGY,F,048,C,new,23,October,2001,female
273011,ARTS,.4055,1298 (NEW),37675 (NEW),2020,MATHEMATICS,C,POLITICAL SCIENCE,S,ISLAM,C,038,F,new,7,January,2002,female
112890,-,-,-,-,2020,INFORMATION & COMMUNICATION TECHNOLOGY,Absent,ENGINEERING TECHNOLOGY,Absent,SCIENCE FOR TECHNOLOGY,Absent,Absent,Absent,new,6,September,1998,female
284210,-,-.3686,-,-,2020,INFORMATION & COMMUNICATION TECHNOLOGY,F,GEOGRAPHY,S,SINHALA,C,038,F,new,29,April,2001,female
113568,-,-,-,-,2020,GEOGRAPHY,F,POLITICAL SCIENCE,F,SINHALA,S,026,F,new,26,January,2002,male
179744,-,-,-,-,2020,COMMUNICATION & MEDIA STUDIES,Absent,BUDDHIST CIVILIZATION,Absent,SINHALA,Absent,Absent,Absent,new,Invalid nic error,Invalid nic error,Invalid nic error,
131974,ARTS,1.3172,651 (NEW),8748 (NEW),2020,FOOD TECHNOLOGY,C,GEOGRAPHY,B,COMMUNICATION & MEDIA STUDIES,A,038,F,new,10,April,2000,female
75796,PHYSICAL SCIENCE,-.4420,1289 (NEW),20682 (NEW),2020,PHYSICS,S,CHEMISTRY,S,COMBINED MATHEMATICS,S,056,F,new,12,September,2001,male
124744,ENGINEERING TECHNOLOGY,.9300,219 (NEW),2931 (NEW),2020,INFORMATION & COMMUNICATION TECHNOLOGY,C,ENGINEERING TECHNOLOGY,C,SCIENCE FOR TECHNOLOGY,C,052,C,new,29,April,2001,male
294454,-,-,-,-,2020,GEOGRAPHY,F,HINDU CIVILIZATION,F,TAMIL,S,022,F,new,22,February,2001,male
31372,ENGINEERING TECHNOLOGY,.1197,932 (NEW),7832 (NEW),2020,INFORMATION & COMMUNICATION TECHNOLOGY,S,ENGINEERING TECHNOLOGY,S,SCIENCE FOR TECHNOLOGY,C,Absent,Absent,new,23,April,2000,male
140917,PHYSICAL SCIENCE,.1660,593 (NEW),14652 (NEW),2020,PHYSICS,S,CHEMISTRY,S,COMBINED MATHEMATICS,S,048,C,new,5,February,1999,female
222910,BIOLOGICAL SCIENCE,.6547,724 (NEW),9317 (NEW),2020,PHYSICS,C,CHEMISTRY,C,BIOLOGY,C,054,B,new,21,June,2000,female
83911,-,-.5629,-,-,2020,ECONOMICS,F,BUSINESS STUDIES,C,ACCOUNTING,S,Absent,Absent,new,16,August,2000,male
58509,BIOLOGICAL SCIENCE,-.1874,1666 (NEW),19131 (NEW),2020,PHYSICS,S,CHEMISTRY,S,BIOLOGY,S,Absent,S,new,5,November,1999,female
69437,-,-,-,-,2020,GEOGRAPHY,F,POLITICAL SCIENCE,F,SINHALA,F,028,F,new,21,June,2001,male
295661,ARTS,.7114,186 (NEW),26439 (NEW),2020,GEOGRAPHY,C,HINDU CIVILIZATION,C,TAMIL,B,036,F,new,6,June,2001,female
300807,-,-,-,-,2020,PHYSICS,F,CHEMISTRY,F,BIOLOGY,F,034,S,new,5,March,2000,female
226643,ARTS,.2327,2895 (NEW),44277 (NEW),2020,INFORMATION & COMMUNICATION TECHNOLOGY,S,GEOGRAPHY,C,TAMIL,B,046,F,new,29,January,2002,female
55613,COMMERCE,.8277,1490 (NEW),13153 (NEW),2020,ECONOMICS,C,BUSINESS STUDIES,C,ACCOUNTING,B,042,F,new,11,December,2001,female
220676,ARTS,.0152,3557 (NEW),52509 (NEW),2020,LOGIC & SCIENTIFIC METHOD,C,HISTORY OF SRI LANKA & EUROPE,S,SINHALA,B,032,S,new,1,August,2001,male
183538,-,-.3341,-,-,2020,PHYSICS,S,CHEMISTRY,F,BIOLOGY,S,052,C,new,25,November,2000,female
280741,-,-1.0162,-,-,2020,ECONOMICS,F,POLITICAL SCIENCE,S,ISLAMIC CIVILIZATION,S,014,F,new,17,March,2001,male
47311,COMMERCE,-.0173,3440 (NEW),28715 (NEW),2020,ECONOMICS,C,BUSINESS STUDIES,S,ACCOUNTING,S,Absent,F,new,28,December,2000,female
289506,BIOLOGICAL SCIENCE,.2830,102 (NEW),13462 (NEW),2020,PHYSICS,S,CHEMISTRY,C,BIOLOGY,C,060,C,new,20,October,2001,male
129013,ENGINEERING TECHNOLOGY,-.2568,719 (NEW),10750 (NEW),2020,INFORMATION & COMMUNICATION TECHNOLOGY,S,ENGINEERING TECHNOLOGY,S,SCIENCE FOR TECHNOLOGY,S,024,F,new,3,April,2000,male
323026,BIOLOGICAL SCIENCE,.9954,172 (OLD),1636 (OLD),2020,PHYSICS,C,CHEMISTRY,C,BIOLOGY,B,Absent,Absent,old,27,December,1999,female
142696,ENGINEERING TECHNOLOGY,.1727,333 (NEW),7433 (NEW),2020,INFORMATION & COMMUNICATION TECHNOLOGY,C,ENGINEERING TECHNOLOGY,S,SCIENCE FOR TECHNOLOGY,S,062,S,new,10,March,2001,male
264709,ARTS,.0256,1852 (NEW),52129 (NEW),2020,POLITICAL SCIENCE,C,HISTORY OF SRI LANKA & EUROPE,C,SINHALA,C,040,F,new,11,May,2001,male
133334,ARTS,.9003,1362 (NEW),20114 (NEW),2020,POLITICAL SCIENCE,B,COMMUNICATION & MEDIA STUDIES,C,SINHALA,B,036,Absent,new,26,October,2000,female
56018,BIOSYSTEMS TECHNOLOGY,-.1785,431 (NEW),6358 (NEW),2020,AGRICULTURAL SCIENCE,S,BIO SYSTEMS TECHNOLOGY,S,SCIENCE FOR TECHNOLOGY,S,040,F,new,15,July,2001,male
263055,-,-,-,-,2020,AGRICULTURAL SCIENCE,Absent,GEOGRAPHY,Absent,POLITICAL SCIENCE,Absent,Absent,Absent,new,16,March,2001,male
127518,-,-.6543,-,-,2020,AGRICULTURAL SCIENCE,F,BIO SYSTEMS TECHNOLOGY,S,SCIENCE FOR TECHNOLOGY,S,026,F,new,14,July,2001,female
250092,COMMERCE,-.0710,1100 (NEW),29814 (NEW),2020,ECONOMICS,S,BUSINESS STUDIES,C,ACCOUNTING,S,042,F,new,17,March,2001,female
230658,ARTS,-.1473,4028 (NEW),58451 (NEW),2020,GEOGRAPHY,S,POLITICAL SCIENCE,S,ISLAM,C,040,S,new,5,July,2001,female
223584,PHYSICAL SCIENCE,2.2673,31 (NEW),405 (NEW),2020,PHYSICS,A,CHEMISTRY,A,COMBINED MATHEMATICS,A,076,A,new,29,November,2000,male
122224,-,-,-,-,2020,PHYSICS,F,CHEMISTRY,F,COMBINED MATHEMATICS,F,054,S,new,11,February,2001,male
110774,ARTS,-.1144,1999 (NEW),57334 (NEW),2020,COMMUNICATION & MEDIA STUDIES,S,BUDDHIST CIVILIZATION,C,ART,S,032,F,new,1,September,2000,female
32001,ARTS,1.4465,558 (NEW),6065 (NEW),2020,GEOGRAPHY,B,HISTORY OF SRI LANKA & INDIA,A,COMMUNICATION & MEDIA STUDIES,B,030,F,new,21,November,2001,female
51116,ARTS,-.0437,4234 (NEW),54700 (NEW),2020,GEOGRAPHY,S,COMMUNICATION & MEDIA STUDIES,S,SINHALA,C,036,S,new,11,July,2001,female
178808,ARTS,1.6054,109 (NEW),3579 (NEW),2020,POLITICAL SCIENCE,A,CHRISTIANITY,A,SINHALA,B,036,F,new,29,May,2001,female
195403,-,-,-,-,2020,GEOGRAPHY,Absent,HISTORY OF SRI LANKA & EUROPE,Absent,TAMIL,Absent,038,Absent,new,5,May,2000,female
70537,ARTS,.8115,1347 (NEW),23050 (NEW),2020,HISTORY OF SRI LANKA & INDIA,A,ORIENTAL MUSIC,B,SINHALA,B,026,F,new,23,December,2001,female
253611,ARTS,1.1828,540 (NEW),11951 (NEW),2020,GEOGRAPHY,B,POLITICAL SCIENCE,B,LOGIC & SCIENTIFIC METHOD,C,048,S,new,30,August,2000,female
242649,ARTS,1.4712,74 (NEW),5618 (NEW),2020,GEOGRAPHY,A,POLITICAL SCIENCE,A,TAMIL,B,046,S,new,6,January,2002,female
74653,-,-.4608,-,-,2020,POLITICAL SCIENCE,S,LOGIC & SCIENTIFIC METHOD,F,SINHALA,C,058,F,new,27,August,2001,male
56280,COMMERCE,1.4435,467 (NEW),4372 (NEW),2020,ECONOMICS,A,BUSINESS STUDIES,B,ACCOUNTING,A,052,B,new,12,October,2001,female
7117,COMMERCE,1.0893,1893 (NEW),9072 (NEW),2020,INFORMATION & COMMUNICATION TECHNOLOGY,C,BUSINESS STUDIES,B,ACCOUNTING,B,068,B,new,30,November,2001,male
124181,-,-,-,-,2020,INFORMATION & COMMUNICATION TECHNOLOGY,Absent,ENGINEERING TECHNOLOGY,Absent,SCIENCE FOR TECHNOLOGY,Absent,Absent,Absent,new,25,March,2000,male
120651,-,-,-,-,2020,PHYSICS,F,CHEMISTRY,S,BIOLOGY,F,040,S,new,29,April,2001,female
45466,-,-,-,-,2020,ECONOMICS,F,BUSINESS STUDIES,S,ACCOUNTING,F,032,S,new,5,October,2001,female
287104,COMMERCE,1.1090,98 (NEW),8757 (NEW),2020,ECONOMICS,B,BUSINESS STUDIES,C,ACCOUNTING,A,056,F,new,30,January,2002,male
222212,ARTS,.3068,2700 (NEW),41413 (NEW),2020,GEOGRAPHY,C,POLITICAL SCIENCE,C,SINHALA,C,034,F,new,26,April,2001,female
112028,ARTS,1.6902,77 (NEW),2576 (NEW),2020,GEOGRAPHY,A,ART,A,SINHALA,A,044,S,new,8,July,2001,female
17459,COMMERCE,-.0285,5406 (NEW),28936 (NEW),2020,ECONOMICS,S,BUSINESS STUDIES,S,ACCOUNTING,C,042,C,new,28,June,2001,male
81925,COMMERCE,1.6230,215 (NEW),2622 (NEW),2020,ECONOMICS,A,BUSINESS STUDIES,A,ACCOUNTING,B,052,S,new,13,May,2001,female
15392,-,-,-,-,2020,ECONOMICS,F,BUSINESS STUDIES,F,ACCOUNTING,F,048,C,new,13,November,2001,female
5448,ARTS,-.0669,3643 (NEW),55608 (NEW),2020,POLITICAL SCIENCE,S,LOGIC & SCIENTIFIC METHOD,S,COMMUNICATION & MEDIA STUDIES,C,056,A,new,22,January,2002,male
301532,BIOLOGICAL SCIENCE,.5190,491 (NEW),10759 (NEW),2020,PHYSICS,C,CHEMISTRY,C,BIOLOGY,C,050,A,new,23,June,2000,female
286314,BIOLOGICAL SCIENCE,.6667,128 (NEW),9171 (NEW),2020,PHYSICS,S,CHEMISTRY,B,BIOLOGY,C,066,B,new,11,August,2001,male
68144,PHYSICAL SCIENCE,.2666,843 (NEW),13469 (NEW),2020,PHYSICS,S,CHEMISTRY,C,COMBINED MATHEMATICS,S,Absent,S,new,24,January,2001,female
74375,COMMERCE,.3443,1486 (NEW),21675 (NEW),2020,ECONOMICS,B,BUSINESS STUDIES,S,ACCOUNTING,C,052,F,new,17,November,2001,female
32053,BIOSYSTEMS TECHNOLOGY,1.2291,108 (NEW),1135 (NEW),2020,AGRICULTURAL SCIENCE,B,BIO SYSTEMS TECHNOLOGY,C,SCIENCE FOR TECHNOLOGY,C,040,S,new,27,March,2001,female
290763,ARTS,.1091,425 (NEW),49036 (NEW),2020,GEOGRAPHY,C,ART,C,TAMIL,S,042,F,new,28,May,2001,female
318990,BIOLOGICAL SCIENCE,.9190,28 (OLD),1794 (OLD),2020,PHYSICS,C,CHEMISTRY,C,BIOLOGY,A,058,A,old,26,March,1999,female
314029,-,-,-,-,2020,POLITICAL SCIENCE,Absent,BUDDHIST CIVILIZATION,Absent,SINHALA,Absent,Absent,Absent,old,26,May,1998,female
295837,ARTS,.2740,306 (NEW),42713 (NEW),2020,HISTORY OF SRI LANKA & EUROPE,C,ART,B,TAMIL,C,034,F,new,14,August,2000,female
162102,NON,-.4549,-,-,2020,BUDDHIST CIVILIZATION,S,ORIENTAL MUSIC,C,SINHALA,S,Absent,Absent,new,23,May,1976,female
118226,ARTS,.8480,802 (NEW),21837 (NEW),2020,POLITICAL SCIENCE,C,BUDDHIST CIVILIZATION,B,SINHALA,B,032,S,new,21,March,2000,female
16125,COMMERCE,.8194,2627 (NEW),13313 (NEW),2020,ECONOMICS,A,BUSINESS STUDIES,B,ACCOUNTING,C,054,A,new,6,April,2001,female
143052,-,-,-,-,2020,PHYSICS,F,CHEMISTRY,F,BIOLOGY,F,058,S,new,30,October,2000,female
8921,ARTS,.5716,2108 (NEW),31417 (NEW),2020,POLITICAL SCIENCE,B,LOGIC & SCIENTIFIC METHOD,C,SINHALA,C,042,S,new,9,December,2001,female
66180,PHYSICAL SCIENCE,.9451,386 (NEW),6774 (NEW),2020,PHYSICS,C,CHEMISTRY,C,COMBINED MATHEMATICS,B,070,B,new,28,November,2000,male
71566,BIOLOGICAL SCIENCE,.0707,937 (NEW),16076 (NEW),2020,PHYSICS,C,CHEMISTRY,S,BIOLOGY,S,072,C,new,25,August,2001,male
67785,BIOLOGICAL SCIENCE,.5093,637 (NEW),10863 (NEW),2020,PHYSICS,S,CHEMISTRY,C,BIOLOGY,C,Absent,Absent,new,2,September,2000,female
153526,ARTS,.8710,2293 (NEW),21056 (NEW),2020,INFORMATION & COMMUNICATION TECHNOLOGY,C,HISTORY OF SRI LANKA & INDIA,C,CHRISTIANITY,A,056,C,new,2,August,2001,male
244183,NON,.6495,-,-,2020,PHYSICS,S,COMBINED MATHEMATICS,S,INFORMATION & COMMUNICATION TECHNOLOGY,B,068,B,new,22,April,2000,male
109586,-,-.0417,-,-,2020,INFORMATION & COMMUNICATION TECHNOLOGY,F,BIO SYSTEMS TECHNOLOGY,S,SCIENCE FOR TECHNOLOGY,C,044,S,new,23,June,2001,female
273686,ARTS,.0002,1894 (NEW),53084 (NEW),2020,POLITICAL SCIENCE,S,COMMUNICATION & MEDIA STUDIES,S,ISLAM,C,052,Absent,new,31,July,1994,male
286889,PHYSICAL SCIENCE,-.1823,196 (NEW),18692 (NEW),2020,PHYSICS,S,CHEMISTRY,S,COMBINED MATHEMATICS,S,038,F,new,19,May,2000,male
76376,ARTS,1.2680,611 (NEW),9888 (NEW),2020,GEOGRAPHY,B,HOME ECONOMICS,B,ISLAM,A,056,S,new,7,June,2001,female
329983,-,-,-,-,2020,HOME ECONOMICS,Absent,BUDDHIST CIVILIZATION,Absent,SINHALA,Absent,Absent,Absent,old,16,February,1997,male
231852,-,-,-,-,2020,GEOGRAPHY,Absent,BUDDHIST CIVILIZATION,Absent,SINHALA,Absent,Absent,Absent,new,21,November,1998,male
151827,-,-,-,-,2020,INFORMATION & COMMUNICATION TECHNOLOGY,S,BUSINESS STUDIES,F,ACCOUNTING,F,032,A,new,16,October,2001,male
230267,ARTS,1.0597,924 (NEW),15300 (NEW),2020,GEOGRAPHY,C,COMMUNICATION & MEDIA STUDIES,B,SINHALA,A,044,S,new,19,December,2001,female
176514,ARTS,.8663,709 (NEW),21200 (NEW),2020,POLITICAL SCIENCE,C,CHRISTIANITY,B,SINHALA,B,038,F,new,14,March,2001,female
109998,ARTS,1.5929,113 (NEW),3749 (NEW),2020,GEOGRAPHY,A,BUDDHIST CIVILIZATION,A,SINHALA,B,038,F,new,15,May,2001,female
34659,PHYSICAL SCIENCE,.8917,671 (NEW),7234 (NEW),2020,PHYSICS,C,CHEMISTRY,C,COMBINED MATHEMATICS,C,052,A,new,8,April,2001,female
166940,NON,-.6669,-,-,2020,ISLAM,S,ART,S,CHINESE,S,028,B,new,27,June,2001,female
149955,ARTS,.1767,5019 (NEW),46453 (NEW),2020,INFORMATION & COMMUNICATION TECHNOLOGY,S,GEOGRAPHY,C,SINHALA,B,038,B,new,7,December,2000,male
269102,ENGINEERING TECHNOLOGY,-.3063,345 (NEW),11084 (NEW),2020,INFORMATION & COMMUNICATION TECHNOLOGY,S,ENGINEERING TECHNOLOGY,S,SCIENCE FOR TECHNOLOGY,S,Absent,Absent,new,28,April,2000,male
189215,ARTS,1.6004,201 (NEW),3658 (NEW),2020,GEOGRAPHY,A,BUDDHIST CIVILIZATION,A,SINHALA,B,052,F,new,14,March,2001,female
273404,-,-,-,-,2020,COMMUNICATION & MEDIA STUDIES,S,ENGINEERING TECHNOLOGY,F,SCIENCE FOR TECHNOLOGY,F,034,F,new,12,March,2001,male
70059,-,-.2270,-,-,2020,POLITICAL SCIENCE,F,COMMUNICATION & MEDIA STUDIES,S,SINHALA,C,040,F,new,3,January,2002,female
75485,-,-.5107,-,-,2020,INFORMATION & COMMUNICATION TECHNOLOGY,F,ENGINEERING TECHNOLOGY,S,SCIENCE FOR TECHNOLOGY,S,046,F,new,27,April,2001,male
108334,PHYSICAL SCIENCE,.9259,305 (NEW),6954 (NEW),2020,PHYSICS,C,CHEMISTRY,C,COMBINED MATHEMATICS,B,046,S,new,11,October,2001,female
292783,-,-,-,-,2020,POLITICAL SCIENCE,Absent,HISTORY OF SRI LANKA & EUROPE,Absent,TAMIL,Absent,Absent,Absent,new,20,March,2000,female
211076,BIOLOGICAL SCIENCE,1.6068,176 (NEW),2443 (NEW),2020,PHYSICS,B,CHEMISTRY,A,BIOLOGY,B,062,A,new,2,November,2001,female
41246,ARTS,.3448,3084 (NEW),39969 (NEW),2020,HOME ECONOMICS,C,BUDDHIST CIVILIZATION,C,SINHALA,C,022,F,new,23,October,2001,female
298107,COMMERCE,-.3445,650 (NEW),35197 (NEW),2020,ECONOMICS,S,BUSINESS STUDIES,C,ACCOUNTING,S,052,F,new,9,April,2001,female
19532,-,-,-,-,2020,ECONOMICS,Absent,BUSINESS STUDIES,Absent,ACCOUNTING,Absent,Absent,Absent,new,27,October,2003,female
241355,ARTS,-.2557,2032 (NEW),62044 (NEW),2020,COMMUNICATION & MEDIA STUDIES,S,DANCING(INDIGENOUS),S,SINHALA,B,040,F,new,14,February,2001,female
84026,-,-,-,-,2020,PHYSICS,F,CHEMISTRY,F,COMBINED MATHEMATICS,S,060,S,new,28,July,2001,female
87822,COMMERCE,.0639,1737 (NEW),27120 (NEW),2020,ECONOMICS,C,BUSINESS STUDIES,C,ACCOUNTING,C,Absent,S,new,7,May,2000,female
334400,PHYSICAL SCIENCE,.1549,2 (OLD),1090 (OLD),2020,PHYSICS,S,CHEMISTRY,S,COMBINED MATHEMATICS,C,052,S,old,14,March,1999,male
25671,ARTS,.2015,2984 (NEW),45487 (NEW),2020,HOME ECONOMICS,C,COMMUNICATION & MEDIA STUDIES,S,SINHALA,B,030,F,new,30,December,2001,female
19024,-,-,-,-,2020,POLITICAL SCIENCE,F,COMMUNICATION & MEDIA STUDIES,F,SINHALA,S,026,F,new,9,December,2001,female
51208,PHYSICAL SCIENCE,.2248,1367 (NEW),13960 (NEW),2020,PHYSICS,C,CHEMISTRY,S,COMBINED MATHEMATICS,S,Absent,S,new,12,April,2000,male
270516,-,-,-,-,2020,INFORMATION & COMMUNICATION TECHNOLOGY,Absent,ENGINEERING TECHNOLOGY,Absent,SCIENCE FOR TECHNOLOGY,Absent,Absent,Absent,new,Invalid nic error,Invalid nic error,Invalid nic error,
316322,-,-,-,-,2020,CHEMISTRY,F,AGRICULTURAL SCIENCE,S,BIOLOGY,F,048,S,old,7,November,1999,female
245987,-,-.6065,-,-,2020,PHYSICS,F,CHEMISTRY,S,COMBINED MATHEMATICS,S,038,F,new,6,January,2002,female
289807,COMMERCE,-.3493,189 (NEW),35279 (NEW),2020,ECONOMICS,C,BUSINESS STUDIES,S,ACCOUNTING,S,056,F,new,18,July,2001,male
291186,BIOSYSTEMS TECHNOLOGY,.3266,15 (NEW),4157 (NEW),2020,AGRICULTURAL SCIENCE,S,BIO SYSTEMS TECHNOLOGY,S,SCIENCE FOR TECHNOLOGY,S,048,F,new,10,September,2001,male
161766,-,-,-,-,2020,COMMUNICATION & MEDIA STUDIES,Absent,BUDDHIST CIVILIZATION,Absent,SINHALA,Absent,Absent,Absent,new,2,June,2001,male
105297,ARTS,.4668,1734 (NEW),35358 (NEW),2020,GEOGRAPHY,B,COMMUNICATION & MEDIA STUDIES,C,SINHALA,C,026,F,new,23,January,2000,female
159944,ARTS,.3074,4522 (NEW),41386 (NEW),2020,HOME ECONOMICS,C,COMMUNICATION & MEDIA STUDIES,C,SINHALA,C,032,F,new,22,November,2001,female
314816,BIOLOGICAL SCIENCE,.8791,56 (OLD),1878 (OLD),2020,PHYSICS,C,CHEMISTRY,B,BIOLOGY,C,063,Absent,old,25,November,1999,female
43427,-,-,-,-,2020,INFORMATION & COMMUNICATION TECHNOLOGY,F,ENGINEERING TECHNOLOGY,F,SCIENCE FOR TECHNOLOGY,S,068,C,new,14,January,2002,male
89522,ARTS,.7999,1466 (NEW),23444 (NEW),2020,POLITICAL SCIENCE,B,BUDDHIST CIVILIZATION,B,SINHALA,C,032,F,new,30,September,2001,female
287748,PHYSICAL SCIENCE,.8735,75 (NEW),7398 (NEW),2020,PHYSICS,C,CHEMISTRY,B,COMBINED MATHEMATICS,C,060,F,new,31,October,2000,male
322757,BIOLOGICAL SCIENCE,.0030,423 (OLD),4281 (OLD),2020,CHEMISTRY,S,AGRICULTURAL SCIENCE,C,BIOLOGY,C,Absent,Absent,old,22,March,1999,female
77068,ENGINEERING TECHNOLOGY,1.1342,131 (NEW),2191 (NEW),2020,INFORMATION & COMMUNICATION TECHNOLOGY,B,ENGINEERING TECHNOLOGY,C,SCIENCE FOR TECHNOLOGY,C,046,S,new,20,March,2001,male
260674,-,-.3505,-,-,2020,AGRICULTURAL SCIENCE,S,BIO SYSTEMS TECHNOLOGY,S,SCIENCE FOR TECHNOLOGY,F,028,F,new,17,August,2001,female
122762,ARTS,.0601,3040 (NEW),50877 (NEW),2020,HISTORY OF SRI LANKA & INDIA,C,HOME ECONOMICS,C,CHRISTIANITY,C,050,S,new,2,January,2002,female
142785,BIOSYSTEMS TECHNOLOGY,1.4576,47 (NEW),721 (NEW),2020,AGRICULTURAL SCIENCE,C,BIO SYSTEMS TECHNOLOGY,B,SCIENCE FOR TECHNOLOGY,B,044,S,new,13,October,2001,female
183056,COMMERCE,.2240,861 (NEW),23960 (NEW),2020,ECONOMICS,C,BUSINESS STUDIES,C,ACCOUNTING,C,046,F,new,30,June,2001,male
121717,ARTS,.3037,2538 (NEW),41544 (NEW),2020,GEOGRAPHY,C,HISTORY OF SRI LANKA & INDIA,C,HOME ECONOMICS,C,030,Absent,new,13,February,2001,female
262992,BIOSYSTEMS TECHNOLOGY,1.0477,42 (NEW),1598 (NEW),2020,INFORMATION & COMMUNICATION TECHNOLOGY,C,BIO SYSTEMS TECHNOLOGY,B,SCIENCE FOR TECHNOLOGY,C,040,F,new,16,July,2000,female
295372,COMMERCE,.1428,96 (NEW),25537 (NEW),2020,ECONOMICS,C,BUSINESS STUDIES,C,ACCOUNTING,S,032,F,new,5,March,1999,male
288421,BIOLOGICAL SCIENCE,.7680,111 (NEW),8214 (NEW),2020,PHYSICS,C,CHEMISTRY,C,BIOLOGY,C,056,S,new,10,December,2001,female
96475,-,-,-,-,2020,POLITICAL SCIENCE,Absent,COMMUNICATION & MEDIA STUDIES,Absent,SINHALA,Absent,Absent,Absent,new,1,October,2001,male
277474,-,-,-,-,2020,INFORMATION & COMMUNICATION TECHNOLOGY,F,ENGINEERING TECHNOLOGY,F,SCIENCE FOR TECHNOLOGY,F,030,F,new,27,April,2001,male
248868,-,-,-,-,2020,GEOGRAPHY,Absent,ENGINEERING TECHNOLOGY,Absent,SCIENCE FOR TECHNOLOGY,Absent,Absent,Absent,new,26,October,1998,male
335082,-,-,-,-,2020,GEOGRAPHY,Absent,ISLAM,Absent,ART,Absent,Absent,Absent,old,20,January,1997,male
72591,COMMERCE,.1882,1670 (NEW),24658 (NEW),2020,INFORMATION & COMMUNICATION TECHNOLOGY,C,BUSINESS STUDIES,C,ACCOUNTING,S,042,S,new,24,October,2000,male
189736,-,-,-,-,2020,POLITICAL SCIENCE,Absent,ISLAMIC CIVILIZATION,Absent,TAMIL,Absent,Absent,Absent,new,28,February,2000,female
295294,-,-,-,-,2020,PHYSICS,F,CHEMISTRY,F,BIOLOGY,F,038,F,new,23,October,2001,male
100199,ARTS,1.0996,746 (NEW),14208 (NEW),2020,COMMUNICATION & MEDIA STUDIES,B,BUDDHIST CIVILIZATION,C,SINHALA,B,Absent,S,new,2,March,2000,female
9163,-,-,-,-,2020,PHYSICS,Absent,CHEMISTRY,Absent,BIOLOGY,Absent,Absent,Absent,new,16,March,2001,female
125244,COMMERCE,.6810,834 (NEW),15644 (NEW),2020,INFORMATION & COMMUNICATION TECHNOLOGY,C,ECONOMICS,B,ACCOUNTING,C,060,S,new,30,October,2001,female
130456,ARTS,.5191,2137 (NEW),33399 (NEW),2020,POLITICAL SCIENCE,C,COMMUNICATION & MEDIA STUDIES,C,SINHALA,B,038,F,new,28,March,2001,female
13547,COMMERCE,1.4726,984 (NEW),4029 (NEW),2020,ECONOMICS,B,BUSINESS STUDIES,B,ACCOUNTING,A,062,A,new,2,November,2001,female
150106,COMMERCE,-.3249,2334 (NEW),34861 (NEW),2020,ECONOMICS,C,BUSINESS STUDIES,S,ACCOUNTING,S,048,F,new,3,January,2002,female
147152,ENGINEERING TECHNOLOGY,-.3632,556 (NEW),11407 (NEW),2020,GEOGRAPHY,C,ENGINEERING TECHNOLOGY,S,SCIENCE FOR TECHNOLOGY,S,054,F,new,15,May,2001,male
6067,PHYSICAL SCIENCE,1.3692,818 (NEW),3778 (NEW),2020,PHYSICS,C,CHEMISTRY,B,COMBINED MATHEMATICS,A,056,C,new,18,January,2002,female
240189,-,-,-,-,2020,INFORMATION & COMMUNICATION TECHNOLOGY,Absent,BIO SYSTEMS TECHNOLOGY,Absent,SCIENCE FOR TECHNOLOGY,Absent,Absent,Absent,new,Invalid nic error,Invalid nic error,Invalid nic error,
322498,ARTS,.5559,241 (OLD),2546 (OLD),2020,COMMUNICATION & MEDIA STUDIES,C,BUDDHIST CIVILIZATION,B,SINHALA,B,060,S,old,13,January,2000,female
224311,ARTS,.1474,3163 (NEW),47574 (NEW),2020,GEOGRAPHY,S,POLITICAL SCIENCE,S,SINHALA,B,036,F,new,24,August,2001,female
202570,-,-.2094,-,-,2020,GEOGRAPHY,S,BUDDHIST CIVILIZATION,F,SINHALA,B,032,F,new,1,November,1999,female
330806,-,-,-,-,2020,PHYSICS,Absent,CHEMISTRY,Absent,BIOLOGY,Absent,Absent,Absent,old,9,July,1997,female
179247,BIOSYSTEMS TECHNOLOGY,.2144,108 (NEW),4624 (NEW),2020,AGRICULTURAL SCIENCE,C,BIO SYSTEMS TECHNOLOGY,S,SCIENCE FOR TECHNOLOGY,S,042,A,new,18,October,2001,female
31641,PHYSICAL SCIENCE,-.2329,3260 (NEW),19182 (NEW),2020,PHYSICS,S,CHEMISTRY,S,COMBINED MATHEMATICS,S,068,S,new,7,August,2001,female
242494,-,-,-,-,2020,AGRICULTURAL SCIENCE,Absent,BIO SYSTEMS TECHNOLOGY,Absent,SCIENCE FOR TECHNOLOGY,Absent,Absent,Absent,new,8,October,2000,female
201052,-,-,-,-,2020,CHEMISTRY,F,AGRICULTURAL SCIENCE,S,BIOLOGY,F,032,S,new,14,June,2001,female
208452,COMMERCE,.5735,385 (NEW),17486 (NEW),2020,INFORMATION & COMMUNICATION TECHNOLOGY,C,BUSINESS STUDIES,C,ACCOUNTING,C,066,S,new,23,October,2001,male
189598,-,-,-,-,2020,ECONOMICS,Absent,BUSINESS STUDIES,Absent,ACCOUNTING,Absent,Absent,Absent,new,8,September,2000,male
115339,BIOLOGICAL SCIENCE,.3312,468 (NEW),12888 (NEW),2020,PHYSICS,S,CHEMISTRY,C,BIOLOGY,C,054,C,new,14,March,2001,female
266388,-,-,-,-,2020,PHYSICS,Absent,CHEMISTRY,Absent,BIOLOGY,Absent,Absent,Absent,new,3,June,2001,male
266549,-,-,-,-,2020,ECONOMICS,Absent,BUSINESS STUDIES,Absent,ACCOUNTING,Absent,Absent,Absent,new,21,October,2000,female
10347,-,-,-,-,2020,PHYSICS,Absent,CHEMISTRY,Absent,COMBINED MATHEMATICS,Absent,Absent,Absent,new,7,June,2001,male
298646,-,-.9040,-,-,2020,ECONOMICS,F,BUSINESS STUDIES,S,ACCOUNTING,S,042,F,new,3,June,2001,male
103588,-,-.5402,-,-,2020,GEOGRAPHY,F,BUDDHIST CIVILIZATION,S,SINHALA,C,030,F,new,5,June,2001,female
144745,-,-,-,-,2020,ECONOMICS,Absent,BUSINESS STUDIES,Absent,ACCOUNTING,Absent,Absent,Absent,new,24,March,2000,female
284378,-,-,-,-,2020,PHYSICS,F,CHEMISTRY,F,BIOLOGY,F,038,C,new,2,March,2001,female
4442,-,-,-,-,2020,PHYSICS,F,CHEMISTRY,S,COMBINED MATHEMATICS,F,046,C,new,24,May,2000,male
152862,-,-,-,-,2020,PHYSICS,F,CHEMISTRY,F,BIOLOGY,S,044,S,new,27,December,2001,female
181471,-,-,-,-,2020,PHYSICS,F,CHEMISTRY,F,BIOLOGY,F,060,S,new,4,September,2001,female
13372,COMMERCE,2.1058,96 (NEW),235 (NEW),2020,ECONOMICS,A,BUSINESS STUDIES,A,ACCOUNTING,A,062,A,new,2,December,2001,female
232720,-,-.6552,-,-,2020,PHYSICS,F,CHEMISTRY,S,BIOLOGY,S,046,S,new,30,March,2001,female
302762,-,-,-,-,2020,HISTORY OF SRI LANKA & EUROPE,Absent,CHRISTIANITY,Absent,CARNATIC MUSIC,Absent,042,Absent,new,3,January,2001,female
322922,BIOSYSTEMS TECHNOLOGY,1.2721,5 (OLD),46 (OLD),2020,AGRICULTURAL SCIENCE,B,BIO SYSTEMS TECHNOLOGY,C,SCIENCE FOR TECHNOLOGY,C,037,F,old,16,May,1999,female
189669,ARTS,.8064,1251 (NEW),23240 (NEW),2020,AGRICULTURAL SCIENCE,S,CHRISTIANITY,A,ORIENTAL MUSIC,A,046,F,new,30,January,2002,male
17342,-,-,-,-,2020,ECONOMICS,F,BUSINESS STUDIES,F,ACCOUNTING,F,024,F,new,19,August,2001,female
114024,-,-,-,-,2020,POLITICAL SCIENCE,Absent,BUDDHIST CIVILIZATION,Absent,SINHALA,Absent,Absent,Absent,new,17,November,2000,female
308301,BIOLOGICAL SCIENCE,-.3715,270 (OLD),5301 (OLD),2020,PHYSICS,S,CHEMISTRY,S,BIOLOGY,S,Absent,Absent,old,25,August,1999,female
85988,PHYSICAL SCIENCE,-.3587,1608 (NEW),20256 (NEW),2020,PHYSICS,S,CHEMISTRY,S,COMBINED MATHEMATICS,S,Absent,F,new,26,September,2000,female
154295,ENGINEERING TECHNOLOGY,1.6918,71 (NEW),760 (NEW),2020,GEOGRAPHY,B,ENGINEERING TECHNOLOGY,B,SCIENCE FOR TECHNOLOGY,B,058,C,new,30,November,2001,male
270609,BIOLOGICAL SCIENCE,1.1958,122 (NEW),4745 (NEW),2020,PHYSICS,B,CHEMISTRY,C,BIOLOGY,C,070,C,new,9,September,2001,male
255085,-,-.5836,-,-,2020,AGRICULTURAL SCIENCE,F,ENGINEERING TECHNOLOGY,S,SCIENCE FOR TECHNOLOGY,S,022,Absent,new,17,September,1996,male
191146,ARTS,-.3430,3378 (NEW),64691 (NEW),2020,GEOGRAPHY,S,BUDDHISM,S,SINHALA,C,034,F,new,15,June,2001,male
215807,ARTS,.5244,2106 (NEW),33184 (NEW),2020,COMMUNICATION & MEDIA STUDIES,C,BUDDHIST CIVILIZATION,C,SINHALA,B,054,S,new,16,September,2000,female
182609,-,-,-,-,2020,PHYSICS,Absent,CHEMISTRY,Absent,COMBINED MATHEMATICS,Absent,Absent,Absent,new,6,July,2001,male
284273,ARTS,-.6780,1719 (NEW),71205 (NEW),2020,GEOGRAPHY,S,DANCING(BHARATHA),C,TAMIL,S,036,F,new,27,October,2001,female
94552,-,-,-,-,2020,PHYSICS,F,CHEMISTRY,S,BIOLOGY,F,040,S,new,25,July,2000,female
158421,ARTS,-.0456,5848 (NEW),54772 (NEW),2020,POLITICAL SCIENCE,C,COMMUNICATION & MEDIA STUDIES,S,ORIENTAL MUSIC,C,022,S,new,8,February,2001,female
21214,COMMERCE,.7054,2966 (NEW),15240 (NEW),2020,ECONOMICS,B,BUSINESS STUDIES,C,ACCOUNTING,B,050,S,new,24,March,2001,female
173272,PHYSICAL SCIENCE,-.1824,1463 (NEW),18694 (NEW),2020,PHYSICS,S,CHEMISTRY,S,COMBINED MATHEMATICS,S,046,S,new,15,December,2001,female
226375,ARTS,-.3397,4546 (NEW),64590 (NEW),2020,GEOGRAPHY,S,DRAMA AND THEATRE (SINHALA),C,SINHALA,S,024,F,new,15,July,2000,female
188518,ARTS,-.0016,2793 (NEW),53136 (NEW),2020,GEOGRAPHY,C,COMMUNICATION & MEDIA STUDIES,S,SINHALA,C,044,S,new,1,March,2000,female
315279,ARTS,-.5004,187 (OLD),5495 (OLD),2020,GEOGRAPHY,S,POLITICAL SCIENCE,S,TAMIL,S,033,S,old,13,May,1998,female
206835,ARTS,.0535,1439 (NEW),51112 (NEW),2020,GEOGRAPHY,C,POLITICAL SCIENCE,S,SINHALA,C,040,F,new,20,February,2001,male
185422,-,.7159,-,-,2020,MATHEMATICS,F,ENGINEERING TECHNOLOGY,C,SCIENCE FOR TECHNOLOGY,B,044,F,new,13,December,2000,male
132364,BIOLOGICAL SCIENCE,.2103,675 (NEW),14337 (NEW),2020,PHYSICS,C,CHEMISTRY,S,BIOLOGY,S,Absent,S,new,19,January,2001,male
230519,-,-.8153,-,-,2020,INFORMATION & COMMUNICATION TECHNOLOGY,F,BIO SYSTEMS TECHNOLOGY,S,SCIENCE FOR TECHNOLOGY,S,036,C,new,12,November,2001,female
77202,-,-.5192,-,-,2020,ECONOMICS,F,BUSINESS STUDIES,C,ACCOUNTING,S,050,F,new,16,March,2001,female
222701,-,-,-,-,2020,PHYSICS,F,CHEMISTRY,F,COMBINED MATHEMATICS,F,048,C,new,20,July,2001,female
197000,-,-,-,-,2020,POLITICAL SCIENCE,Absent,BUDDHIST CIVILIZATION,Absent,SINHALA,Absent,Absent,Absent,new,10,March,2000,male
163802,ARTS,.6254,3237 (NEW),29428 (NEW),2020,ECONOMICS,C,POLITICAL SCIENCE,B,SINHALA,B,034,S,new,7,July,2001,male
52247,-,-.5510,-,-,2020,INFORMATION & COMMUNICATION TECHNOLOGY,S,ECONOMICS,C,ACCOUNTING,F,052,B,new,17,May,2001,male
160856,BIOLOGICAL SCIENCE,1.1779,350 (NEW),4895 (NEW),2020,PHYSICS,C,CHEMISTRY,C,BIOLOGY,B,064,A,new,16,January,2002,female
150647,ARTS,.8276,2483 (NEW),22500 (NEW),2020,COMMUNICATION & MEDIA STUDIES,B,FRENCH,S,JAPANESE,B,046,A,new,12,June,2001,female
198629,-,-,-,-,2020,PHYSICS,Absent,CHEMISTRY,Absent,BIOLOGY,Absent,Absent,Absent,new,25,November,2000,female
127209,-,-,-,-,2020,POLITICAL SCIENCE,Absent,BUDDHIST CIVILIZATION,Absent,SINHALA,Absent,Absent,Absent,new,24,July,2000,female
310870,-,-.5687,-,-,2020,INFORMATION & COMMUNICATION TECHNOLOGY,F,ENGINEERING TECHNOLOGY,S,SCIENCE FOR TECHNOLOGY,S,Absent,Absent,old,29,May,1997,male
172101,BIOSYSTEMS TECHNOLOGY,-.2589,636 (NEW),6651 (NEW),2020,AGRICULTURAL SCIENCE,S,BIO SYSTEMS TECHNOLOGY,S,SCIENCE FOR TECHNOLOGY,S,042,F,new,10,August,2001,male
252486,BIOSYSTEMS TECHNOLOGY,-.2600,388 (NEW),6657 (NEW),2020,AGRICULTURAL SCIENCE,S,BIO SYSTEMS TECHNOLOGY,S,SCIENCE FOR TECHNOLOGY,S,034,F,new,1,November,2001,male
145196,-,-.6165,-,-,2020,INFORMATION & COMMUNICATION TECHNOLOGY,F,ENGINEERING TECHNOLOGY,S,SCIENCE FOR TECHNOLOGY,S,036,F,new,14,February,2001,male
318533,-,-,-,-,2020,GEOGRAPHY,Absent,BUDDHIST CIVILIZATION,Absent,SINHALA,Absent,Absent,Absent,old,10,November,1999,female
124230,ENGINEERING TECHNOLOGY,.8708,238 (NEW),3210 (NEW),2020,INFORMATION & COMMUNICATION TECHNOLOGY,C,ENGINEERING TECHNOLOGY,C,SCIENCE FOR TECHNOLOGY,C,Absent,Absent,new,7,August,2000,male
285769,BIOSYSTEMS TECHNOLOGY,-.1471,113 (NEW),6226 (NEW),2020,INFORMATION & COMMUNICATION TECHNOLOGY,S,BIO SYSTEMS TECHNOLOGY,S,SCIENCE FOR TECHNOLOGY,S,046,F,new,21,December,2001,female
31867,-,-,-,-,2020,ECONOMICS,F,BUSINESS STUDIES,S,ACCOUNTING,F,054,C,new,12,November,2001,male
159453,BIOSYSTEMS TECHNOLOGY,-.0298,554 (NEW),5712 (NEW),2020,AGRICULTURAL SCIENCE,S,BIO SYSTEMS TECHNOLOGY,S,SCIENCE FOR TECHNOLOGY,S,038,F,new,31,March,2001,female
28222,-,-,-,-,2020,PHYSICS,Absent,CHEMISTRY,Absent,BIOLOGY,Absent,Absent,Absent,new,26,February,2001,male
30827,COMMERCE,.6693,3079 (NEW),15827 (NEW),2020,ECONOMICS,C,BUSINESS STUDIES,C,ACCOUNTING,A,062,F,new,22,January,2002,male
207455,BIOSYSTEMS TECHNOLOGY,1.5009,26 (NEW),667 (NEW),2020,AGRICULTURAL SCIENCE,C,BIO SYSTEMS TECHNOLOGY,C,SCIENCE FOR TECHNOLOGY,B,048,F,new,16,February,2000,female
157466,ARTS,1.9396,70 (NEW),830 (NEW),2020,ECONOMICS,A,COMMUNICATION & MEDIA STUDIES,A,SINHALA,A,068,A,new,12,October,2001,female
226217,-,-.9070,-,-,2020,INFORMATION & COMMUNICATION TECHNOLOGY,S,ENGINEERING TECHNOLOGY,F,SCIENCE FOR TECHNOLOGY,S,058,S,new,5,March,2001,male
315864,ARTS,.9137,81 (OLD),1510 (OLD),2020,GEOGRAPHY,B,HOME ECONOMICS,B,SINHALA,B,Absent,Absent,old,31,March,1999,female
281148,-,-,-,-,2020,INFORMATION & COMMUNICATION TECHNOLOGY,F,ENGINEERING TECHNOLOGY,Absent,SCIENCE FOR TECHNOLOGY,F,030,F,new,10,October,2000,male
253265,ARTS,-.3591,3227 (NEW),65097 (NEW),2020,POLITICAL SCIENCE,S,BUDDHIST CIVILIZATION,C,ORIENTAL MUSIC,S,032,F,new,21,April,1999,male
21176,NON,.5638,-,-,2020,PHYSICS,S,COMBINED MATHEMATICS,C,INFORMATION & COMMUNICATION TECHNOLOGY,C,066,S,new,24,March,2001,female
301448,PHYSICAL SCIENCE,1.9484,56 (NEW),1139 (NEW),2020,PHYSICS,A,CHEMISTRY,A,COMBINED MATHEMATICS,A,074,S,new,21,November,2001,male
273819,-,-,-,-,2020,POLITICAL SCIENCE,F,ISLAMIC CIVILIZATION,F,TAMIL,F,042,F,new,17,November,2001,female
156835,-,-.3795,-,-,2020,GEOGRAPHY,C,ISLAM,C,TAMIL,F,Absent,F,new,14,May,2000,female
158685,ARTS,.0745,5418 (NEW),50342 (NEW),2020,HOME ECONOMICS,C,BUDDHIST CIVILIZATION,C,SINHALA,C,036,F,new,14,December,2001,female
295923,ARTS,-.4291,520 (NEW),66821 (NEW),2020,GEOGRAPHY,C,DRAMA AND THEATRE (TAMIL),S,TAMIL,S,048,F,new,18,November,2001,male
27753,-,-.7037,-,-,2020,INFORMATION & COMMUNICATION TECHNOLOGY,F,ENGINEERING TECHNOLOGY,S,SCIENCE FOR TECHNOLOGY,S,036,F,new,11,September,2000,male
259085,-,-,-,-,2020,PHYSICS,F,CHEMISTRY,F,COMBINED MATHEMATICS,F,048,F,new,14,March,2001,female
146871,-,-,-,-,2020,PHYSICS,F,CHEMISTRY,F,COMBINED MATHEMATICS,F,050,F,new,21,June,2001,male
187003,COMMERCE,-.1564,1183 (NEW),31586 (NEW),2020,ECONOMICS,S,BUSINESS STUDIES,C,ACCOUNTING,S,034,F,new,20,August,2001,female
185375,BIOSYSTEMS TECHNOLOGY,2.1235,6 (NEW),123 (NEW),2020,AGRICULTURAL SCIENCE,A,BIO SYSTEMS TECHNOLOGY,B,SCIENCE FOR TECHNOLOGY,B,068,F,new,16,August,2001,male
91617,COMMERCE,1.2446,516 (NEW),6853 (NEW),2020,ECONOMICS,A,BUSINESS STUDIES,B,ACCOUNTING,B,042,S,new,24,November,2001,female
86472,COMMERCE,.3746,1388 (NEW),21107 (NEW),2020,INFORMATION & COMMUNICATION TECHNOLOGY,C,BUSINESS STUDIES,C,ACCOUNTING,C,042,S,new,24,July,2000,male
112664,-,-,-,-,2020,AGRICULTURAL SCIENCE,Absent,BUDDHIST CIVILIZATION,Absent,SINHALA,Absent,Absent,Absent,new,15,October,1997,female
20799,BIOLOGICAL SCIENCE,.0717,2441 (NEW),16060 (NEW),2020,PHYSICS,S,CHEMISTRY,S,BIOLOGY,C,Absent,S,new,10,May,2000,female
304525,-,-,-,-,2020,INFORMATION & COMMUNICATION TECHNOLOGY,Absent,BUSINESS STUDIES,Absent,ACCOUNTING,Absent,Absent,Absent,new,14,March,2000,male
65987,ARTS,.6800,1575 (NEW),27558 (NEW),2020,POLITICAL SCIENCE,C,HISTORY OF SRI LANKA & INDIA,C,BUDDHIST CIVILIZATION,B,036,F,new,23,May,2001,female
96524,PHYSICAL SCIENCE,1.6263,189 (NEW),2420 (NEW),2020,PHYSICS,B,CHEMISTRY,B,COMBINED MATHEMATICS,A,070,A,new,23,November,2001,female
152870,-,-,-,-,2020,PHYSICS,F,CHEMISTRY,F,BIOLOGY,S,044,B,new,18,October,2001,female
175346,-,-,-,-,2020,PHYSICS,F,CHEMISTRY,F,COMBINED MATHEMATICS,F,036,B,new,22,February,2001,male
239655,COMMERCE,.2606,593 (NEW),23307 (NEW),2020,ECONOMICS,C,BUSINESS STUDIES,C,ACCOUNTING,S,042,S,new,14,January,2001,female
331550,-,-,-,-,2020,PHYSICS,Absent,CHEMISTRY,Absent,COMBINED MATHEMATICS,Absent,Absent,Absent,old,6,October,1998,male
89187,ARTS,1.3783,504 (NEW),7372 (NEW),2020,GEOGRAPHY,A,POLITICAL SCIENCE,B,BUDDHIST CIVILIZATION,B,028,F,new,24,January,2002,male
177765,ARTS,-.2329,2088 (NEW),61322 (NEW),2020,POLITICAL SCIENCE,S,CHRISTIANITY,C,SINHALA,C,042,F,new,2,March,2001,female
275673,-,-,-,-,2020,GEOGRAPHY,F,POLITICAL SCIENCE,F,ISLAMIC CIVILIZATION,F,036,F,new,10,September,2001,female
148120,-,-.8565,-,-,2020,AGRICULTURAL SCIENCE,S,BIO SYSTEMS TECHNOLOGY,S,SCIENCE FOR TECHNOLOGY,F,052,F,new,4,December,2001,male
286212,ARTS,-.3088,1535 (NEW),63702 (NEW),2020,POLITICAL SCIENCE,S,HINDU CIVILIZATION,C,TAMIL,C,038,F,new,29,May,2000,female
18105,COMMERCE,.0023,5291 (NEW),28312 (NEW),2020,ECONOMICS,S,BUSINESS STUDIES,C,ACCOUNTING,C,046,F,new,26,April,2001,female
199784,BIOSYSTEMS TECHNOLOGY,-.2205,135 (NEW),6515 (NEW),2020,AGRICULTURAL SCIENCE,S,BIO SYSTEMS TECHNOLOGY,S,SCIENCE FOR TECHNOLOGY,S,052,F,new,7,May,2000,female
64192,BIOLOGICAL SCIENCE,.2196,826 (NEW),14213 (NEW),2020,PHYSICS,S,CHEMISTRY,C,BIOLOGY,S,Absent,Absent,new,9,September,2000,female
182383,ARTS,-.5890,2380 (NEW),70038 (NEW),2020,POLITICAL SCIENCE,S,BUDDHIST CIVILIZATION,S,SINHALA,S,040,Absent,new,17,July,2000,female
275270,-,-.6132,-,-,2020,GEOGRAPHY,S,POLITICAL SCIENCE,F,CHRISTIANITY,C,034,F,new,24,March,2001,female
120765,BIOLOGICAL SCIENCE,1.2823,190 (NEW),4196 (NEW),2020,PHYSICS,C,CHEMISTRY,A,BIOLOGY,C,Absent,Absent,new,12,November,2000,female
29743,-,-.9016,-,-,2020,ECONOMICS,S,BUSINESS STATISTICS,F,ACCOUNTING,S,046,A,new,7,April,2001,female
92275,BIOSYSTEMS TECHNOLOGY,-.3926,244 (NEW),7092 (NEW),2020,AGRICULTURAL SCIENCE,S,BIO SYSTEMS TECHNOLOGY,S,SCIENCE FOR TECHNOLOGY,S,036,F,new,24,March,2001,male
11943,ENGINEERING TECHNOLOGY,.8310,443 (NEW),3406 (NEW),2020,INFORMATION & COMMUNICATION TECHNOLOGY,C,ENGINEERING TECHNOLOGY,C,SCIENCE FOR TECHNOLOGY,C,048,B,new,18,March,2001,male
268014,PHYSICAL SCIENCE,1.0970,115 (NEW),5612 (NEW),2020,PHYSICS,C,CHEMISTRY,C,COMBINED MATHEMATICS,A,050,C,new,9,July,2001,male
60826,-,-.6737,-,-,2020,HISTORY OF SRI LANKA & INDIA,C,COMMUNICATION & MEDIA STUDIES,S,DANCING(INDIGENOUS),F,036,F,new,19,September,2001,male
121905,COMMERCE,.2940,1186 (NEW),22649 (NEW),2020,ECONOMICS,C,BUSINESS STUDIES,C,ACCOUNTING,C,034,F,new,10,March,2001,male
175827,COMMERCE,1.7455,56 (NEW),1681 (NEW),2020,ECONOMICS,A,BUSINESS STUDIES,A,ACCOUNTING,A,060,C,new,25,May,2001,female
125564,-,-,-,-,2020,ECONOMICS,Absent,POLITICAL SCIENCE,Absent,SINHALA,Absent,Absent,Absent,new,27,February,2000,female
225470,-,-.6839,-,-,2020,INFORMATION & COMMUNICATION TECHNOLOGY,F,GEOGRAPHY,S,SINHALA,C,036,C,new,21,March,2001,male
196033,COMMERCE,.1005,968 (NEW),26389 (NEW),2020,ECONOMICS,C,BUSINESS STUDIES,C,ACCOUNTING,S,056,F,new,10,August,2001,male
110186,-,-.5742,-,-,2020,ECONOMICS,S,BUSINESS STUDIES,F,ACCOUNTING,S,Absent,F,new,23,August,2000,female
286359,-,-,-,-,2020,GEOGRAPHY,F,ISLAM,F,TAMIL,Absent,020,Absent,new,29,January,1996,male
84005,NON,.6347,-,-,2020,PHYSICS,S,COMBINED MATHEMATICS,C,INFORMATION & COMMUNICATION TECHNOLOGY,B,Absent,C,new,12,December,2000,female
108992,PHYSICAL SCIENCE,.0805,670 (NEW),15707 (NEW),2020,PHYSICS,C,CHEMISTRY,S,COMBINED MATHEMATICS,S,050,F,new,20,March,2000,male
286604,ARTS,-.4612,1636 (NEW),67576 (NEW),2020,GEOGRAPHY,S,POLITICAL SCIENCE,S,ISLAM,C,042,F,new,30,July,2001,female
36858,-,-.2321,-,-,2020,PHYSICS,F,CHEMISTRY,S,BIOLOGY,C,042,C,new,27,April,2001,female
264475,BIOLOGICAL SCIENCE,.1718,484 (NEW),14817 (NEW),2020,CHEMISTRY,S,AGRICULTURAL SCIENCE,C,BIOLOGY,S,064,S,new,10,May,2000,female
181188,COMMERCE,-.3979,1077 (NEW),36095 (NEW),2020,ECONOMICS,C,BUSINESS STUDIES,S,ACCOUNTING,S,052,F,new,15,January,2002,male
281279,-,-1.0993,-,-,2020,HISTORY OF SRI LANKA & EUROPE,F,HINDU CIVILIZATION,S,TAMIL,S,062,F,new,21,April,1999,female
106966,ARTS,1.1308,707 (NEW),13357 (NEW),2020,GEOGRAPHY,C,BUDDHIST CIVILIZATION,B,SINHALA,A,032,F,new,27,May,2001,female
29002,PHYSICAL SCIENCE,.8076,1580 (NEW),7969 (NEW),2020,PHYSICS,C,CHEMISTRY,C,COMBINED MATHEMATICS,B,064,S,new,23,April,2000,female
44702,BIOLOGICAL SCIENCE,.0528,1417 (NEW),16296 (NEW),2020,PHYSICS,S,CHEMISTRY,S,BIOLOGY,C,058,B,new,8,February,2001,female
322735,ARTS,.3907,287 (OLD),3049 (OLD),2020,POLITICAL SCIENCE,C,HISTORY OF EUROPE,C,SINHALA,B,047,F,old,4,December,1999,female
263766,ARTS,1.6642,109 (NEW),2891 (NEW),2020,HISTORY OF SRI LANKA & INDIA,A,BUDDHIST CIVILIZATION,A,SINHALA,B,048,S,new,6,September,2001,female
330314,ARTS,1.2159,51 (OLD),706 (OLD),2020,POLITICAL SCIENCE,C,BUDDHIST CIVILIZATION,A,SINHALA,A,038,S,old,9,May,1999,female
57206,-,-,-,-,2020,INFORMATION & COMMUNICATION TECHNOLOGY,Absent,ENGINEERING TECHNOLOGY,Absent,SCIENCE FOR TECHNOLOGY,Absent,Absent,Absent,new,8,October,1999,male
271463,-,-.7665,-,-,2020,AGRICULTURAL SCIENCE,S,POLITICAL SCIENCE,F,ISLAM,S,042,F,new,20,June,2001,male
285563,PHYSICAL SCIENCE,.1749,144 (NEW),14541 (NEW),2020,PHYSICS,S,CHEMISTRY,C,COMBINED MATHEMATICS,S,054,S,new,10,November,2001,male
34820,ARTS,.7112,2048 (NEW),26448 (NEW),2020,LOGIC & SCIENTIFIC METHOD,C,HISTORY OF SRI LANKA & INDIA,C,ART,B,042,F,new,24,February,2001,female
103471,-,-,-,-,2020,ECONOMICS,Absent,BUSINESS STUDIES,Absent,ACCOUNTING,Absent,Absent,Absent,new,28,February,2001,male
188288,BIOSYSTEMS TECHNOLOGY,1.3439,60 (NEW),896 (NEW),2020,AGRICULTURAL SCIENCE,B,BIO SYSTEMS TECHNOLOGY,C,SCIENCE FOR TECHNOLOGY,C,052,S,new,5,June,1999,female
139474,-,-.2565,-,-,2020,AGRICULTURAL SCIENCE,F,BUDDHIST CIVILIZATION,C,SINHALA,C,042,F,new,17,August,2000,male
84480,-,-,-,-,2020,ECONOMICS,F,BUSINESS STUDIES,S,ACCOUNTING,F,050,F,new,25,August,2001,male
301956,ARTS,1.3895,182 (NEW),7126 (NEW),2020,HISTORY OF SRI LANKA & EUROPE,C,DRAMA AND THEATRE (TAMIL),A,TAMIL,A,036,F,new,23,January,2002,female
37813,BIOLOGICAL SCIENCE,.4694,978 (NEW),11349 (NEW),2020,PHYSICS,C,CHEMISTRY,C,BIOLOGY,C,Absent,Absent,new,2,May,2000,female
187779,-,-.7719,-,-,2020,POLITICAL SCIENCE,S,BUDDHIST CIVILIZATION,F,SINHALA,S,024,F,new,22,December,2001,female
285764,-,-,-,-,2020,AGRICULTURAL SCIENCE,F,ENGINEERING TECHNOLOGY,Absent,SCIENCE FOR TECHNOLOGY,Absent,Absent,Absent,new,7,February,2001,male
109526,ARTS,.9787,633 (NEW),17732 (NEW),2020,GEOGRAPHY,C,COMMUNICATION & MEDIA STUDIES,B,SINHALA,B,044,C,new,4,October,2001,female
45436,BIOLOGICAL SCIENCE,.6325,837 (NEW),9558 (NEW),2020,PHYSICS,S,CHEMISTRY,C,BIOLOGY,C,070,A,new,5,February,2001,female
142398,-,-,-,-,2020,INFORMATION & COMMUNICATION TECHNOLOGY,F,GEOGRAPHY,F,COMMUNICATION & MEDIA STUDIES,F,042,S,new,19,February,2001,male
48411,-,-.9793,-,-,2020,HISTORY OF SRI LANKA & INDIA,F,BUDDHIST CIVILIZATION,S,SINHALA,S,026,F,new,27,April,2001,male
291200,-,-,-,-,2020,GEOGRAPHY,F,HISTORY OF SRI LANKA & EUROPE,F,HINDU CIVILIZATION,S,034,F,new,8,July,2001,male
258399,PHYSICAL SCIENCE,.0047,208 (NEW),16629 (NEW),2020,PHYSICS,S,CHEMISTRY,S,COMBINED MATHEMATICS,S,Absent,Absent,new,31,May,2000,male
116374,BIOLOGICAL SCIENCE,.4732,401 (NEW),11308 (NEW),2020,PHYSICS,S,CHEMISTRY,C,BIOLOGY,C,060,F,new,10,July,2001,male
208674,ARTS,.4234,1019 (NEW),36999 (NEW),2020,GEOGRAPHY,C,ISLAMIC CIVILIZATION,B,TAMIL,C,034,F,new,16,July,2001,female
276592,-,-,-,-,2020,ECONOMICS,F,BUSINESS STUDIES,F,ACCOUNTING,F,022,F,new,27,August,2000,female
48623,ARTS,.2771,3297 (NEW),42578 (NEW),2020,GEOGRAPHY,C,COMMUNICATION & MEDIA STUDIES,S,ART,C,038,F,new,28,August,2001,male
57563,-,-.9526,-,-,2020,HISTORY OF SRI LANKA & INDIA,F,COMMUNICATION & MEDIA STUDIES,S,SINHALA,S,042,F,new,21,March,2000,male
51994,ARTS,.1272,3736 (NEW),48323 (NEW),2020,POLITICAL SCIENCE,S,COMMUNICATION & MEDIA STUDIES,C,SINHALA,C,024,S,new,15,October,2000,male
60641,-,-,-,-,2020,INFORMATION & COMMUNICATION TECHNOLOGY,F,BUSINESS STUDIES,F,ACCOUNTING,F,040,C,new,5,April,2001,male
187440,-,-.3182,-,-,2020,AGRICULTURAL SCIENCE,S,BIO SYSTEMS TECHNOLOGY,S,SCIENCE FOR TECHNOLOGY,F,036,F,new,27,November,2000,male
88818,PHYSICAL SCIENCE,-.4706,1638 (NEW),20787 (NEW),2020,PHYSICS,S,CHEMISTRY,S,COMBINED MATHEMATICS,S,Absent,Absent,new,22,May,2000,male
303238,ENGINEERING TECHNOLOGY,-.6065,226 (NEW),12308 (NEW),2020,COMMUNICATION & MEDIA STUDIES,S,ENGINEERING TECHNOLOGY,S,SCIENCE FOR TECHNOLOGY,S,032,F,new,11,March,2001,male
64348,ARTS,-.3748,3409 (NEW),65506 (NEW),2020,HISTORY OF SRI LANKA & INDIA,S,BUDDHIST CIVILIZATION,C,SINHALA,S,042,F,new,16,April,2001,male
55457,-,-,-,-,2020,POLITICAL SCIENCE,F,COMMUNICATION & MEDIA STUDIES,F,SINHALA,S,028,F,new,29,May,2001,female
263392,-,-.0777,-,-,2020,PHYSICS,F,CHEMISTRY,S,BIOLOGY,C,050,F,new,26,February,2001,female
286772,-,-.5394,-,-,2020,INFORMATION & COMMUNICATION TECHNOLOGY,F,ENGINEERING TECHNOLOGY,S,SCIENCE FOR TECHNOLOGY,S,Absent,Absent,new,10,February,2000,male
95252,-,-,-,-,2020,PHYSICS,F,CHEMISTRY,S,COMBINED MATHEMATICS,F,062,S,new,2,January,2002,male
256290,-,-,-,-,2020,INFORMATION & COMMUNICATION TECHNOLOGY,F,COMMUNICATION & MEDIA STUDIES,F,SINHALA,S,038,F,new,9,July,2001,male
153392,-,-.7427,-,-,2020,PHYSICS,S,CHEMISTRY,S,BIOLOGY,F,060,B,new,22,September,2001,male
169918,ARTS,-.0444,5842 (NEW),54720 (NEW),2020,AGRICULTURAL SCIENCE,S,GEOGRAPHY,C,DRAMA AND THEATRE (SINHALA),S,050,F,new,9,November,2001,male
102347,ENGINEERING TECHNOLOGY,-.2937,724 (NEW),11004 (NEW),2020,INFORMATION & COMMUNICATION TECHNOLOGY,S,ENGINEERING TECHNOLOGY,S,SCIENCE FOR TECHNOLOGY,S,050,F,new,4,April,2001,male
269063,-,-.4898,-,-,2020,GEOGRAPHY,F,POLITICAL SCIENCE,S,ISLAM,C,024,F,new,28,January,2001,female
5799,-,-,-,-,2020,INFORMATION & COMMUNICATION TECHNOLOGY,S,BUSINESS STUDIES,F,ACCOUNTING,F,038,B,new,21,September,2001,male
272060,ARTS,.1738,1658 (NEW),46572 (NEW),2020,AGRICULTURAL SCIENCE,S,HOME ECONOMICS,C,TAMIL,C,032,F,new,25,April,2000,female
207951,ARTS,1.0447,371 (NEW),15762 (NEW),2020,GEOGRAPHY,A,ORIENTAL MUSIC,A,SINHALA,B,038,F,new,2,May,2001,female
186815,BIOSYSTEMS TECHNOLOGY,.2535,259 (NEW),4450 (NEW),2020,INFORMATION & COMMUNICATION TECHNOLOGY,C,BIO SYSTEMS TECHNOLOGY,S,SCIENCE FOR TECHNOLOGY,S,054,F,new,4,February,2001,male
103109,ARTS,-.4196,2869 (NEW),66586 (NEW),2020,GEOGRAPHY,S,COMMUNICATION & MEDIA STUDIES,S,SINHALA,S,046,F,new,12,December,2001,male
270449,ARTS,.8704,679 (NEW),21075 (NEW),2020,POLITICAL SCIENCE,C,LOGIC & SCIENTIFIC METHOD,C,ISLAM,A,054,F,new,30,March,2000,female
138140,-,-1.0707,-,-,2020,POLITICAL SCIENCE,F,HISTORY OF SRI LANKA & EUROPE,S,SINHALA,S,040,F,new,9,January,2000,female
291224,ARTS,-.0898,493 (NEW),56429 (NEW),2020,POLITICAL SCIENCE,S,HINDU CIVILIZATION,C,TAMIL,C,038,F,new,2,January,2000,female
221284,-,-,-,-,2020,GEOGRAPHY,F,POLITICAL SCIENCE,S,COMMUNICATION & MEDIA STUDIES,F,026,S,new,25,December,2001,male
219244,ARTS,-.4269,4731 (NEW),66754 (NEW),2020,POLITICAL SCIENCE,S,DANCING(BHARATHA),B,TAMIL,S,046,S,new,6,May,2001,female
261113,-,-1.0275,-,-,2020,COMMUNICATION & MEDIA STUDIES,F,BUDDHIST CIVILIZATION,S,SINHALA,S,034,F,new,4,March,2000,female
270055,BIOSYSTEMS TECHNOLOGY,.5635,172 (NEW),3172 (NEW),2020,AGRICULTURAL SCIENCE,C,BIO SYSTEMS TECHNOLOGY,C,SCIENCE FOR TECHNOLOGY,C,Absent,F,new,28,April,2000,female
28638,-,-.9124,-,-,2020,ECONOMICS,F,BUDDHIST CIVILIZATION,S,SINHALA,C,028,F,new,2,October,2001,male
213216,-,-,-,-,2020,INFORMATION & COMMUNICATION TECHNOLOGY,F,ECONOMICS,S,ENGLISH,F,030,C,new,13,October,2001,male
299254,-,-,-,-,2020,PHYSICS,F,CHEMISTRY,F,COMBINED MATHEMATICS,F,044,S,new,17,November,2000,female
184033,COMMERCE,1.5246,100 (NEW),3500 (NEW),2020,ECONOMICS,A,BUSINESS STUDIES,A,ACCOUNTING,A,052,F,new,15,November,2001,male
202333,-,-.1895,-,-,2020,GEOGRAPHY,S,POLITICAL SCIENCE,F,SINHALA,B,032,F,new,27,July,2001,female
1831,-,-,-,-,2020,ECONOMICS,F,BUSINESS STUDIES,F,ACCOUNTING,F,030,F,new,20,November,2001,female
317456,-,-.9085,-,-,2020,PHYSICS,S,CHEMISTRY,F,BIOLOGY,S,060,A,old,28,May,1999,female
276516,-,-,-,-,2020,POLITICAL SCIENCE,Absent,HOME ECONOMICS,Absent,ISLAMIC CIVILIZATION,Absent,Absent,Absent,new,22,January,2000,female
90413,-,-.6167,-,-,2020,GEOGRAPHY,F,BUDDHIST CIVILIZATION,S,SINHALA,C,044,F,new,21,March,2001,female
264600,BIOLOGICAL SCIENCE,-.4180,727 (NEW),21052 (NEW),2020,CHEMISTRY,S,AGRICULTURAL SCIENCE,S,BIOLOGY,S,Absent,F,new,22,April,2000,male
239847,NON,.0249,-,-,2020,HINDU CIVILIZATION,C,ART,C,TAMIL,C,026,F,new,9,December,2001,female
61723,BIOLOGICAL SCIENCE,-.2378,1124 (NEW),19675 (NEW),2020,PHYSICS,S,CHEMISTRY,S,BIOLOGY,S,058,C,new,30,January,2002,female
80246,-,-,-,-,2020,POLITICAL SCIENCE,Absent,BUDDHIST CIVILIZATION,Absent,SINHALA,Absent,Absent,Absent,new,2,October,2001,male
127175,COMMERCE,.7641,761 (NEW),14247 (NEW),2020,ECONOMICS,C,BUSINESS STUDIES,C,ACCOUNTING,B,Absent,S,new,15,March,2000,female
324329,PHYSICAL SCIENCE,1.2704,18 (OLD),235 (OLD),2020,PHYSICS,B,CHEMISTRY,C,COMBINED MATHEMATICS,B,060,S,old,13,February,1999,male
322050,ENGINEERING TECHNOLOGY,-.1837,22 (OLD),458 (OLD),2020,INFORMATION & COMMUNICATION TECHNOLOGY,S,ENGINEERING TECHNOLOGY,S,SCIENCE FOR TECHNOLOGY,S,042,S,old,26,January,2000,male
174506,-,-.1566,-,-,2020,PHYSICS,F,CHEMISTRY,S,COMBINED MATHEMATICS,C,058,B,new,9,October,2000,female
201757,-,-.0032,-,-,2020,AGRICULTURAL SCIENCE,F,GEOGRAPHY,C,SINHALA,B,032,Absent,new,26,January,2001,female
27710,COMMERCE,-.2022,6064 (NEW),32531 (NEW),2020,ECONOMICS,C,BUSINESS STUDIES,S,ACCOUNTING,S,Absent,F,new,2,March,2000,male
323740,-,-,-,-,2020,PHYSICS,F,CHEMISTRY,S,COMBINED MATHEMATICS,F,047,F,old,29,July,1999,female
74750,BIOLOGICAL SCIENCE,1.7694,102 (NEW),1731 (NEW),2020,PHYSICS,B,CHEMISTRY,A,BIOLOGY,B,Absent,Absent,new,10,July,2000,female
290906,BIOLOGICAL SCIENCE,1.2240,28 (NEW),4568 (NEW),2020,PHYSICS,C,CHEMISTRY,B,BIOLOGY,C,Absent,F,new,15,December,2000,female
229532,ARTS,.8746,1261 (NEW),20930 (NEW),2020,HISTORY OF SRI LANKA & INDIA,B,COMMUNICATION & MEDIA STUDIES,C,SINHALA,B,042,F,new,21,September,2001,male
145206,-,-.9193,-,-,2020,INFORMATION & COMMUNICATION TECHNOLOGY,F,ENGINEERING TECHNOLOGY,S,SCIENCE FOR TECHNOLOGY,S,044,F,new,9,April,2001,male
74139,ARTS,1.2799,602 (NEW),9622 (NEW),2020,GEOGRAPHY,B,ISLAM,A,TAMIL,A,052,S,new,17,July,2001,female
122515,COMMERCE,-.1183,1625 (NEW),30787 (NEW),2020,ECONOMICS,S,BUSINESS STUDIES,C,ACCOUNTING,S,Absent,F,new,14,January,2001,male
52230,PHYSICAL SCIENCE,.1911,1415 (NEW),14345 (NEW),2020,PHYSICS,C,CHEMISTRY,C,COMBINED MATHEMATICS,S,058,A,new,10,July,2001,male
29279,-,-,-,-,2020,ECONOMICS,F,BUSINESS STUDIES,F,ACCOUNTING,C,050,S,new,2,February,2001,male
261751,ENGINEERING TECHNOLOGY,.3625,120 (NEW),6081 (NEW),2020,INFORMATION & COMMUNICATION TECHNOLOGY,S,ENGINEERING TECHNOLOGY,C,SCIENCE FOR TECHNOLOGY,S,050,F,new,2,August,2000,male
288823,-,-,-,-,2020,PHYSICS,S,CHEMISTRY,F,BIOLOGY,F,054,C,new,12,April,2000,male
285858,-,-,-,-,2020,AGRICULTURAL SCIENCE,F,BIO SYSTEMS TECHNOLOGY,F,SCIENCE FOR TECHNOLOGY,F,026,F,new,26,November,2001,male
336150,ARTS,.0794,114 (OLD),4014 (OLD),2020,POLITICAL SCIENCE,S,ISLAM,C,ART,C,033,F,old,18,October,1999,female
253687,COMMERCE,1.2155,231 (NEW),7264 (NEW),2020,ECONOMICS,B,BUSINESS STUDIES,A,ACCOUNTING,B,056,C,new,11,April,2000,female
79066,BIOLOGICAL SCIENCE,2.0223,91 (NEW),886 (NEW),2020,PHYSICS,B,CHEMISTRY,A,BIOLOGY,A,068,A,new,29,February,2000,female
115125,-,-,-,-,2020,GEOGRAPHY,F,POLITICAL SCIENCE,F,SINHALA,F,032,F,new,29,December,2001,male
192363,ARTS,1.4435,332 (NEW),6130 (NEW),2020,GEOGRAPHY,B,COMMUNICATION & MEDIA STUDIES,B,SINHALA,A,034,C,new,23,September,2001,female
334021,-,-,-,-,2020,CHEMISTRY,F,AGRICULTURAL SCIENCE,C,BIOLOGY,F,047,F,old,23,November,1999,female
147756,ARTS,.8968,773 (NEW),20210 (NEW),2020,POLITICAL SCIENCE,B,LOGIC & SCIENTIFIC METHOD,C,SINHALA,B,040,F,new,19,April,2001,female
260352,-,-,-,-,2020,GEOGRAPHY,Absent,DRAMA AND THEATRE (SINHALA),Absent,SINHALA,Absent,Absent,Absent,new,28,July,2000,female
245737,-,-,-,-,2020,PHYSICS,F,CHEMISTRY,F,COMBINED MATHEMATICS,F,Absent,Absent,new,28,March,2000,female
16233,ARTS,.4084,2477 (NEW),37547 (NEW),2020,POLITICAL SCIENCE,C,LOGIC & SCIENTIFIC METHOD,S,HISTORY OF SRI LANKA & EUROPE,B,054,B,new,6,June,2001,female
73267,-,-,-,-,2020,GEOGRAPHY,Absent,BUDDHIST CIVILIZATION,Absent,SINHALA,Absent,Absent,Absent,new,27,June,2000,male
277123,COMMERCE,1.2986,58 (NEW),6134 (NEW),2020,INFORMATION & COMMUNICATION TECHNOLOGY,B,BUSINESS STUDIES,B,ACCOUNTING,B,056,C,new,23,September,2001,female
277205,-,-,-,-,2020,HISTORY OF SRI LANKA & EUROPE,Absent,HOME ECONOMICS,Absent,HINDU CIVILIZATION,Absent,Absent,Absent,new,18,October,1999,female
153272,-,-,-,-,2020,ECONOMICS,F,BUSINESS STUDIES,F,ACCOUNTING,F,Absent,Absent,new,8,October,2000,female
161563,ARTS,-.3150,6735 (NEW),63910 (NEW),2020,GEOGRAPHY,S,ISLAMIC CIVILIZATION,S,ART,C,034,F,new,8,March,2001,female
131623,-,-,-,-,2020,POLITICAL SCIENCE,F,HISTORY OF SRI LANKA & INDIA,F,SINHALA,F,044,F,new,10,November,2001,male
97952,PHYSICAL SCIENCE,1.9689,84 (NEW),1076 (NEW),2020,PHYSICS,A,CHEMISTRY,B,COMBINED MATHEMATICS,A,Absent,B,new,29,June,2000,male
213126,-,-,-,-,2020,ECONOMICS,C,BUSINESS STUDIES,F,ACCOUNTING,F,044,F,new,7,July,2001,male
69972,BIOLOGICAL SCIENCE,1.5392,158 (NEW),2779 (NEW),2020,PHYSICS,C,CHEMISTRY,A,BIOLOGY,B,Absent,Absent,new,20,March,2000,female
336134,-,-,-,-,2020,ECONOMICS,Absent,BUSINESS STUDIES,Absent,ACCOUNTING,Absent,Absent,Absent,old,Invalid nic error,Invalid nic error,Invalid nic error,
30937,COMMERCE,-.6844,7333 (NEW),39544 (NEW),2020,ECONOMICS,S,BUSINESS STUDIES,S,ACCOUNTING,S,050,C,new,31,March,2001,male
291411,ARTS,.7442,201 (NEW),25312 (NEW),2020,GEOGRAPHY,C,HINDU CIVILIZATION,A,TAMIL,B,026,F,new,10,May,2001,female
48488,-,-,-,-,2020,CHEMISTRY,F,AGRICULTURAL SCIENCE,F,BIOLOGY,F,Absent,S,new,29,July,2000,female
168627,ARTS,-.1738,6277 (NEW),59373 (NEW),2020,POLITICAL SCIENCE,S,HISTORY OF SRI LANKA & INDIA,C,SINHALA,C,044,F,new,29,August,2001,female
194090,ARTS,1.1275,728 (NEW),13441 (NEW),2020,POLITICAL SCIENCE,B,BUDDHIST CIVILIZATION,A,SINHALA,C,034,F,new,11,January,2002,female
336736,-,-,-,-,2020,MATHEMATICS,Absent,AGRICULTURAL SCIENCE,Absent,HINDU CIVILIZATION,Absent,Absent,Absent,old,8,August,1994,female
247991,COMMERCE,.1065,962 (NEW),26268 (NEW),2020,ECONOMICS,C,BUSINESS STUDIES,C,ACCOUNTING,S,044,C,new,25,May,2001,male
307396,-,-,-,-,2020,PHYSICS,Absent,CHEMISTRY,Absent,COMBINED MATHEMATICS,Absent,Absent,Absent,old,12,September,1999,male
36182,PHYSICAL SCIENCE,.2337,1356 (NEW),13860 (NEW),2020,PHYSICS,S,CHEMISTRY,S,COMBINED MATHEMATICS,C,Absent,Absent,new,22,March,2000,female
198259,-,-,-,-,2020,PHYSICS,F,CHEMISTRY,F,BIOLOGY,C,040,S,new,1,February,2001,female
144970,ARTS,.5895,1284 (NEW),30779 (NEW),2020,GEOGRAPHY,C,BUDDHIST CIVILIZATION,C,SINHALA,C,040,F,new,6,September,2001,female
151058,BIOLOGICAL SCIENCE,2.1909,23 (NEW),532 (NEW),2020,PHYSICS,A,CHEMISTRY,A,BIOLOGY,A,078,A,new,20,December,2001,female
219856,ARTS,.8296,1356 (NEW),22460 (NEW),2020,POLITICAL SCIENCE,C,LOGIC & SCIENTIFIC METHOD,C,COMMUNICATION & MEDIA STUDIES,B,044,C,new,5,June,2001,male
29939,-,-,-,-,2020,PHYSICS,F,CHEMISTRY,F,COMBINED MATHEMATICS,F,060,S,new,28,October,2001,male
258099,-,-,-,-,2020,GEOGRAPHY,Absent,COMMUNICATION & MEDIA STUDIES,Absent,ART,Absent,Absent,Absent,new,16,October,2000,male
231050,-,-.7086,-,-,2020,ECONOMICS,F,BUSINESS STUDIES,S,ACCOUNTING,S,044,F,new,18,April,2000,female
239382,ARTS,.5348,872 (NEW),32798 (NEW),2020,GEOGRAPHY,C,POLITICAL SCIENCE,C,TAMIL,C,040,C,new,26,September,2001,female
108961,ARTS,-.3989,2221 (NEW),66097 (NEW),2020,GEOGRAPHY,S,BUDDHIST CIVILIZATION,S,SINHALA,C,054,F,new,15,June,2000,female
105501,-,-,-,-,2020,GEOGRAPHY,F,BUDDHIST CIVILIZATION,F,SINHALA,F,038,F,new,1,January,2002,male
31978,ENGINEERING TECHNOLOGY,.4429,703 (NEW),5557 (NEW),2020,COMMUNICATION & MEDIA STUDIES,C,ENGINEERING TECHNOLOGY,S,SCIENCE FOR TECHNOLOGY,C,046,S,new,19,May,2001,female
232855,-,-,-,-,2020,AGRICULTURAL SCIENCE,Absent,BIO SYSTEMS TECHNOLOGY,Absent,SCIENCE FOR TECHNOLOGY,Absent,Absent,Absent,new,25,October,2000,female
128805,PHYSICAL SCIENCE,.3607,527 (NEW),12416 (NEW),2020,PHYSICS,S,CHEMISTRY,S,COMBINED MATHEMATICS,C,060,S,new,21,December,2000,female
23213,COMMERCE,.0789,5013 (NEW),26825 (NEW),2020,INFORMATION & COMMUNICATION TECHNOLOGY,C,BUSINESS STUDIES,C,ACCOUNTING,S,038,C,new,2,January,2002,male
260894,BIOLOGICAL SCIENCE,1.9914,8 (NEW),977 (NEW),2020,PHYSICS,B,CHEMISTRY,A,BIOLOGY,B,064,C,new,27,October,2000,female
73305,-,-,-,-,2020,AGRICULTURAL SCIENCE,F,BUDDHIST CIVILIZATION,F,SINHALA,C,042,F,new,8,March,2001,female
44111,-,-,-,-,2020,PHYSICS,F,CHEMISTRY,S,BIOLOGY,F,Absent,S,new,7,January,2001,female
283783,COMMERCE,-.7253,463 (NEW),39773 (NEW),2020,ECONOMICS,S,BUSINESS STUDIES,S,ACCOUNTING,S,036,F,new,4,November,2001,male
71310,-,-,-,-,2020,GEOGRAPHY,Absent,COMMUNICATION & MEDIA STUDIES,Absent,DRAMA AND THEATRE (SINHALA),Absent,Absent,Absent,new,9,June,2000,male
101222,ARTS,.8262,1185 (NEW),22544 (NEW),2020,GEOGRAPHY,C,DANCING(INDIGENOUS),B,SINHALA,B,036,S,new,24,January,2002,female
139730,-,-,-,-,2020,POLITICAL SCIENCE,Absent,COMMUNICATION & MEDIA STUDIES,Absent,SINHALA,Absent,Absent,Absent,new,19,January,2001,female
273599,ARTS,-.0612,1999 (NEW),55403 (NEW),2020,GEOGRAPHY,C,ISLAMIC CIVILIZATION,C,TAMIL,C,026,C,new,31,July,2001,female
286080,-,-.6310,-,-,2020,ECONOMICS,S,BUSINESS STUDIES,S,ACCOUNTING,F,040,F,new,4,August,1999,male
156821,ARTS,1.4460,630 (NEW),6077 (NEW),2020,GEOGRAPHY,A,HISTORY OF SRI LANKA & EUROPE,A,ISLAM,A,040,F,new,13,September,2001,female
193309,-,-,-,-,2020,PHYSICS,Absent,CHEMISTRY,Absent,BIOLOGY,Absent,Absent,Absent,new,26,March,1997,male
123981,-,-,-,-,2020,GEOGRAPHY,Absent,COMMUNICATION & MEDIA STUDIES,Absent,DANCING(INDIGENOUS),Absent,Absent,Absent,new,27,February,2000,male
253271,ARTS,.4029,1831 (NEW),37768 (NEW),2020,POLITICAL SCIENCE,C,LOGIC & SCIENTIFIC METHOD,C,COMMUNICATION & MEDIA STUDIES,C,050,F,new,25,December,2001,male
325092,BIOLOGICAL SCIENCE,-.4435,374 (OLD),5447 (OLD),2020,PHYSICS,S,CHEMISTRY,S,BIOLOGY,S,042,S,old,11,July,1999,male
67457,-,-,-,-,2020,PHYSICS,Absent,CHEMISTRY,Absent,COMBINED MATHEMATICS,Absent,Absent,Absent,new,6,February,2000,male
300395,-,-,-,-,2020,PHYSICS,F,CHEMISTRY,F,COMBINED MATHEMATICS,F,050,F,new,27,April,2001,male
160683,-,-.9568,-,-,2020,POLITICAL SCIENCE,S,BUDDHIST CIVILIZATION,F,SINHALA,S,036,F,new,4,December,2001,male
226437,COMMERCE,.3819,1364 (NEW),20978 (NEW),2020,ECONOMICS,B,BUSINESS STUDIES,C,ACCOUNTING,S,060,S,new,2,January,2001,female
320350,ARTS,-.2665,323 (OLD),4990 (OLD),2020,POLITICAL SCIENCE,S,BUDDHIST CIVILIZATION,C,SINHALA,C,Absent,Absent,old,1,December,1992,female
247969,-,-,-,-,2020,INFORMATION & COMMUNICATION TECHNOLOGY,F,POLITICAL SCIENCE,S,SINHALA,F,034,S,new,3,July,2001,male
299092,-,-,-,-,2020,PHYSICS,F,CHEMISTRY,F,BIOLOGY,F,032,S,new,14,May,2001,female
282194,-,-,-,-,2020,PHYSICS,F,COMBINED MATHEMATICS,F,INFORMATION & COMMUNICATION TECHNOLOGY,S,044,F,new,11,November,2001,male
127684,-,-,-,-,2020,GEOGRAPHY,Absent,HISTORY OF SRI LANKA & INDIA,Absent,SINHALA,Absent,Absent,Absent,new,31,July,2001,female
308108,-,-.0572,-,-,2020,COMMUNICATION & MEDIA STUDIES,C,BUDDHIST CIVILIZATION,F,SINHALA,B,050,S,old,28,September,1997,female
188329,ARTS,1.5666,223 (NEW),4062 (NEW),2020,POLITICAL SCIENCE,B,BUDDHIST CIVILIZATION,A,SINHALA,A,044,C,new,18,May,2001,female
43994,-,-,-,-,2020,PHYSICS,F,COMBINED MATHEMATICS,F,INFORMATION & COMMUNICATION TECHNOLOGY,S,058,B,new,17,October,2001,male
167795,-,-.4882,-,-,2020,PHYSICS,F,CHEMISTRY,S,BIOLOGY,S,046,C,new,28,June,2001,female
148954,BIOLOGICAL SCIENCE,.8709,555 (NEW),7282 (NEW),2020,PHYSICS,C,CHEMISTRY,C,BIOLOGY,C,056,C,new,20,August,2001,male
218289,PHYSICAL SCIENCE,1.0529,378 (NEW),5931 (NEW),2020,PHYSICS,C,CHEMISTRY,C,COMBINED MATHEMATICS,C,054,B,new,26,January,2002,male
250340,ARTS,.8383,1037 (NEW),22167 (NEW),2020,POLITICAL SCIENCE,B,LOGIC & SCIENTIFIC METHOD,C,SINHALA,B,Absent,F,new,31,August,2000,female
241792,-,-,-,-,2020,PHYSICS,F,CHEMISTRY,F,COMBINED MATHEMATICS,F,048,C,new,27,September,2001,male
75340,PHYSICAL SCIENCE,1.6819,108 (NEW),2172 (NEW),2020,PHYSICS,B,CHEMISTRY,A,COMBINED MATHEMATICS,A,070,C,new,8,January,2001,male
195112,-,-,-,-,2020,PHYSICS,F,CHEMISTRY,F,COMBINED MATHEMATICS,F,034,F,new,23,November,2001,male
7110,COMMERCE,1.6668,617 (NEW),2259 (NEW),2020,INFORMATION & COMMUNICATION TECHNOLOGY,B,BUSINESS STUDIES,B,ACCOUNTING,A,064,A,new,17,August,2001,male
100222,ARTS,.8181,1202 (NEW),22834 (NEW),2020,COMMUNICATION & MEDIA STUDIES,B,BUDDHIST CIVILIZATION,C,SINHALA,B,030,F,new,5,September,2001,female
321678,-,-,-,-,2020,AGRICULTURAL SCIENCE,Absent,COMMUNICATION & MEDIA STUDIES,Absent,SINHALA,Absent,Absent,Absent,old,26,April,1997,female
199550,BIOLOGICAL SCIENCE,.0000,226 (NEW),16990 (NEW),2020,PHYSICS,S,CHEMISTRY,S,BIOLOGY,C,050,S,new,7,October,2000,male
251422,PHYSICAL SCIENCE,.9886,223 (NEW),6415 (NEW),2020,PHYSICS,C,CHEMISTRY,B,COMBINED MATHEMATICS,B,Absent,B,new,6,February,2000,female
25553,-,-,-,-,2020,ECONOMICS,S,BUSINESS STUDIES,S,ACCOUNTING,Absent,Absent,Absent,new,30,March,1996,female
154539,ARTS,.8180,2523 (NEW),22837 (NEW),2020,GEOGRAPHY,B,HISTORY OF SRI LANKA & EUROPE,B,SINHALA,B,030,S,new,1,July,2001,female
150310,-,-,-,-,2020,COMMUNICATION & MEDIA STUDIES,Absent,DRAMA AND THEATRE (SINHALA),Absent,SINHALA,Absent,Absent,Absent,new,1,June,2000,female
127453,ENGINEERING TECHNOLOGY,1.0516,187 (NEW),2480 (NEW),2020,INFORMATION & COMMUNICATION TECHNOLOGY,C,ENGINEERING TECHNOLOGY,C,SCIENCE FOR TECHNOLOGY,C,046,S,new,14,December,2000,female
172065,-,-,-,-,2020,ECONOMICS,Absent,BUSINESS STUDIES,Absent,ACCOUNTING,Absent,Absent,Absent,new,18,November,1999,female
136896,ARTS,-.0857,2539 (NEW),56274 (NEW),2020,AGRICULTURAL SCIENCE,S,GEOGRAPHY,S,ISLAM,B,024,F,new,30,October,2001,male
206556,ARTS,1.0190,395 (NEW),16524 (NEW),2020,GEOGRAPHY,C,HISTORY OF SRI LANKA & INDIA,B,SINHALA,A,038,F,new,21,February,2000,female
151205,ARTS,.7324,2853 (NEW),25730 (NEW),2020,ECONOMICS,S,GEOGRAPHY,B,ART,B,046,F,new,8,November,2001,female
107145,-,-.4071,-,-,2020,INFORMATION & COMMUNICATION TECHNOLOGY,S,BUSINESS STUDIES,S,ACCOUNTING,F,038,F,new,14,June,2001,male
148339,-,-.4514,-,-,2020,POLITICAL SCIENCE,F,HISTORY OF SRI LANKA & INDIA,S,DRAMA AND THEATRE (SINHALA),C,052,F,new,7,November,2001,male
298054,-,-.8008,-,-,2020,INFORMATION & COMMUNICATION TECHNOLOGY,S,BUSINESS STUDIES,F,ACCOUNTING,S,040,C,new,29,March,2001,female
37186,-,-,-,-,2020,PHYSICS,F,CHEMISTRY,F,COMBINED MATHEMATICS,F,052,B,new,13,May,2001,female
276711,-,-,-,-,2020,GEOGRAPHY,Absent,COMMUNICATION & MEDIA STUDIES,Absent,TAMIL,Absent,Absent,Absent,new,7,August,2000,male
161817,ARTS,.5690,3464 (NEW),31514 (NEW),2020,POLITICAL SCIENCE,C,BUDDHIST CIVILIZATION,C,SINHALA,B,026,S,new,18,April,2001,female
54928,-,-,-,-,2020,INFORMATION & COMMUNICATION TECHNOLOGY,F,ENGINEERING TECHNOLOGY,F,SCIENCE FOR TECHNOLOGY,F,040,S,new,14,November,2001,male
238488,-,-,-,-,2020,ECONOMICS,Absent,BUSINESS STUDIES,Absent,ACCOUNTING,Absent,Absent,Absent,new,31,October,1994,female
253875,-,-,-,-,2020,GEOGRAPHY,Absent,BUDDHIST CIVILIZATION,Absent,SINHALA,Absent,Absent,Absent,new,25,April,2000,female
309822,-,-,-,-,2020,COMMUNICATION & MEDIA STUDIES,Absent,ISLAM,Absent,ART,Absent,Absent,Absent,old,5,July,1998,female
318008,-,-,-,-,2020,GEOGRAPHY,Absent,BIO SYSTEMS TECHNOLOGY,Absent,SCIENCE FOR TECHNOLOGY,Absent,Absent,Absent,old,17,July,1999,male
286912,-,-.3065,-,-,2020,GEOGRAPHY,F,POLITICAL SCIENCE,S,ISLAM,C,032,F,new,15,May,2000,female
9057,COMMERCE,.8306,2592 (NEW),13109 (NEW),2020,ECONOMICS,B,BUSINESS STUDIES,C,ACCOUNTING,B,048,S,new,30,January,2002,female
249588,-,-,-,-,2020,ECONOMICS,Absent,BUSINESS STUDIES,Absent,ACCOUNTING,Absent,Absent,Absent,new,25,October,2000,female
138688,-,-.6190,-,-,2020,PHYSICS,S,CHEMISTRY,S,BIOLOGY,F,058,C,new,23,November,2001,female
16755,NON,.1318,-,-,2020,COMMUNICATION & MEDIA STUDIES,C,BUSINESS STUDIES,C,SINHALA,S,048,C,new,17,February,2001,male
321281,-,-.5311,-,-,2020,POLITICAL SCIENCE,F,ISLAM,S,ARABIC,C,015,F,old,8,January,2000,male
33893,-,-,-,-,2020,PHYSICS,F,CHEMISTRY,F,COMBINED MATHEMATICS,S,050,A,new,1,August,2001,male
92307,-,-.0085,-,-,2020,POLITICAL SCIENCE,C,BUDDHIST CIVILIZATION,F,SINHALA,C,028,F,new,5,January,2002,female
91427,-,-,-,-,2020,PHYSICS,F,CHEMISTRY,F,COMBINED MATHEMATICS,S,038,C,new,29,July,2001,female
229036,-,-,-,-,2020,HOME ECONOMICS,Absent,COMMUNICATION & MEDIA STUDIES,Absent,SINHALA,Absent,Absent,Absent,new,14,April,2000,female
89595,PHYSICAL SCIENCE,.4022,1027 (NEW),11962 (NEW),2020,PHYSICS,C,CHEMISTRY,S,COMBINED MATHEMATICS,C,056,Absent,new,26,July,2000,male
67880,ENGINEERING TECHNOLOGY,.2204,371 (NEW),7075 (NEW),2020,GEOGRAPHY,C,ENGINEERING TECHNOLOGY,S,SCIENCE FOR TECHNOLOGY,S,058,C,new,6,May,2000,male
232765,ARTS,.2629,2816 (NEW),43145 (NEW),2020,POLITICAL SCIENCE,S,ORIENTAL MUSIC,A,SINHALA,B,044,F,new,11,November,2000,female
67397,-,-,-,-,2020,INFORMATION & COMMUNICATION TECHNOLOGY,F,ENGINEERING TECHNOLOGY,F,SCIENCE FOR TECHNOLOGY,S,036,F,new,28,March,2001,male
270027,-,-,-,-,2020,AGRICULTURAL SCIENCE,F,POLITICAL SCIENCE,F,HINDU CIVILIZATION,S,040,F,new,19,January,2002,female
5537,-,-.6874,-,-,2020,POLITICAL SCIENCE,S,LOGIC & SCIENTIFIC METHOD,F,COMMUNICATION & MEDIA STUDIES,S,044,C,new,11,January,2002,male
230444,-,-,-,-,2020,COMMUNICATION & MEDIA STUDIES,S,BUDDHIST CIVILIZATION,F,SINHALA,F,048,F,new,10,May,1999,male
109661,BIOLOGICAL SCIENCE,.6539,320 (NEW),9328 (NEW),2020,PHYSICS,C,CHEMISTRY,C,BIOLOGY,C,056,Absent,new,18,April,2000,male
64956,-,-.4959,-,-,2020,AGRICULTURAL SCIENCE,F,BIO SYSTEMS TECHNOLOGY,S,SCIENCE FOR TECHNOLOGY,S,Absent,F,new,15,October,2000,male
182209,COMMERCE,.2034,758 (NEW),24377 (NEW),2020,ECONOMICS,S,BUSINESS STUDIES,B,ACCOUNTING,S,052,S,new,6,November,2001,male
73430,-,-,-,-,2020,PHYSICS,F,CHEMISTRY,F,BIOLOGY,F,038,F,new,25,April,2001,male
89528,ARTS,.3953,2232 (NEW),38057 (NEW),2020,ECONOMICS,S,POLITICAL SCIENCE,B,SINHALA,C,046,F,new,15,May,2001,female
195668,ARTS,-.4499,3516 (NEW),67314 (NEW),2020,POLITICAL SCIENCE,S,BUDDHIST CIVILIZATION,S,SINHALA,C,Absent,F,new,26,April,2000,female
183670,-,-.2772,-,-,2020,PHYSICS,S,CHEMISTRY,S,COMBINED MATHEMATICS,F,060,S,new,15,May,2000,male
62647,COMMERCE,.8138,945 (NEW),13419 (NEW),2020,ECONOMICS,C,BUSINESS STUDIES,B,ACCOUNTING,B,050,S,new,19,January,2001,female
112167,-,-.9520,-,-,2020,ECONOMICS,S,BUSINESS STUDIES,S,ACCOUNTING,F,064,F,new,10,October,2001,male
255251,-,-,-,-,2020,INFORMATION & COMMUNICATION TECHNOLOGY,F,COMMUNICATION & MEDIA STUDIES,F,SINHALA,C,032,S,new,7,November,2001,male
194061,-,-,-,-,2020,INFORMATION & COMMUNICATION TECHNOLOGY,F,ENGINEERING TECHNOLOGY,F,SCIENCE FOR TECHNOLOGY,F,048,F,new,15,July,2001,male
326335,-,-,-,-,2020,AGRICULTURAL SCIENCE,Absent,BIO SYSTEMS TECHNOLOGY,Absent,SCIENCE FOR TECHNOLOGY,Absent,Absent,Absent,old,13,July,1998,male
174982,ARTS,.7797,796 (NEW),24125 (NEW),2020,AGRICULTURAL SCIENCE,C,BUDDHIST CIVILIZATION,C,SINHALA,B,036,S,new,26,May,2001,female
185884,COMMERCE,-.0158,1068 (NEW),28684 (NEW),2020,ECONOMICS,S,BUSINESS STUDIES,S,ACCOUNTING,B,050,S,new,8,November,2001,female
236785,BIOLOGICAL SCIENCE,.5192,199 (NEW),10754 (NEW),2020,PHYSICS,S,CHEMISTRY,C,BIOLOGY,C,Absent,S,new,5,February,2000,female
193228,ARTS,.5096,1801 (NEW),33744 (NEW),2020,POLITICAL SCIENCE,C,COMMUNICATION & MEDIA STUDIES,C,SINHALA,B,032,F,new,3,April,2001,female
134184,ARTS,1.4912,391 (NEW),5262 (NEW),2020,FOOD TECHNOLOGY,B,COMMUNICATION & MEDIA STUDIES,C,BUDDHIST CIVILIZATION,A,Absent,Absent,new,17,April,1999,female
224018,ARTS,1.5697,244 (NEW),4025 (NEW),2020,GEOGRAPHY,A,POLITICAL SCIENCE,A,ISLAM,A,046,A,new,17,August,2001,female
96994,COMMERCE,1.6280,121 (NEW),2570 (NEW),2020,INFORMATION & COMMUNICATION TECHNOLOGY,C,BUSINESS STUDIES,A,ACCOUNTING,A,064,B,new,25,May,2001,female
233987,-,-.6855,-,-,2020,PHYSICS,S,CHEMISTRY,S,COMBINED MATHEMATICS,F,046,C,new,30,January,2002,male
203568,ARTS,1.0072,405 (NEW),16862 (NEW),2020,ECONOMICS,S,COMMUNICATION & MEDIA STUDIES,B,SINHALA,A,038,F,new,23,March,2001,female
50568,-,-,-,-,2020,ECONOMICS,F,LOGIC & SCIENTIFIC METHOD,F,SINHALA,S,034,F,new,17,July,2001,female
236066,-,-.4007,-,-,2020,ECONOMICS,C,BUSINESS STUDIES,C,ACCOUNTING,F,038,S,new,30,November,2001,female
65057,ARTS,-.3012,3329 (NEW),63466 (NEW),2020,COMMUNICATION & MEDIA STUDIES,S,DRAMA AND THEATRE (SINHALA),C,SINHALA,S,032,S,new,Invalid nic error,Invalid nic error,Invalid nic error,
202925,COMMERCE,.9264,241 (NEW),11537 (NEW),2020,INFORMATION & COMMUNICATION TECHNOLOGY,C,BUSINESS STUDIES,B,ACCOUNTING,C,052,S,new,31,August,2001,male
121949,COMMERCE,-.4509,1926 (NEW),36950 (NEW),2020,ECONOMICS,S,BUSINESS STUDIES,S,ACCOUNTING,S,050,F,new,19,August,2000,male
5789,ARTS,-.0176,3517 (NEW),53778 (NEW),2020,HOME ECONOMICS,C,ISLAM,B,ARABIC,S,042,A,new,1,June,2000,female
7593,COMMERCE,.4209,3833 (NEW),20223 (NEW),2020,INFORMATION & COMMUNICATION TECHNOLOGY,S,BUSINESS STUDIES,C,ACCOUNTING,C,048,A,new,13,August,2001,female
136346,COMMERCE,.6708,650 (NEW),15802 (NEW),2020,ECONOMICS,C,BUSINESS STUDIES,B,ACCOUNTING,C,048,F,new,28,May,2001,male
242127,ARTS,-.1527,1873 (NEW),58640 (NEW),2020,GEOGRAPHY,S,POLITICAL SCIENCE,C,TAMIL,S,034,F,new,26,March,2001,female
207838,ARTS,.9144,491 (NEW),19628 (NEW),2020,GEOGRAPHY,B,HOME ECONOMICS,B,SINHALA,B,044,F,new,5,December,2001,female
262553,COMMERCE,.4713,449 (NEW),19267 (NEW),2020,ECONOMICS,B,BUSINESS STUDIES,B,ACCOUNTING,S,046,F,new,28,February,2001,female
71473,ARTS,-.5474,3585 (NEW),69311 (NEW),2020,COMMUNICATION & MEDIA STUDIES,S,ART,S,SINHALA,C,032,F,new,4,January,2001,female
187798,COMMERCE,-.4717,1394 (NEW),37251 (NEW),2020,ECONOMICS,S,BUSINESS STUDIES,S,ACCOUNTING,S,028,F,new,10,June,2001,female
107323,-,-,-,-,2020,ECONOMICS,Absent,BUSINESS STUDIES,Absent,ACCOUNTING,Absent,Absent,Absent,new,29,June,2000,female
144664,-,-,-,-,2020,INFORMATION & COMMUNICATION TECHNOLOGY,Absent,ENGINEERING TECHNOLOGY,Absent,SCIENCE FOR TECHNOLOGY,Absent,Absent,Absent,new,1,March,2000,male
274964,-,-,-,-,2020,PHYSICS,F,CHEMISTRY,F,BIOLOGY,F,Absent,Absent,new,5,December,2000,male
84883,ENGINEERING TECHNOLOGY,.6380,275 (NEW),4400 (NEW),2020,INFORMATION & COMMUNICATION TECHNOLOGY,S,ENGINEERING TECHNOLOGY,C,SCIENCE FOR TECHNOLOGY,C,034,F,new,6,August,2001,male
316644,ARTS,.8019,101 (OLD),1841 (OLD),2020,POLITICAL SCIENCE,S,ISLAM,B,ARABIC,A,043,F,old,8,March,1998,male
266036,ARTS,.0874,1767 (NEW),49851 (NEW),2020,HISTORY OF SRI LANKA & INDIA,S,BUDDHIST CIVILIZATION,C,SINHALA,C,048,F,new,16,June,2000,male
299999,-,-,-,-,2020,PHYSICS,F,CHEMISTRY,F,COMBINED MATHEMATICS,F,050,F,new,16,November,2001,male
119003,ARTS,.1030,2958 (NEW),49277 (NEW),2020,GEOGRAPHY,C,HISTORY OF SRI LANKA & INDIA,C,SINHALA,C,044,F,new,4,July,2001,male
321092,-,-,-,-,2020,GEOGRAPHY,Absent,POLITICAL SCIENCE,Absent,ISLAM,Absent,Absent,Absent,old,11,September,1996,female
146072,ENGINEERING TECHNOLOGY,1.4061,50 (NEW),1377 (NEW),2020,INFORMATION & COMMUNICATION TECHNOLOGY,C,ENGINEERING TECHNOLOGY,C,SCIENCE FOR TECHNOLOGY,B,046,S,new,23,December,2001,male
63080,-,-1.1139,-,-,2020,INFORMATION & COMMUNICATION TECHNOLOGY,S,BIO SYSTEMS TECHNOLOGY,F,SCIENCE FOR TECHNOLOGY,S,056,S,new,13,March,2001,male
113440,-,-.7313,-,-,2020,PHYSICS,S,CHEMISTRY,S,COMBINED MATHEMATICS,F,044,F,new,16,March,2000,female
311278,-,-,-,-,2020,ECONOMICS,F,BUSINESS STUDIES,Absent,ACCOUNTING,Absent,Absent,Absent,old,2,April,1999,male
243264,-,-.3493,-,-,2020,GEOGRAPHY,F,BUDDHIST CIVILIZATION,S,SINHALA,C,028,F,new,26,February,2001,female
183241,BIOLOGICAL SCIENCE,1.5745,38 (NEW),2607 (NEW),2020,PHYSICS,B,CHEMISTRY,B,BIOLOGY,B,064,S,new,17,June,2000,male
4215,PHYSICAL SCIENCE,2.4239,85 (NEW),230 (NEW),2020,PHYSICS,A,CHEMISTRY,A,COMBINED MATHEMATICS,A,074,A,new,12,December,2000,male
271525,-,-,-,-,2020,PHYSICS,F,CHEMISTRY,F,BIOLOGY,S,054,B,new,8,January,2001,female
26740,ARTS,.4357,2413 (NEW),36525 (NEW),2020,HOME ECONOMICS,C,COMMUNICATION & MEDIA STUDIES,C,CHRISTIANITY,A,036,F,new,14,December,2001,female
274791,ARTS,.3301,1407 (NEW),40523 (NEW),2020,POLITICAL SCIENCE,C,HINDUISM,B,TAMIL,C,018,F,new,9,September,2001,female
314748,ARTS,.0583,199 (OLD),4078 (OLD),2020,AGRICULTURAL SCIENCE,S,INFORMATION & COMMUNICATION TECHNOLOGY,S,GEOGRAPHY,C,Absent,F,old,5,January,1999,male
72674,-,-,-,-,2020,POLITICAL SCIENCE,F,COMMUNICATION & MEDIA STUDIES,S,ART,F,032,C,new,11,June,2001,female
26933,-,-.1627,-,-,2020,INFORMATION & COMMUNICATION TECHNOLOGY,S,GEOGRAPHY,S,POLITICAL SCIENCE,F,060,S,new,19,March,2001,male
36863,ARTS,1.0178,1282 (NEW),16552 (NEW),2020,HISTORY OF SRI LANKA & INDIA,B,COMMUNICATION & MEDIA STUDIES,C,JAPANESE,A,044,B,new,20,June,2001,female
64765,ARTS,1.0130,999 (NEW),16697 (NEW),2020,GEOGRAPHY,B,DANCING(INDIGENOUS),A,SINHALA,B,042,F,new,18,March,2001,female
80207,-,-,-,-,2020,POLITICAL SCIENCE,F,DANCING(INDIGENOUS),F,SINHALA,C,028,F,new,19,April,2000,female
239055,NON,1.2352,-,-,2020,HINDU CIVILIZATION,A,CARNATIC MUSIC,C,TAMIL,B,028,S,new,20,July,2001,female
100266,-,-,-,-,2020,PHYSICS,S,CHEMISTRY,F,BIOLOGY,F,Absent,S,new,28,August,2000,male
10585,COMMERCE,2.0726,108 (NEW),290 (NEW),2020,ECONOMICS,A,BUSINESS STUDIES,A,ACCOUNTING,A,044,C,new,4,May,2001,male
141885,PHYSICAL SCIENCE,.2529,552 (NEW),13623 (NEW),2020,PHYSICS,S,CHEMISTRY,C,COMBINED MATHEMATICS,C,072,C,new,5,May,2001,male
283339,-,-,-,-,2020,PHYSICS,Absent,CHEMISTRY,Absent,BIOLOGY,Absent,Absent,Absent,new,11,May,2000,female
177331,-,-,-,-,2020,PHYSICS,F,CHEMISTRY,F,BIOLOGY,F,044,C,new,24,July,2001,female
302652,COMMERCE,.6296,268 (NEW),16530 (NEW),2020,ECONOMICS,B,BUSINESS STUDIES,C,ACCOUNTING,C,050,F,new,26,April,2001,male
96336,-,-,-,-,2020,ECONOMICS,Absent,BUSINESS STUDIES,Absent,ACCOUNTING,Absent,Absent,Absent,new,7,February,1999,female
23442,-,-.6907,-,-,2020,BUDDHIST CIVILIZATION,F,DANCING(INDIGENOUS),C,SINHALA,S,024,F,new,30,October,2000,male
241085,-,-.6600,-,-,2020,POLITICAL SCIENCE,S,ISLAMIC CIVILIZATION,F,TAMIL,C,042,F,new,27,December,2001,female
63844,COMMERCE,.6442,1155 (NEW),16268 (NEW),2020,INFORMATION & COMMUNICATION TECHNOLOGY,S,BUSINESS STUDIES,B,ACCOUNTING,C,052,B,new,10,January,2002,female
153925,BIOLOGICAL SCIENCE,1.6296,154 (NEW),2330 (NEW),2020,PHYSICS,B,CHEMISTRY,A,BIOLOGY,B,Absent,Absent,new,19,July,2000,female
106817,-,-.4889,-,-,2020,INFORMATION & COMMUNICATION TECHNOLOGY,F,ENGINEERING TECHNOLOGY,S,SCIENCE FOR TECHNOLOGY,S,040,S,new,9,April,2001,male
226624,BIOSYSTEMS TECHNOLOGY,1.4098,49 (NEW),793 (NEW),2020,AGRICULTURAL SCIENCE,C,BIO SYSTEMS TECHNOLOGY,C,SCIENCE FOR TECHNOLOGY,B,024,F,new,9,October,2001,female
9853,BIOLOGICAL SCIENCE,1.3190,835 (NEW),3979 (NEW),2020,PHYSICS,C,CHEMISTRY,A,BIOLOGY,C,068,A,new,13,June,2001,male
10578,-,-,-,-,2020,PHYSICS,Absent,CHEMISTRY,Absent,COMBINED MATHEMATICS,Absent,Absent,Absent,new,1,October,1999,male
292770,-,-,-,-,2020,GEOGRAPHY,F,CHRISTIAN CIVILIZATION,F,DRAMA AND THEATRE (TAMIL),Absent,024,Absent,new,1,September,2001,male
289690,BIOLOGICAL SCIENCE,1.9947,8 (NEW),966 (NEW),2020,PHYSICS,B,CHEMISTRY,A,BIOLOGY,B,068,A,new,17,November,2001,female
315218,-,-,-,-,2020,CHEMISTRY,Absent,AGRICULTURAL SCIENCE,Absent,BIOLOGY,Absent,Absent,Absent,old,1,September,1988,male
223304,COMMERCE,.4082,1325 (NEW),20476 (NEW),2020,ECONOMICS,S,BUSINESS STUDIES,C,ACCOUNTING,B,042,C,new,10,July,2001,female
165797,-,-,-,-,2020,INFORMATION & COMMUNICATION TECHNOLOGY,Absent,ENGINEERING TECHNOLOGY,Absent,SCIENCE FOR TECHNOLOGY,Absent,Absent,Absent,new,3,February,2000,male
169532,ENGINEERING TECHNOLOGY,.1470,718 (NEW),7622 (NEW),2020,INFORMATION & COMMUNICATION TECHNOLOGY,S,ENGINEERING TECHNOLOGY,S,SCIENCE FOR TECHNOLOGY,C,066,B,new,29,May,2001,male
233605,-,-,-,-,2020,GEOGRAPHY,F,POLITICAL SCIENCE,S,TAMIL,F,034,F,new,10,May,2001,male
164050,ARTS,.4170,4082 (NEW),37237 (NEW),2020,POLITICAL SCIENCE,S,BUDDHIST CIVILIZATION,C,SINHALA,B,024,F,new,18,May,2001,female
268452,ARTS,-.1375,2101 (NEW),58110 (NEW),2020,POLITICAL SCIENCE,S,LOGIC & SCIENTIFIC METHOD,S,ISLAM,B,030,F,new,28,August,2000,male
289415,COMMERCE,-.3741,195 (NEW),35729 (NEW),2020,ECONOMICS,C,BUSINESS STUDIES,S,ACCOUNTING,S,046,S,new,20,April,2001,male
273014,ARTS,.0010,1893 (NEW),53049 (NEW),2020,POLITICAL SCIENCE,S,ISLAM,C,TAMIL,C,046,S,new,3,February,2001,female
102037,-,-,-,-,2020,INFORMATION & COMMUNICATION TECHNOLOGY,F,ENGINEERING TECHNOLOGY,Absent,SCIENCE FOR TECHNOLOGY,F,048,F,new,20,July,2001,male
155566,-,-,-,-,2020,GEOGRAPHY,F,HISTORY OF SRI LANKA & INDIA,F,SINHALA,C,028,F,new,12,February,2000,female
176009,ARTS,.9928,585 (NEW),17303 (NEW),2020,INFORMATION & COMMUNICATION TECHNOLOGY,C,ENGLISH,C,FRENCH,C,040,A,new,2,October,2000,female
30908,ENGINEERING TECHNOLOGY,-.0635,1084 (NEW),9348 (NEW),2020,INFORMATION & COMMUNICATION TECHNOLOGY,S,ENGINEERING TECHNOLOGY,C,SCIENCE FOR TECHNOLOGY,S,Absent,C,new,30,October,2000,male
183162,COMMERCE,1.5542,87 (NEW),3219 (NEW),2020,ECONOMICS,A,BUSINESS STUDIES,A,ACCOUNTING,A,054,S,new,27,February,2001,female
284748,ARTS,1.3395,156 (NEW),8258 (NEW),2020,AGRICULTURAL SCIENCE,S,COMMUNICATION & MEDIA STUDIES,A,CHRISTIAN CIVILIZATION,A,036,F,new,29,January,2002,female
34180,COMMERCE,1.8906,78 (NEW),904 (NEW),2020,ECONOMICS,A,BUSINESS STUDIES,A,ACCOUNTING,A,058,A,new,17,July,2001,male
24521,-,-.7292,-,-,2020,HISTORY OF SRI LANKA & INDIA,F,COMMUNICATION & MEDIA STUDIES,S,SINHALA,C,048,F,new,23,May,2001,female
6841,ENGINEERING TECHNOLOGY,.7855,469 (NEW),3651 (NEW),2020,INFORMATION & COMMUNICATION TECHNOLOGY,C,ENGINEERING TECHNOLOGY,C,SCIENCE FOR TECHNOLOGY,C,062,C,new,7,June,2001,male
277676,COMMERCE,-.3194,495 (NEW),34780 (NEW),2020,ECONOMICS,S,BUSINESS STUDIES,S,ACCOUNTING,C,046,F,new,14,December,2001,male
262432,ARTS,.5648,1046 (NEW),31670 (NEW),2020,GEOGRAPHY,S,DANCING(INDIGENOUS),A,SINHALA,B,044,F,new,17,March,2001,female
257174,ENGINEERING TECHNOLOGY,-.3332,277 (NEW),11252 (NEW),2020,INFORMATION & COMMUNICATION TECHNOLOGY,S,ENGINEERING TECHNOLOGY,S,SCIENCE FOR TECHNOLOGY,S,046,F,new,3,January,2001,male
143703,-,-,-,-,2020,POLITICAL SCIENCE,F,COMMUNICATION & MEDIA STUDIES,F,SINHALA,F,032,F,new,8,May,2001,male
96259,ARTS,.9418,990 (NEW),18809 (NEW),2020,COMMUNICATION & MEDIA STUDIES,B,ART,C,SINHALA,B,Absent,F,new,3,August,1999,female
172555,PHYSICAL SCIENCE,.1654,1151 (NEW),14661 (NEW),2020,PHYSICS,C,CHEMISTRY,S,COMBINED MATHEMATICS,C,Absent,Absent,new,6,January,2001,male
213649,-,-,-,-,2020,ECONOMICS,Absent,BUSINESS STUDIES,Absent,ACCOUNTING,Absent,Absent,Absent,new,31,March,2000,male
22758,ARTS,1.7375,266 (NEW),2099 (NEW),2020,GEOGRAPHY,A,COMMUNICATION & MEDIA STUDIES,A,SINHALA,B,050,S,new,12,October,2001,female
80728,-,-,-,-,2020,PHYSICS,F,CHEMISTRY,F,COMBINED MATHEMATICS,S,052,B,new,7,October,2001,male
59196,NON,-.2631,-,-,2020,PHYSICS,S,COMBINED MATHEMATICS,S,INFORMATION & COMMUNICATION TECHNOLOGY,S,062,S,new,25,August,2001,male
310896,-,-,-,-,2020,AGRICULTURAL SCIENCE,F,ENGINEERING TECHNOLOGY,F,SCIENCE FOR TECHNOLOGY,F,Absent,Absent,old,2,September,1998,male
267549,ARTS,.6005,1036 (NEW),30343 (NEW),2020,AGRICULTURAL SCIENCE,C,BUDDHIST CIVILIZATION,B,SINHALA,C,050,F,new,2,September,2000,female
76357,PHYSICAL SCIENCE,-.1050,1114 (NEW),17886 (NEW),2020,PHYSICS,S,CHEMISTRY,S,COMBINED MATHEMATICS,S,054,B,new,8,October,2001,female
159431,BIOSYSTEMS TECHNOLOGY,.1785,464 (NEW),4780 (NEW),2020,AGRICULTURAL SCIENCE,S,BIO SYSTEMS TECHNOLOGY,C,SCIENCE FOR TECHNOLOGY,S,054,S,new,1,April,2001,female
280666,COMMERCE,.0832,375 (NEW),26740 (NEW),2020,ECONOMICS,C,BUSINESS STUDIES,C,ACCOUNTING,S,028,F,new,6,February,2001,male
40795,COMMERCE,.8073,1534 (NEW),13516 (NEW),2020,ECONOMICS,C,BUSINESS STUDIES,C,ACCOUNTING,B,050,C,new,8,November,2000,female
312184,-,-,-,-,2020,COMMUNICATION & MEDIA STUDIES,Absent,BUDDHIST CIVILIZATION,Absent,SINHALA,Absent,Absent,Absent,old,8,January,2000,female
318432,BIOLOGICAL SCIENCE,.4791,90 (OLD),2912 (OLD),2020,CHEMISTRY,S,AGRICULTURAL SCIENCE,C,BIOLOGY,C,057,B,old,9,October,1999,male
299921,-,-,-,-,2020,ECONOMICS,F,BUSINESS STUDIES,F,ACCOUNTING,S,046,S,new,1,November,2001,male
14710,-,-,-,-,2020,PHYSICS,F,CHEMISTRY,F,BIOLOGY,F,054,B,new,24,January,2001,female
162440,-,-.6606,-,-,2020,INFORMATION & COMMUNICATION TECHNOLOGY,F,BUSINESS STUDIES,C,ACCOUNTING,S,058,S,new,19,April,2001,male
126906,ARTS,-.0796,3294 (NEW),56070 (NEW),2020,POLITICAL SCIENCE,S,HISTORY OF SRI LANKA & INDIA,C,BUDDHIST CIVILIZATION,S,030,F,new,6,July,2001,female
260357,-,-,-,-,2020,ECONOMICS,Absent,BUSINESS STUDIES,Absent,ACCOUNTING,Absent,Absent,Absent,new,9,October,2000,male
24101,ENGINEERING TECHNOLOGY,-.5792,1332 (NEW),12242 (NEW),2020,INFORMATION & COMMUNICATION TECHNOLOGY,S,ENGINEERING TECHNOLOGY,S,SCIENCE FOR TECHNOLOGY,S,032,C,new,28,April,2001,female
330877,-,-,-,-,2020,PHYSICS,Absent,CHEMISTRY,Absent,BIOLOGY,Absent,Absent,Absent,old,19,June,1999,female
62364,COMMERCE,1.7089,166 (NEW),1948 (NEW),2020,INFORMATION & COMMUNICATION TECHNOLOGY,B,ECONOMICS,A,ACCOUNTING,A,060,A,new,6,March,2001,female
100301,ARTS,-.4261,2874 (NEW),66736 (NEW),2020,GEOGRAPHY,S,POLITICAL SCIENCE,S,SINHALA,C,054,F,new,3,August,2001,male
302791,PHYSICAL SCIENCE,-.0934,778 (NEW),17744 (NEW),2020,PHYSICS,S,CHEMISTRY,S,COMBINED MATHEMATICS,C,056,S,new,23,November,2001,female
284726,-,-,-,-,2020,PHYSICS,F,CHEMISTRY,F,BIOLOGY,F,040,C,new,15,November,2001,female
275420,COMMERCE,.3984,281 (NEW),20639 (NEW),2020,ECONOMICS,C,BUSINESS STUDIES,C,ACCOUNTING,C,042,F,new,10,August,2001,female
101942,ARTS,.1694,2167 (NEW),46749 (NEW),2020,GEOGRAPHY,S,HISTORY OF SRI LANKA & INDIA,C,BUDDHIST CIVILIZATION,C,036,F,new,25,August,2001,female
315284,-,-,-,-,2020,POLITICAL SCIENCE,Absent,DANCING(BHARATHA),Absent,TAMIL,Absent,Absent,Absent,old,10,November,1999,female
319474,ENGINEERING TECHNOLOGY,.2147,35 (OLD),325 (OLD),2020,COMMUNICATION & MEDIA STUDIES,C,ENGINEERING TECHNOLOGY,C,SCIENCE FOR TECHNOLOGY,S,063,Absent,old,26,November,1982,male
166594,COMMERCE,.0791,1833 (NEW),26822 (NEW),2020,ECONOMICS,C,BUSINESS STUDIES,C,ACCOUNTING,S,042,S,new,7,April,2000,male
12630,-,-,-,-,2020,ECONOMICS,F,BUSINESS STUDIES,F,ACCOUNTING,F,040,F,new,22,June,2001,female
166469,ARTS,-.4951,7146 (NEW),68276 (NEW),2020,POLITICAL SCIENCE,S,COMMUNICATION & MEDIA STUDIES,S,SINHALA,S,034,F,new,24,December,2001,female
34661,NON,.8230,-,-,2020,PHYSICS,S,COMBINED MATHEMATICS,C,INFORMATION & COMMUNICATION TECHNOLOGY,B,060,A,new,8,October,2001,female
332615,-,-,-,-,2020,HISTORY OF EUROPE,Absent,HINDU CIVILIZATION,Absent,TAMIL,Absent,Absent,Absent,old,9,October,1990,female
247047,-,-,-,-,2020,PHYSICS,F,CHEMISTRY,F,BIOLOGY,F,040,B,new,25,April,2001,female
213307,-,-,-,-,2020,GEOGRAPHY,F,ENGINEERING TECHNOLOGY,F,SCIENCE FOR TECHNOLOGY,F,032,F,new,1,March,2001,male
152775,PHYSICAL SCIENCE,1.6815,181 (NEW),2175 (NEW),2020,PHYSICS,B,CHEMISTRY,A,COMBINED MATHEMATICS,A,070,A,new,16,May,2001,male
317093,-,-,-,-,2020,AGRICULTURAL SCIENCE,Absent,BIO SYSTEMS TECHNOLOGY,Absent,SCIENCE FOR TECHNOLOGY,Absent,Absent,Absent,old,26,June,1997,female
147326,ARTS,.8879,798 (NEW),20478 (NEW),2020,ECONOMICS,C,GEOGRAPHY,B,HISTORY OF SRI LANKA & INDIA,B,Absent,S,new,19,November,2000,female
205112,ARTS,.7229,666 (NEW),26048 (NEW),2020,HISTORY OF SRI LANKA & EUROPE,B,ISLAM,A,TAMIL,C,040,S,new,15,June,2001,female
14933,-,-,-,-,2020,ECONOMICS,F,BUSINESS STUDIES,F,ACCOUNTING,F,040,B,new,10,October,2001,male
141366,ARTS,.8838,802 (NEW),20607 (NEW),2020,INFORMATION & COMMUNICATION TECHNOLOGY,C,GEOGRAPHY,B,LOGIC & SCIENTIFIC METHOD,C,054,C,new,28,August,2001,female
193054,-,-.7660,-,-,2020,INFORMATION & COMMUNICATION TECHNOLOGY,F,ENGINEERING TECHNOLOGY,S,SCIENCE FOR TECHNOLOGY,S,028,Absent,new,4,September,2001,male
216646,PHYSICAL SCIENCE,-.0261,1047 (NEW),16973 (NEW),2020,PHYSICS,S,CHEMISTRY,C,COMBINED MATHEMATICS,S,Absent,S,new,31,August,2000,male
127172,ARTS,1.4790,407 (NEW),5469 (NEW),2020,POLITICAL SCIENCE,B,BUDDHIST CIVILIZATION,A,SINHALA,A,038,F,new,2,January,2002,female
306503,COMMERCE,1.5640,7 (OLD),109 (OLD),2020,ECONOMICS,A,BUSINESS STATISTICS,C,ACCOUNTING,C,Absent,A,old,19,June,1998,female
330219,-,-,-,-,2020,CHEMISTRY,Absent,AGRICULTURAL SCIENCE,Absent,BIOLOGY,F,Absent,Absent,old,31,March,1997,female
265187,COMMERCE,-.6036,779 (NEW),38802 (NEW),2020,ECONOMICS,S,BUSINESS STUDIES,S,ACCOUNTING,S,036,F,new,24,July,2000,female
275805,-,.0954,-,-,2020,POLITICAL SCIENCE,F,DRAMA AND THEATRE (TAMIL),C,TAMIL,C,044,F,new,12,August,2001,male
147959,BIOSYSTEMS TECHNOLOGY,.3616,288 (NEW),3986 (NEW),2020,AGRICULTURAL SCIENCE,S,BIO SYSTEMS TECHNOLOGY,C,SCIENCE FOR TECHNOLOGY,S,038,S,new,29,February,2000,female
24958,-,-.6623,-,-,2020,INFORMATION & COMMUNICATION TECHNOLOGY,S,ECONOMICS,S,ACCOUNTING,F,042,S,new,5,January,2002,male
292295,COMMERCE,-.1063,140 (NEW),30552 (NEW),2020,ECONOMICS,C,BUSINESS STUDIES,C,ACCOUNTING,S,044,S,new,24,January,2001,male
310017,ENGINEERING TECHNOLOGY,-.1620,52 (OLD),450 (OLD),2020,MATHEMATICS,S,ENGINEERING TECHNOLOGY,S,SCIENCE FOR TECHNOLOGY,S,043,S,old,27,June,1997,male
181099,ARTS,.7336,849 (NEW),25679 (NEW),2020,LOGIC & SCIENTIFIC METHOD,C,HISTORY OF SRI LANKA & EUROPE,B,SINHALA,B,042,S,new,16,April,2001,female
71223,ENGINEERING TECHNOLOGY,.5115,280 (NEW),5108 (NEW),2020,INFORMATION & COMMUNICATION TECHNOLOGY,S,ENGINEERING TECHNOLOGY,C,SCIENCE FOR TECHNOLOGY,S,036,F,new,20,December,2001,male
195100,ARTS,.1701,2456 (NEW),46718 (NEW),2020,COMMUNICATION & MEDIA STUDIES,C,BUDDHIST CIVILIZATION,C,SINHALA,C,044,F,new,11,February,2001,female
184284,COMMERCE,-.4233,1367 (NEW),36536 (NEW),2020,ECONOMICS,S,BUSINESS STUDIES,S,ACCOUNTING,S,044,F,new,4,May,2001,female
326472,-,-,-,-,2020,PHYSICS,Absent,CHEMISTRY,Absent,BIOLOGY,Absent,Absent,Absent,old,21,September,1999,female
316182,-,-1.3658,-,-,2020,ECONOMICS,F,ORIENTAL MUSIC,S,SINHALA,C,038,F,old,21,March,1999,male
232473,-,-,-,-,2020,CHEMISTRY,F,AGRICULTURAL SCIENCE,F,BIOLOGY,F,038,F,new,1,February,2001,male
225091,-,-,-,-,2020,ECONOMICS,Absent,BUSINESS STUDIES,Absent,ACCOUNTING,Absent,Absent,Absent,new,8,April,2000,female
170365,-,-,-,-,2020,PHYSICS,S,CHEMISTRY,F,COMBINED MATHEMATICS,F,060,S,new,20,March,2001,male
47617,ARTS,-.4780,5311 (NEW),67912 (NEW),2020,COMMUNICATION & MEDIA STUDIES,S,BUDDHIST CIVILIZATION,S,SINHALA,C,060,S,new,7,August,2001,female
26077,ARTS,1.3720,660 (NEW),7513 (NEW),2020,GEOGRAPHY,A,COMMUNICATION & MEDIA STUDIES,B,SINHALA,B,026,F,new,3,June,2001,female
222153,COMMERCE,-.2752,2348 (NEW),33918 (NEW),2020,ECONOMICS,S,BUSINESS STUDIES,S,ACCOUNTING,S,050,S,new,11,April,2001,female
142366,-,-.8689,-,-,2020,GEOGRAPHY,F,DRAMA AND THEATRE (SINHALA),C,SINHALA,S,042,F,new,20,February,2001,male
266581,ARTS,-.2446,2231 (NEW),61714 (NEW),2020,POLITICAL SCIENCE,S,BUDDHIST CIVILIZATION,S,SINHALA,C,048,F,new,6,November,2001,male
81146,-,-,-,-,2020,INFORMATION & COMMUNICATION TECHNOLOGY,F,GEOGRAPHY,F,SINHALA,S,028,S,new,27,August,2001,female
97578,NON,-.0514,-,-,2020,PHYSICS,S,COMBINED MATHEMATICS,S,INFORMATION & COMMUNICATION TECHNOLOGY,S,048,S,new,21,October,2001,male
137589,-,.1582,-,-,2020,GEOGRAPHY,C,POLITICAL SCIENCE,F,SINHALA,B,028,F,new,29,November,2001,female
261408,-,-,-,-,2020,AGRICULTURAL SCIENCE,F,LOGIC & SCIENTIFIC METHOD,F,HISTORY OF SRI LANKA & INDIA,F,036,F,new,16,May,2001,female
180725,-,-,-,-,2020,GEOGRAPHY,Absent,POLITICAL SCIENCE,Absent,ISLAM,Absent,Absent,Absent,new,19,November,2000,male
231511,-,-,-,-,2020,GEOGRAPHY,F,COMMUNICATION & MEDIA STUDIES,F,SINHALA,S,030,F,new,28,August,2000,female
105602,ENGINEERING TECHNOLOGY,1.7001,74 (NEW),744 (NEW),2020,GEOGRAPHY,A,ENGINEERING TECHNOLOGY,B,SCIENCE FOR TECHNOLOGY,B,050,F,new,25,November,2001,male
39810,-,-,-,-,2020,PHYSICS,Absent,CHEMISTRY,Absent,COMBINED MATHEMATICS,Absent,Absent,Absent,new,14,October,2000,female
237356,BIOSYSTEMS TECHNOLOGY,.7228,58 (NEW),2599 (NEW),2020,AGRICULTURAL SCIENCE,C,BIO SYSTEMS TECHNOLOGY,C,SCIENCE FOR TECHNOLOGY,C,050,S,new,25,July,2001,female
73798,-,-,-,-,2020,PHYSICS,F,CHEMISTRY,F,COMBINED MATHEMATICS,S,058,B,new,23,December,2001,female
125241,COMMERCE,.9755,586 (NEW),10794 (NEW),2020,ECONOMICS,A,BUSINESS STUDIES,B,ACCOUNTING,C,054,F,new,24,May,2001,male
265335,-,-,-,-,2020,COMMUNICATION & MEDIA STUDIES,F,BUDDHIST CIVILIZATION,F,SINHALA,S,026,F,new,12,November,2000,female
179842,ARTS,.2317,1487 (NEW),44322 (NEW),2020,GEOGRAPHY,S,POLITICAL SCIENCE,C,ISLAM,C,042,F,new,24,September,2001,female
207634,BIOSYSTEMS TECHNOLOGY,-.3610,245 (NEW),7000 (NEW),2020,AGRICULTURAL SCIENCE,S,BIO SYSTEMS TECHNOLOGY,S,SCIENCE FOR TECHNOLOGY,S,036,S,new,25,January,2001,male
68959,COMMERCE,.1792,1677 (NEW),24843 (NEW),2020,ECONOMICS,C,BUSINESS STUDIES,S,ACCOUNTING,C,034,Absent,new,2,March,2000,female
247905,-,-.7733,-,-,2020,ECONOMICS,S,BUSINESS STUDIES,S,ACCOUNTING,F,030,F,new,9,September,2000,male
35606,ARTS,-.3249,4988 (NEW),64172 (NEW),2020,ECONOMICS,S,POLITICAL SCIENCE,S,HOME ECONOMICS,C,034,F,new,10,November,2001,female
196829,ARTS,.7037,588 (NEW),26705 (NEW),2020,GEOGRAPHY,C,BUDDHIST CIVILIZATION,B,SINHALA,B,032,F,new,6,November,2001,female
210690,COMMERCE,.2518,1528 (NEW),23453 (NEW),2020,ECONOMICS,C,BUSINESS STUDIES,C,ACCOUNTING,C,042,S,new,26,January,2001,female
198057,COMMERCE,.5767,318 (NEW),17427 (NEW),2020,ECONOMICS,B,BUSINESS STUDIES,C,ACCOUNTING,C,046,F,new,23,November,2001,female
166818,COMMERCE,-.1380,2084 (NEW),31182 (NEW),2020,ECONOMICS,S,BUSINESS STUDIES,C,ACCOUNTING,S,Absent,S,new,27,July,2000,female
214972,ARTS,1.0553,931 (NEW),15416 (NEW),2020,HISTORY OF SRI LANKA & INDIA,A,DRAMA AND THEATRE (SINHALA),B,SINHALA,B,036,S,new,25,July,2001,female
299310,PHYSICAL SCIENCE,1.4451,165 (NEW),3332 (NEW),2020,PHYSICS,B,CHEMISTRY,B,COMBINED MATHEMATICS,A,052,C,new,12,March,2001,male
155857,-,-,-,-,2020,GEOGRAPHY,Absent,HINDU CIVILIZATION,Absent,TAMIL,Absent,Absent,Absent,new,23,March,2000,female
273741,BIOLOGICAL SCIENCE,.5791,321 (NEW),10138 (NEW),2020,PHYSICS,S,CHEMISTRY,C,BIOLOGY,C,062,A,new,23,January,2002,female
186920,-,-.7238,-,-,2020,INFORMATION & COMMUNICATION TECHNOLOGY,S,BUSINESS STUDIES,F,ACCOUNTING,S,030,F,new,30,June,2001,male
147855,COMMERCE,.4820,772 (NEW),19072 (NEW),2020,ECONOMICS,B,BUSINESS STUDIES,C,ACCOUNTING,S,Absent,S,new,10,June,2000,female
198698,BIOSYSTEMS TECHNOLOGY,.0708,107 (NEW),5267 (NEW),2020,AGRICULTURAL SCIENCE,C,BIO SYSTEMS TECHNOLOGY,S,SCIENCE FOR TECHNOLOGY,S,040,F,new,10,August,2000,male
2196,PHYSICAL SCIENCE,1.1883,1034 (NEW),4946 (NEW),2020,PHYSICS,B,CHEMISTRY,C,COMBINED MATHEMATICS,B,070,A,new,28,July,2001,female
100659,BIOSYSTEMS TECHNOLOGY,.6248,139 (NEW),2953 (NEW),2020,AGRICULTURAL SCIENCE,C,BIO SYSTEMS TECHNOLOGY,C,SCIENCE FOR TECHNOLOGY,C,028,F,new,6,August,2001,female
3553,BIOLOGICAL SCIENCE,.7598,1480 (NEW),8300 (NEW),2020,PHYSICS,C,CHEMISTRY,C,BIOLOGY,C,Absent,A,new,14,January,2001,male
322445,BIOLOGICAL SCIENCE,.6532,244 (OLD),2441 (OLD),2020,PHYSICS,C,CHEMISTRY,C,BIOLOGY,B,065,A,old,26,April,1999,female
69771,PHYSICAL SCIENCE,1.6401,120 (NEW),2359 (NEW),2020,PHYSICS,C,CHEMISTRY,A,COMBINED MATHEMATICS,A,074,A,new,28,September,2001,female
165621,COMMERCE,1.4380,316 (NEW),4447 (NEW),2020,ECONOMICS,A,BUSINESS STUDIES,B,ACCOUNTING,A,062,C,new,20,March,2001,female
244210,COMMERCE,.4594,694 (NEW),19503 (NEW),2020,ECONOMICS,C,BUSINESS STUDIES,C,ACCOUNTING,C,048,S,new,4,March,2001,female
191992,ARTS,.6402,1540 (NEW),28899 (NEW),2020,HISTORY OF SRI LANKA & EUROPE,C,COMMUNICATION & MEDIA STUDIES,C,SINHALA,B,042,F,new,3,June,2001,female
65944,ENGINEERING TECHNOLOGY,1.6820,68 (NEW),784 (NEW),2020,INFORMATION & COMMUNICATION TECHNOLOGY,B,ENGINEERING TECHNOLOGY,C,SCIENCE FOR TECHNOLOGY,B,048,S,new,27,August,2001,male
220525,-,-,-,-,2020,ECONOMICS,F,BUSINESS STUDIES,F,ACCOUNTING,F,052,C,new,19,September,2001,male
274078,-,-,-,-,2020,PHYSICS,F,CHEMISTRY,F,BIOLOGY,S,038,C,new,30,March,2000,male
150904,-,-,-,-,2020,PHYSICS,F,CHEMISTRY,F,COMBINED MATHEMATICS,F,040,C,new,23,October,2001,female
240979,-,-.8763,-,-,2020,POLITICAL SCIENCE,S,ISLAMIC CIVILIZATION,F,TAMIL,S,048,S,new,20,October,2001,female
335266,-,-.6247,-,-,2020,PHYSICS,F,CHEMISTRY,S,BIOLOGY,S,052,S,old,1,September,1995,female
91486,BIOLOGICAL SCIENCE,.0006,1210 (NEW),16981 (NEW),2020,PHYSICS,S,CHEMISTRY,S,BIOLOGY,S,058,A,new,18,February,2001,female
277184,-,-,-,-,2020,GEOGRAPHY,Absent,DRAMA AND THEATRE (TAMIL),Absent,TAMIL,Absent,Absent,Absent,new,15,November,1999,female
73644,COMMERCE,.0041,1899 (NEW),28267 (NEW),2020,ECONOMICS,C,BUSINESS STUDIES,C,ACCOUNTING,S,Absent,S,new,15,April,2000,female
44823,COMMERCE,.8442,1457 (NEW),12867 (NEW),2020,INFORMATION & COMMUNICATION TECHNOLOGY,C,ECONOMICS,C,ACCOUNTING,B,054,B,new,2,July,2001,female
18599,BIOSYSTEMS TECHNOLOGY,.7386,192 (NEW),2536 (NEW),2020,INFORMATION & COMMUNICATION TECHNOLOGY,S,BIO SYSTEMS TECHNOLOGY,C,SCIENCE FOR TECHNOLOGY,C,034,C,new,19,April,2001,female
202760,-,-,-,-,2020,GEOGRAPHY,S,DRAMA AND THEATRE (SINHALA),Absent,SINHALA,C,024,F,new,Invalid nic error,Invalid nic error,Invalid nic error,
232741,-,-,-,-,2020,GEOGRAPHY,F,POLITICAL SCIENCE,F,SINHALA,F,036,F,new,11,February,2001,male
16564,-,-,-,-,2020,ECONOMICS,S,BUSINESS STUDIES,F,ACCOUNTING,F,070,C,new,14,October,2001,male
238966,NON,.0418,-,-,2020,HINDU CIVILIZATION,C,ART,C,TAMIL,C,040,S,new,22,February,2001,female
154877,PHYSICAL SCIENCE,1.7938,140 (NEW),1681 (NEW),2020,PHYSICS,B,CHEMISTRY,A,COMBINED MATHEMATICS,A,066,C,new,26,April,2001,female
217276,ARTS,-.1862,4150 (NEW),59789 (NEW),2020,COMMUNICATION & MEDIA STUDIES,S,DANCING(INDIGENOUS),C,SINHALA,C,044,B,new,13,March,2001,female
239729,-,-1.1866,-,-,2020,HINDU CIVILIZATION,S,ART,S,TAMIL,F,032,F,new,27,January,2001,male
76302,ARTS,-.0882,2990 (NEW),56362 (NEW),2020,POLITICAL SCIENCE,S,ISLAM,C,TAMIL,C,034,F,new,13,January,2002,female
325403,-,-,-,-,2020,PHYSICS,Absent,CHEMISTRY,Absent,COMBINED MATHEMATICS,Absent,Absent,Absent,old,23,September,1999,male
187344,-,-,-,-,2020,GEOGRAPHY,F,POLITICAL SCIENCE,F,SINHALA,F,026,F,new,21,February,2001,male
93637,PHYSICAL SCIENCE,-.2490,1550 (NEW),19324 (NEW),2020,PHYSICS,S,CHEMISTRY,S,COMBINED MATHEMATICS,S,054,F,new,8,August,2000,male
245047,ARTS,.2042,2213 (NEW),45395 (NEW),2020,GEOGRAPHY,C,DRAMA AND THEATRE (SINHALA),S,SINHALA,B,032,F,new,20,July,2000,female
309888,-,-,-,-,2020,POLITICAL SCIENCE,Absent,ISLAM,Absent,TAMIL,Absent,Absent,Absent,old,11,March,1992,female
101899,ARTS,1.4249,337 (NEW),6466 (NEW),2020,POLITICAL SCIENCE,A,BUDDHIST CIVILIZATION,A,SINHALA,B,048,C,new,16,October,2001,male
157294,BIOLOGICAL SCIENCE,.5611,782 (NEW),10338 (NEW),2020,PHYSICS,C,CHEMISTRY,C,BIOLOGY,C,062,C,new,15,May,2001,female
179253,BIOSYSTEMS TECHNOLOGY,.8869,49 (NEW),2044 (NEW),2020,AGRICULTURAL SCIENCE,C,BIO SYSTEMS TECHNOLOGY,B,SCIENCE FOR TECHNOLOGY,C,038,C,new,24,November,2001,female
319671,ARTS,.2794,217 (OLD),3395 (OLD),2020,POLITICAL SCIENCE,S,ISLAM,C,ARABIC,B,038,F,old,29,October,1998,male
252601,-,-.5960,-,-,2020,INFORMATION & COMMUNICATION TECHNOLOGY,F,ENGINEERING TECHNOLOGY,S,SCIENCE FOR TECHNOLOGY,S,048,F,new,11,May,2001,male
48968,COMMERCE,.8030,1543 (NEW),13574 (NEW),2020,ECONOMICS,B,BUSINESS STUDIES,C,ACCOUNTING,A,054,S,new,26,August,2001,male
279683,ARTS,1.0472,342 (NEW),15674 (NEW),2020,HISTORY OF SRI LANKA & EUROPE,C,DANCING(BHARATHA),A,TAMIL,B,054,S,new,5,April,2001,female
216015,-,-,-,-,2020,PHYSICS,Absent,CHEMISTRY,Absent,COMBINED MATHEMATICS,Absent,Absent,Absent,new,31,May,2000,female
257380,ARTS,1.1524,462 (NEW),12775 (NEW),2020,GEOGRAPHY,B,POLITICAL SCIENCE,C,SINHALA,A,036,S,new,12,January,2001,female
32636,-,-,-,-,2020,GEOGRAPHY,F,POLITICAL SCIENCE,F,COMMUNICATION & MEDIA STUDIES,F,036,F,new,22,March,2001,male
17470,-,-,-,-,2020,ECONOMICS,F,BUSINESS STUDIES,S,ACCOUNTING,F,048,B,new,7,August,2001,male
269936,ARTS,.0170,1871 (NEW),52449 (NEW),2020,HOME ECONOMICS,C,HINDU CIVILIZATION,C,DRAMA AND THEATRE (TAMIL),C,034,F,new,28,September,2001,female
250934,-,-.8631,-,-,2020,GEOGRAPHY,F,LOGIC & SCIENTIFIC METHOD,S,DANCING(INDIGENOUS),S,022,F,new,5,June,2001,male
110330,-,-,-,-,2020,GEOGRAPHY,Absent,BUDDHIST CIVILIZATION,Absent,SINHALA,Absent,Absent,Absent,new,19,August,2000,female
255090,-,-,-,-,2020,POLITICAL SCIENCE,F,BUDDHIST CIVILIZATION,F,SINHALA,S,026,F,new,3,November,2000,female
141303,COMMERCE,.4207,819 (NEW),20230 (NEW),2020,ECONOMICS,C,BUSINESS STUDIES,B,ACCOUNTING,S,042,C,new,2,September,2001,female
328921,-,-.4493,-,-,2020,ECONOMICS,F,BUSINESS STUDIES,S,ACCOUNTING,S,Absent,Absent,old,11,May,1999,female
214696,-,-,-,-,2020,PHYSICS,F,CHEMISTRY,F,BIOLOGY,F,046,A,new,1,July,2001,female
3311,BIOLOGICAL SCIENCE,2.1497,177 (NEW),611 (NEW),2020,CHEMISTRY,B,AGRICULTURAL SCIENCE,A,BIOLOGY,A,076,A,new,4,December,2001,male
32240,-,-,-,-,2020,ECONOMICS,F,BUSINESS STUDIES,F,ACCOUNTING,F,048,F,new,26,March,2001,male
16846,BIOLOGICAL SCIENCE,1.0849,1096 (NEW),5553 (NEW),2020,PHYSICS,C,CHEMISTRY,C,BIOLOGY,B,048,C,new,17,April,2001,female
139581,COMMERCE,-.3400,1347 (NEW),35115 (NEW),2020,ECONOMICS,S,BUSINESS STUDIES,S,ACCOUNTING,S,040,F,new,10,March,2000,female
291590,ARTS,.0118,357 (NEW),52637 (NEW),2020,GEOGRAPHY,C,HOME ECONOMICS,C,TAMIL,C,040,F,new,24,August,2000,female
162548,-,-,-,-,2020,ECONOMICS,Absent,BUSINESS STUDIES,Absent,ACCOUNTING,Absent,Absent,Absent,new,26,November,2000,male
81935,COMMERCE,1.0421,709 (NEW),9774 (NEW),2020,ECONOMICS,B,BUSINESS STUDIES,B,ACCOUNTING,B,042,C,new,26,September,2001,female
75807,-,-,-,-,2020,PHYSICS,F,BIOLOGY,F,INFORMATION & COMMUNICATION TECHNOLOGY,S,050,A,new,7,September,2001,female
158250,-,-,-,-,2020,HOME ECONOMICS,Absent,COMMUNICATION & MEDIA STUDIES,Absent,SINHALA,Absent,Absent,Absent,new,30,March,2000,female
17807,ENGINEERING TECHNOLOGY,.0821,959 (NEW),8142 (NEW),2020,INFORMATION & COMMUNICATION TECHNOLOGY,S,ENGINEERING TECHNOLOGY,S,SCIENCE FOR TECHNOLOGY,S,044,S,new,26,December,2001,male
72763,-,-.8161,-,-,2020,ECONOMICS,S,BUSINESS STUDIES,S,ACCOUNTING,F,054,F,new,28,July,2001,male
229918,-,-.5218,-,-,2020,GEOGRAPHY,F,HOME ECONOMICS,S,SINHALA,C,Absent,F,new,15,April,2000,female
183921,PHYSICAL SCIENCE,1.6039,52 (NEW),2511 (NEW),2020,PHYSICS,C,CHEMISTRY,A,COMBINED MATHEMATICS,A,064,C,new,2,November,2001,male
195116,-,-.6346,-,-,2020,ECONOMICS,S,BUSINESS STUDIES,S,ACCOUNTING,F,032,F,new,23,February,2001,male
207075,-,-.6500,-,-,2020,PHYSICS,F,CHEMISTRY,S,BIOLOGY,S,042,C,new,20,September,2001,female
190022,-,-,-,-,2020,ECONOMICS,Absent,BUSINESS STUDIES,Absent,ACCOUNTING,Absent,Absent,Absent,new,12,October,2000,male
45316,ARTS,-.1573,4547 (NEW),58791 (NEW),2020,INFORMATION & COMMUNICATION TECHNOLOGY,S,HISTORY OF SRI LANKA & INDIA,S,COMMUNICATION & MEDIA STUDIES,S,044,S,new,10,January,2001,female
210211,ARTS,.2420,1219 (NEW),43892 (NEW),2020,HISTORY OF SRI LANKA & INDIA,S,DANCING(INDIGENOUS),C,SINHALA,B,036,F,new,28,October,2001,female
26803,-,-.6728,-,-,2020,POLITICAL SCIENCE,F,COMMUNICATION & MEDIA STUDIES,S,SINHALA,C,038,S,new,5,August,2001,female
212354,PHYSICAL SCIENCE,2.7183,4 (NEW),44 (NEW),2020,PHYSICS,A,CHEMISTRY,A,COMBINED MATHEMATICS,A,070,A,new,7,March,2001,male
93869,-,-.5252,-,-,2020,ECONOMICS,S,BUSINESS STUDIES,S,ACCOUNTING,F,038,F,new,15,February,2000,female
66636,COMMERCE,1.6897,182 (NEW),2076 (NEW),2020,ECONOMICS,A,BUSINESS STUDIES,A,ACCOUNTING,A,Absent,Absent,new,14,September,2000,male
208326,-,-,-,-,2020,GEOGRAPHY,F,BUDDHIST CIVILIZATION,F,SINHALA,S,022,F,new,21,November,2001,female
175579,ARTS,.3174,1369 (NEW),41022 (NEW),2020,POLITICAL SCIENCE,C,CHRISTIANITY,C,SINHALA,C,028,F,new,18,August,2001,female
71418,COMMERCE,-.1559,2117 (NEW),31574 (NEW),2020,ECONOMICS,S,BUSINESS STUDIES,C,ACCOUNTING,S,Absent,C,new,15,September,2000,male
9461,BIOLOGICAL SCIENCE,2.2927,106 (NEW),368 (NEW),2020,PHYSICS,B,CHEMISTRY,A,BIOLOGY,A,068,A,new,2,March,2000,female
7536,COMMERCE,-.4044,6723 (NEW),36208 (NEW),2020,ECONOMICS,S,BUSINESS STUDIES,S,ACCOUNTING,S,044,B,new,7,January,2002,female
328613,COMMERCE,1.4166,15 (OLD),147 (OLD),2020,ECONOMICS,C,BUSINESS STUDIES,B,ACCOUNTING,B,Absent,Absent,old,12,January,2000,female
206655,ARTS,1.0724,348 (NEW),14968 (NEW),2020,HOME ECONOMICS,B,BUDDHIST CIVILIZATION,B,SINHALA,B,040,F,new,29,June,2001,female
301550,ARTS,.7348,668 (NEW),25632 (NEW),2020,LOGIC & SCIENTIFIC METHOD,C,COMMUNICATION & MEDIA STUDIES,C,TAMIL,C,026,F,new,21,September,2001,female
252017,PHYSICAL SCIENCE,-.3727,805 (NEW),20342 (NEW),2020,PHYSICS,S,CHEMISTRY,S,COMBINED MATHEMATICS,S,052,F,new,12,April,2001,male
92794,BIOLOGICAL SCIENCE,-.2082,1371 (NEW),19371 (NEW),2020,PHYSICS,S,CHEMISTRY,S,BIOLOGY,S,038,S,new,17,May,2000,female
334338,ARTS,-.2473,22 (OLD),4944 (OLD),2020,COMMUNICATION & MEDIA STUDIES,S,HINDU CIVILIZATION,S,TAMIL,S,037,F,old,28,June,1997,female
328767,PHYSICAL SCIENCE,-.3474,135 (OLD),1633 (OLD),2020,PHYSICS,S,CHEMISTRY,S,COMBINED MATHEMATICS,S,063,F,old,6,September,1999,female
37205,-,-,-,-,2020,PHYSICS,F,CHEMISTRY,S,BIOLOGY,F,050,S,new,26,August,2001,female
120464,COMMERCE,1.1950,391 (NEW),7540 (NEW),2020,ECONOMICS,A,BUSINESS STUDIES,C,ACCOUNTING,A,048,S,new,16,April,2001,female
321647,ARTS,.1496,91 (OLD),3800 (OLD),2020,ECONOMICS,C,COMMUNICATION & MEDIA STUDIES,C,SINHALA,C,047,C,old,7,November,1999,female
81408,ARTS,.9644,1173 (NEW),18168 (NEW),2020,GEOGRAPHY,C,BUDDHIST CIVILIZATION,A,SINHALA,B,Absent,Absent,new,22,February,2000,female
284879,PHYSICAL SCIENCE,.2187,136 (NEW),14024 (NEW),2020,PHYSICS,S,CHEMISTRY,C,COMBINED MATHEMATICS,C,066,S,new,12,February,2000,male
134681,ARTS,.9538,711 (NEW),18471 (NEW),2020,GEOGRAPHY,B,DANCING(INDIGENOUS),A,SINHALA,B,022,F,new,4,July,2001,female
70033,PHYSICAL SCIENCE,.5497,663 (NEW),10391 (NEW),2020,PHYSICS,S,CHEMISTRY,C,COMBINED MATHEMATICS,B,060,A,new,15,September,2002,female
75815,-,-,-,-,2020,ECONOMICS,F,BUSINESS STUDIES,F,ACCOUNTING,F,044,F,new,11,April,2001,female
104479,-,-,-,-,2020,PHYSICS,Absent,CHEMISTRY,Absent,COMBINED MATHEMATICS,Absent,Absent,Absent,new,29,April,2000,male
34207,COMMERCE,1.4068,522 (NEW),4812 (NEW),2020,ECONOMICS,A,BUSINESS STUDIES,A,ACCOUNTING,B,044,S,new,30,November,2001,male
149190,PHYSICAL SCIENCE,.2473,1081 (NEW),13700 (NEW),2020,PHYSICS,C,CHEMISTRY,S,COMBINED MATHEMATICS,S,Absent,S,new,12,December,2000,male
308724,-,-,-,-,2020,PHYSICS,Absent,CHEMISTRY,Absent,BIOLOGY,Absent,Absent,Absent,old,8,August,1997,female
180278,ARTS,-.3154,2170 (NEW),63923 (NEW),2020,GEOGRAPHY,S,ISLAM,C,ART,S,034,F,new,17,December,2001,female
106810,-,-,-,-,2020,INFORMATION & COMMUNICATION TECHNOLOGY,F,ENGINEERING TECHNOLOGY,F,SCIENCE FOR TECHNOLOGY,S,040,F,new,4,February,2001,male
335565,BIOLOGICAL SCIENCE,-.0963,61 (OLD),4569 (OLD),2020,PHYSICS,S,CHEMISTRY,S,BIOLOGY,C,048,F,old,18,February,1999,female
275703,-,-.9955,-,-,2020,GEOGRAPHY,F,ART,S,TAMIL,S,024,Absent,new,13,May,2000,male
177703,PHYSICAL SCIENCE,.0967,366 (NEW),15521 (NEW),2020,PHYSICS,S,CHEMISTRY,S,COMBINED MATHEMATICS,S,Absent,Absent,new,1,June,2000,male
2588,ARTS,1.3518,683 (NEW),7949 (NEW),2020,INFORMATION & COMMUNICATION TECHNOLOGY,B,LOGIC & SCIENTIFIC METHOD,A,BUSINESS STATISTICS,S,046,A,new,9,November,2001,female
13664,ARTS,2.3652,15 (NEW),52 (NEW),2020,INFORMATION & COMMUNICATION TECHNOLOGY,A,ECONOMICS,A,BUSINESS STATISTICS,A,064,A,new,16,February,2001,female
56811,ARTS,.7563,1927 (NEW),24902 (NEW),2020,GEOGRAPHY,B,COMMUNICATION & MEDIA STUDIES,C,SINHALA,B,046,S,new,15,May,2001,female
57982,-,-,-,-,2020,ECONOMICS,Absent,BUSINESS STUDIES,Absent,ACCOUNTING,Absent,Absent,Absent,new,28,January,2001,male
65483,-,-,-,-,2020,GEOGRAPHY,Absent,HISTORY OF SRI LANKA & INDIA,Absent,SINHALA,Absent,Absent,Absent,new,Invalid nic error,Invalid nic error,Invalid nic error,
49211,-,-,-,-,2020,POLITICAL SCIENCE,F,BUDDHIST CIVILIZATION,F,SINHALA,S,036,Absent,new,Invalid nic error,Invalid nic error,Invalid nic error,
231046,-,-,-,-,2020,ECONOMICS,Absent,BUSINESS STUDIES,Absent,ACCOUNTING,Absent,Absent,Absent,new,5,November,2000,female
125904,ARTS,.5666,2035 (NEW),31599 (NEW),2020,POLITICAL SCIENCE,B,HISTORY OF SRI LANKA & INDIA,C,SINHALA,B,034,F,new,1,June,2001,female
81516,COMMERCE,1.4020,374 (NEW),4879 (NEW),2020,ECONOMICS,B,BUSINESS STUDIES,B,ACCOUNTING,A,054,S,new,26,February,2001,female
268739,BIOSYSTEMS TECHNOLOGY,.7011,136 (NEW),2683 (NEW),2020,INFORMATION & COMMUNICATION TECHNOLOGY,C,BIO SYSTEMS TECHNOLOGY,C,SCIENCE FOR TECHNOLOGY,C,042,C,new,2,July,2001,female
65845,PHYSICAL SCIENCE,.2970,823 (NEW),13119 (NEW),2020,PHYSICS,C,CHEMISTRY,S,COMBINED MATHEMATICS,C,068,F,new,10,October,2001,male
256233,-,-,-,-,2020,POLITICAL SCIENCE,F,HOME ECONOMICS,Absent,TAMIL,C,032,F,new,17,February,2000,female
296924,COMMERCE,.1071,466 (NEW),26255 (NEW),2020,ECONOMICS,C,BUSINESS STUDIES,C,ACCOUNTING,S,042,S,new,29,September,2001,female
63309,-,-,-,-,2020,ECONOMICS,S,BUSINESS STUDIES,F,ACCOUNTING,F,Absent,F,new,Invalid nic error,Invalid nic error,Invalid nic error,
11835,ARTS,.1964,2997 (NEW),45702 (NEW),2020,GEOGRAPHY,C,HISTORY OF SRI LANKA & INDIA,C,ART,C,054,S,new,14,December,2001,male
278030,BIOLOGICAL SCIENCE,-.0862,419 (NEW),18058 (NEW),2020,PHYSICS,S,CHEMISTRY,S,BIOLOGY,S,044,F,new,19,October,2001,female
137703,BIOLOGICAL SCIENCE,-.5205,959 (NEW),21459 (NEW),2020,PHYSICS,S,CHEMISTRY,S,BIOLOGY,S,070,S,new,18,February,2000,male
111844,ENGINEERING TECHNOLOGY,-.2321,420 (NEW),10594 (NEW),2020,INFORMATION & COMMUNICATION TECHNOLOGY,S,ENGINEERING TECHNOLOGY,S,SCIENCE FOR TECHNOLOGY,S,044,F,new,23,July,2001,male
95804,PHYSICAL SCIENCE,1.2144,350 (NEW),4769 (NEW),2020,PHYSICS,C,CHEMISTRY,B,COMBINED MATHEMATICS,B,Absent,Absent,new,7,March,2000,male
202973,ENGINEERING TECHNOLOGY,-.0204,239 (NEW),8962 (NEW),2020,INFORMATION & COMMUNICATION TECHNOLOGY,S,ENGINEERING TECHNOLOGY,S,SCIENCE FOR TECHNOLOGY,S,042,C,new,30,May,2001,male
285610,BIOLOGICAL SCIENCE,.0510,249 (NEW),16317 (NEW),2020,PHYSICS,S,CHEMISTRY,C,BIOLOGY,S,062,S,new,8,August,2000,female
220162,-,-,-,-,2020,PHYSICS,F,CHEMISTRY,F,COMBINED MATHEMATICS,F,040,B,new,14,September,2000,male
242993,PHYSICAL SCIENCE,-.1771,323 (NEW),18643 (NEW),2020,PHYSICS,S,CHEMISTRY,S,COMBINED MATHEMATICS,S,058,S,new,16,December,2001,male
323307,-,-,-,-,2020,PHYSICS,Absent,COMBINED MATHEMATICS,Absent,INFORMATION & COMMUNICATION TECHNOLOGY,Absent,Absent,Absent,old,16,August,1998,male
224875,-,-.3801,-,-,2020,INFORMATION & COMMUNICATION TECHNOLOGY,F,ENGINEERING TECHNOLOGY,S,SCIENCE FOR TECHNOLOGY,S,024,F,new,17,November,2000,male
146311,-,-,-,-,2020,GEOGRAPHY,F,HISTORY OF SRI LANKA & INDIA,F,SINHALA,S,036,F,new,3,October,2001,male
224492,ARTS,.0917,3337 (NEW),49715 (NEW),2020,ECONOMICS,C,GEOGRAPHY,C,SINHALA,C,054,F,new,13,October,2000,female
320465,-,-,-,-,2020,COMMUNICATION & MEDIA STUDIES,Absent,BUDDHIST CIVILIZATION,Absent,SINHALA,Absent,Absent,Absent,old,21,December,1972,female
262681,-,-,-,-,2020,PHYSICS,F,CHEMISTRY,S,COMBINED MATHEMATICS,F,056,S,new,26,November,2001,male
321799,ARTS,.6716,209 (OLD),2215 (OLD),2020,AGRICULTURAL SCIENCE,B,BUDDHIST CIVILIZATION,C,SINHALA,B,057,C,old,2,October,1997,female
151443,ARTS,.6295,3219 (NEW),29278 (NEW),2020,LOGIC & SCIENTIFIC METHOD,B,DRAMA AND THEATRE (SINHALA),C,GERMAN,C,Absent,Absent,new,15,May,2000,female
199432,ARTS,.8556,496 (NEW),21582 (NEW),2020,AGRICULTURAL SCIENCE,S,ECONOMICS,C,SINHALA,A,042,S,new,20,August,2000,female
72758,COMMERCE,.5424,1275 (NEW),18035 (NEW),2020,ECONOMICS,S,BUSINESS STUDIES,B,ACCOUNTING,B,048,S,new,8,December,2001,female
231509,-,-1.3100,-,-,2020,COMMUNICATION & MEDIA STUDIES,S,DANCING(INDIGENOUS),F,SINHALA,S,030,F,new,16,January,2001,female
241137,-,-.4958,-,-,2020,PHYSICS,S,CHEMISTRY,F,COMBINED MATHEMATICS,S,054,S,new,23,August,2001,male
275593,-,-.7632,-,-,2020,GEOGRAPHY,S,POLITICAL SCIENCE,F,DANCING(BHARATHA),S,028,F,new,4,November,2001,female
312697,-,-,-,-,2020,PHYSICS,Absent,CHEMISTRY,Absent,COMBINED MATHEMATICS,Absent,Absent,Absent,old,14,September,1999,female
74866,ENGINEERING TECHNOLOGY,.8895,186 (NEW),3127 (NEW),2020,INFORMATION & COMMUNICATION TECHNOLOGY,S,ENGINEERING TECHNOLOGY,C,SCIENCE FOR TECHNOLOGY,C,Absent,S,new,19,October,1999,male
109696,BIOLOGICAL SCIENCE,.4147,429 (NEW),11917 (NEW),2020,PHYSICS,S,CHEMISTRY,C,BIOLOGY,S,058,F,new,15,November,2000,female
211880,BIOSYSTEMS TECHNOLOGY,.2525,364 (NEW),4454 (NEW),2020,AGRICULTURAL SCIENCE,S,BIO SYSTEMS TECHNOLOGY,S,SCIENCE FOR TECHNOLOGY,C,026,S,new,20,April,2001,male
120490,COMMERCE,-.2685,1765 (NEW),33791 (NEW),2020,ECONOMICS,S,BUSINESS STUDIES,C,ACCOUNTING,S,048,C,new,12,August,2001,female
16152,COMMERCE,1.2731,1464 (NEW),6460 (NEW),2020,ECONOMICS,A,BUSINESS STUDIES,B,ACCOUNTING,B,050,B,new,1,November,2001,female
79238,COMMERCE,1.8651,105 (NEW),1012 (NEW),2020,ECONOMICS,A,BUSINESS STUDIES,A,ACCOUNTING,A,066,S,new,14,September,2001,male
260922,BIOSYSTEMS TECHNOLOGY,.3666,122 (NEW),3975 (NEW),2020,AGRICULTURAL SCIENCE,C,BIO SYSTEMS TECHNOLOGY,C,SCIENCE FOR TECHNOLOGY,S,046,F,new,2,January,2002,female
328628,-,-,-,-,2020,COMMUNICATION & MEDIA STUDIES,Absent,ENGINEERING TECHNOLOGY,Absent,SCIENCE FOR TECHNOLOGY,Absent,Absent,Absent,old,9,October,1991,female
307995,-,-,-,-,2020,COMMUNICATION & MEDIA STUDIES,F,BUDDHIST CIVILIZATION,F,SINHALA,S,043,F,old,7,October,1999,female
268804,ARTS,.5304,1137 (NEW),32967 (NEW),2020,GEOGRAPHY,C,POLITICAL SCIENCE,S,ISLAM,A,036,S,new,27,July,2001,female
131078,ENGINEERING TECHNOLOGY,-.0453,639 (NEW),9188 (NEW),2020,INFORMATION & COMMUNICATION TECHNOLOGY,S,ENGINEERING TECHNOLOGY,S,SCIENCE FOR TECHNOLOGY,S,034,S,new,8,December,2001,male
203235,ARTS,1.0783,332 (NEW),14792 (NEW),2020,GEOGRAPHY,C,BUDDHIST CIVILIZATION,C,SINHALA,A,042,F,new,20,July,2000,female
33986,-,-,-,-,2020,PHYSICS,F,CHEMISTRY,S,COMBINED MATHEMATICS,F,Absent,Absent,new,18,February,2000,male
173656,-,-,-,-,2020,PHYSICS,F,CHEMISTRY,S,COMBINED MATHEMATICS,F,064,S,new,4,December,2001,male
212262,-,-,-,-,2020,PHYSICS,F,CHEMISTRY,S,COMBINED MATHEMATICS,F,058,B,new,25,December,2001,male
124169,BIOSYSTEMS TECHNOLOGY,1.2326,92 (NEW),1125 (NEW),2020,INFORMATION & COMMUNICATION TECHNOLOGY,B,BIO SYSTEMS TECHNOLOGY,C,SCIENCE FOR TECHNOLOGY,B,050,C,new,23,June,2001,female
151531,-,-,-,-,2020,CHEMISTRY,F,AGRICULTURAL SCIENCE,S,BIOLOGY,F,032,F,new,26,April,2001,female
174539,-,-.4781,-,-,2020,INFORMATION & COMMUNICATION TECHNOLOGY,F,COMMUNICATION & MEDIA STUDIES,S,CHRISTIANITY,B,038,C,new,18,March,1992,female
326040,-,-,-,-,2020,HISTORY OF EUROPE,Absent,HINDUISM,Absent,TAMIL,Absent,Absent,Absent,old,19,January,1997,female
177668,BIOLOGICAL SCIENCE,.4404,314 (NEW),11648 (NEW),2020,PHYSICS,S,CHEMISTRY,C,BIOLOGY,C,Absent,Absent,new,5,May,2000,female
303844,-,-,-,-,2020,GEOGRAPHY,Absent,HISTORY OF SRI LANKA & EUROPE,Absent,DRAMA AND THEATRE (TAMIL),Absent,Absent,Absent,new,7,May,2000,male
68676,-,-.6807,-,-,2020,AGRICULTURAL SCIENCE,S,BIO SYSTEMS TECHNOLOGY,F,SCIENCE FOR TECHNOLOGY,S,040,S,new,8,November,2001,female
232928,-,-,-,-,2020,GEOGRAPHY,S,POLITICAL SCIENCE,F,SINHALA,F,026,F,new,6,December,2001,male
334978,-,-,-,-,2020,GEOGRAPHY,Absent,ISLAM,Absent,ART,Absent,Absent,Absent,old,20,October,1999,male
214453,-,.4376,-,-,2020,PHYSICS,F,CHEMISTRY,C,BIOLOGY,B,054,B,new,20,October,2001,female
230587,-,-.3136,-,-,2020,INFORMATION & COMMUNICATION TECHNOLOGY,F,BIO SYSTEMS TECHNOLOGY,S,SCIENCE FOR TECHNOLOGY,S,036,A,new,14,April,2001,female
203739,COMMERCE,.2804,502 (NEW),22923 (NEW),2020,ECONOMICS,B,BUSINESS STUDIES,C,ACCOUNTING,C,052,S,new,3,June,2000,male
72521,-,-,-,-,2020,ECONOMICS,Absent,BUSINESS STUDIES,Absent,ACCOUNTING,Absent,Absent,Absent,new,30,June,2000,male
204527,PHYSICAL SCIENCE,1.2125,57 (NEW),4778 (NEW),2020,PHYSICS,C,CHEMISTRY,B,COMBINED MATHEMATICS,B,Absent,Absent,new,15,April,2000,male
1253,ARTS,.5741,2104 (NEW),31334 (NEW),2020,GEOGRAPHY,C,POLITICAL SCIENCE,B,ISLAMIC CIVILIZATION,C,042,C,new,24,February,2001,female
59967,ARTS,.8610,1645 (NEW),21401 (NEW),2020,GEOGRAPHY,B,ART,B,SINHALA,B,044,F,new,4,March,2001,male
128777,-,-,-,-,2020,INFORMATION & COMMUNICATION TECHNOLOGY,Absent,ECONOMICS,Absent,ACCOUNTING,Absent,Absent,Absent,new,18,May,2000,male
222230,ARTS,.4038,2420 (NEW),37741 (NEW),2020,GEOGRAPHY,C,POLITICAL SCIENCE,S,SINHALA,B,050,F,new,19,January,2002,female
214217,COMMERCE,1.0382,612 (NEW),9829 (NEW),2020,INFORMATION & COMMUNICATION TECHNOLOGY,C,ECONOMICS,A,ACCOUNTING,B,056,A,new,20,February,2001,female
336071,-,-,-,-,2020,POLITICAL SCIENCE,Absent,COMMUNICATION & MEDIA STUDIES,Absent,SINHALA,Absent,Absent,Absent,old,25,February,1985,female
235852,ARTS,-.1172,1828 (NEW),57436 (NEW),2020,GEOGRAPHY,S,POLITICAL SCIENCE,C,TAMIL,C,030,F,new,12,December,2000,female
99030,-,-,-,-,2020,GEOGRAPHY,F,POLITICAL SCIENCE,F,SINHALA,C,040,F,new,2,August,2000,female
193205,ARTS,.6482,1532 (NEW),28613 (NEW),2020,POLITICAL SCIENCE,S,CHRISTIANITY,A,SINHALA,B,042,S,new,31,March,2001,female
156687,-,-.7636,-,-,2020,ECONOMICS,S,BUSINESS STUDIES,F,ACCOUNTING,S,044,S,new,20,December,2001,female
57839,ENGINEERING TECHNOLOGY,.0340,837 (NEW),8539 (NEW),2020,INFORMATION & COMMUNICATION TECHNOLOGY,S,ENGINEERING TECHNOLOGY,C,SCIENCE FOR TECHNOLOGY,S,042,F,new,20,August,2001,male
154399,-,-,-,-,2020,GEOGRAPHY,F,ENGINEERING TECHNOLOGY,F,SCIENCE FOR TECHNOLOGY,F,036,S,new,13,June,2001,male
319695,-,-.4451,-,-,2020,AGRICULTURAL SCIENCE,S,POLITICAL SCIENCE,F,ISLAMIC CIVILIZATION,C,Absent,Absent,old,23,June,1994,male
304358,ARTS,.8413,581 (NEW),22061 (NEW),2020,GEOGRAPHY,C,CARNATIC MUSIC,A,TAMIL,B,030,F,new,9,December,2000,female
191449,ARTS,.5710,1683 (NEW),31433 (NEW),2020,AGRICULTURAL SCIENCE,C,GEOGRAPHY,C,POLITICAL SCIENCE,C,042,F,new,24,November,2001,male
333576,ARTS,.7305,29 (OLD),2050 (OLD),2020,COMMUNICATION & MEDIA STUDIES,C,HINDU CIVILIZATION,B,TAMIL,C,037,F,old,25,August,1999,female
3738,COMMERCE,1.6479,641 (NEW),2399 (NEW),2020,ECONOMICS,A,BUSINESS STUDIES,B,ACCOUNTING,A,058,C,new,23,September,2001,male
160293,ARTS,.0444,5514 (NEW),51426 (NEW),2020,ECONOMICS,C,BUDDHIST CIVILIZATION,C,SINHALA,C,Absent,Absent,new,15,February,2000,female
229004,ARTS,1.1433,780 (NEW),13006 (NEW),2020,GEOGRAPHY,B,POLITICAL SCIENCE,B,SINHALA,B,042,S,new,14,August,2001,female
223820,-,-,-,-,2020,BUSINESS STUDIES,F,ENGINEERING TECHNOLOGY,F,SCIENCE FOR TECHNOLOGY,F,042,F,new,4,January,2002,male
288804,-,-,-,-,2020,ECONOMICS,F,BUSINESS STUDIES,S,ACCOUNTING,F,054,S,new,24,July,2001,male
198148,COMMERCE,.7373,254 (NEW),14704 (NEW),2020,ECONOMICS,C,BUSINESS STUDIES,B,ACCOUNTING,C,060,C,new,24,July,2001,female
41671,ARTS,.1740,3603 (NEW),46564 (NEW),2020,POLITICAL SCIENCE,S,COMMUNICATION & MEDIA STUDIES,C,ISLAMIC CIVILIZATION,B,048,C,new,27,February,2001,male
242746,-,-,-,-,2020,INFORMATION & COMMUNICATION TECHNOLOGY,Absent,BIO SYSTEMS TECHNOLOGY,Absent,SCIENCE FOR TECHNOLOGY,Absent,Absent,Absent,new,22,October,2000,female
2534,COMMERCE,2.0454,122 (NEW),363 (NEW),2020,ECONOMICS,A,BUSINESS STUDIES,A,ACCOUNTING,A,070,A,new,10,May,2001,female
180189,ARTS,-.1423,1988 (NEW),58275 (NEW),2020,GEOGRAPHY,S,POLITICAL SCIENCE,C,ART,C,044,S,new,23,May,2001,female
4106,PHYSICAL SCIENCE,-.4032,3437 (NEW),20507 (NEW),2020,PHYSICS,S,CHEMISTRY,S,COMBINED MATHEMATICS,S,054,B,new,25,June,2001,male
147871,COMMERCE,-.4588,1429 (NEW),37063 (NEW),2020,ECONOMICS,S,BUSINESS STUDIES,S,ACCOUNTING,S,Absent,F,new,9,March,2000,male
151044,BIOLOGICAL SCIENCE,.7502,643 (NEW),8382 (NEW),2020,CHEMISTRY,S,AGRICULTURAL SCIENCE,B,BIOLOGY,S,052,C,new,15,August,2001,female
241506,-,-,-,-,2020,PHYSICS,F,CHEMISTRY,F,COMBINED MATHEMATICS,F,036,S,new,26,March,2001,male
31985,ARTS,1.1199,1028 (NEW),13652 (NEW),2020,LOGIC & SCIENTIFIC METHOD,C,BUDDHIST CIVILIZATION,C,SINHALA,A,054,C,new,9,June,2001,female
71024,-,-.6761,-,-,2020,ECONOMICS,S,BUSINESS STUDIES,S,ACCOUNTING,F,046,C,new,25,August,1998,female
52036,-,-1.0264,-,-,2020,GEOGRAPHY,S,POLITICAL SCIENCE,F,SINHALA,S,036,F,new,2,January,2002,male
172410,COMMERCE,1.4024,344 (NEW),4867 (NEW),2020,ECONOMICS,A,BUSINESS STUDIES,B,ACCOUNTING,A,056,B,new,10,October,2001,female
225966,COMMERCE,.3134,1441 (NEW),22251 (NEW),2020,ECONOMICS,B,BUSINESS STUDIES,C,ACCOUNTING,S,062,F,new,25,December,2001,male
64315,COMMERCE,.8293,929 (NEW),13131 (NEW),2020,ECONOMICS,B,BUSINESS STUDIES,B,ACCOUNTING,C,036,Absent,new,9,March,2000,female
69567,-,-,-,-,2020,PHYSICS,F,CHEMISTRY,F,COMBINED MATHEMATICS,S,056,C,new,22,November,2001,female
263528,-,-,-,-,2020,POLITICAL SCIENCE,Absent,HISTORY OF SRI LANKA & INDIA,Absent,BUDDHIST CIVILIZATION,Absent,Absent,Absent,new,23,April,2001,male
51076,ARTS,.2516,3375 (NEW),43551 (NEW),2020,GEOGRAPHY,C,CHRISTIAN CIVILIZATION,C,SINHALA,C,044,S,new,14,May,2001,female
206196,ARTS,.1655,1313 (NEW),46900 (NEW),2020,GEOGRAPHY,C,COMMUNICATION & MEDIA STUDIES,S,DRAMA AND THEATRE (SINHALA),C,030,F,new,5,January,2002,female
40386,ARTS,.5994,2338 (NEW),30392 (NEW),2020,POLITICAL SCIENCE,C,COMMUNICATION & MEDIA STUDIES,C,SINHALA,C,044,F,new,15,January,2002,female
13885,COMMERCE,1.7399,494 (NEW),1724 (NEW),2020,ECONOMICS,A,BUSINESS STUDIES,A,ACCOUNTING,A,048,A,new,12,June,2001,female
30755,PHYSICAL SCIENCE,-.4414,3456 (NEW),20672 (NEW),2020,PHYSICS,S,CHEMISTRY,S,COMBINED MATHEMATICS,S,052,S,new,20,February,2001,male
269117,ARTS,1.0320,491 (NEW),16122 (NEW),2020,POLITICAL SCIENCE,C,ISLAMIC CIVILIZATION,A,ARABIC,A,038,F,new,20,July,2000,female
48084,ARTS,1.2294,854 (NEW),10794 (NEW),2020,GEOGRAPHY,C,HOME ECONOMICS,B,DANCING(INDIGENOUS),A,050,S,new,9,October,2001,female
309666,-,-.6468,-,-,2020,AGRICULTURAL SCIENCE,S,HINDU CIVILIZATION,S,ART,F,037,Absent,old,6,March,1999,male
59424,-,-.6243,-,-,2020,PHYSICS,S,CHEMISTRY,F,COMBINED MATHEMATICS,S,062,Absent,new,20,June,2000,male
110619,ARTS,.0051,1848 (NEW),52911 (NEW),2020,AGRICULTURAL SCIENCE,S,POLITICAL SCIENCE,C,SINHALA,C,044,F,new,26,July,2001,female
120446,PHYSICAL SCIENCE,.3808,517 (NEW),12193 (NEW),2020,PHYSICS,C,CHEMISTRY,S,COMBINED MATHEMATICS,C,068,A,new,2,August,2001,female
336641,-,-,-,-,2020,POLITICAL SCIENCE,Absent,CHRISTIANITY,Absent,TAMIL,Absent,Absent,Absent,old,Invalid nic error,Invalid nic error,Invalid nic error,
304190,-,-.8885,-,-,2020,GEOGRAPHY,F,DRAMA AND THEATRE (TAMIL),S,TAMIL,S,030,F,new,12,October,2001,female
39094,-,-,-,-,2020,POLITICAL SCIENCE,Absent,BUDDHIST CIVILIZATION,Absent,SINHALA,Absent,Absent,Absent,new,8,October,2001,male
230089,ARTS,.5328,2085 (NEW),32877 (NEW),2020,POLITICAL SCIENCE,C,HISTORY OF SRI LANKA & INDIA,B,SINHALA,C,034,F,new,22,March,2001,female
161312,-,-,-,-,2020,POLITICAL SCIENCE,Absent,ISLAM,Absent,ARABIC,Absent,Absent,Absent,new,17,June,1996,male
230159,-,-,-,-,2020,INFORMATION & COMMUNICATION TECHNOLOGY,F,BIO SYSTEMS TECHNOLOGY,F,SCIENCE FOR TECHNOLOGY,S,026,B,new,18,February,2001,female
314331,ARTS,1.3928,15 (OLD),380 (OLD),2020,GEOGRAPHY,B,POLITICAL SCIENCE,A,TAMIL,B,057,C,old,23,December,1998,male
202246,-,-,-,-,2020,GEOGRAPHY,F,DRAMA AND THEATRE (SINHALA),F,SINHALA,F,030,F,new,13,November,2001,male
23665,ARTS,1.3840,643 (NEW),7235 (NEW),2020,POLITICAL SCIENCE,A,ISLAM,A,ARABIC,A,042,C,new,18,October,2000,male
196905,-,-,-,-,2020,GEOGRAPHY,F,BUDDHIST CIVILIZATION,F,SINHALA,S,036,F,new,8,August,2001,male
45730,ARTS,-.0880,4349 (NEW),56355 (NEW),2020,COMMUNICATION & MEDIA STUDIES,S,DANCING(INDIGENOUS),B,SINHALA,C,Absent,F,new,23,January,2001,female
71767,PHYSICAL SCIENCE,1.4698,172 (NEW),3195 (NEW),2020,PHYSICS,C,CHEMISTRY,B,COMBINED MATHEMATICS,A,074,A,new,28,July,2000,male
168199,ENGINEERING TECHNOLOGY,-.2489,994 (NEW),10706 (NEW),2020,INFORMATION & COMMUNICATION TECHNOLOGY,S,ENGINEERING TECHNOLOGY,S,SCIENCE FOR TECHNOLOGY,S,060,C,new,20,May,2001,male
282122,COMMERCE,1.2893,61 (NEW),6248 (NEW),2020,ECONOMICS,A,BUSINESS STUDIES,B,ACCOUNTING,A,028,F,new,10,July,2001,male
119760,ARTS,.7381,1678 (NEW),25510 (NEW),2020,POLITICAL SCIENCE,S,COMMUNICATION & MEDIA STUDIES,C,SINHALA,A,030,F,new,27,June,2000,female
126539,ARTS,.2744,2608 (NEW),42696 (NEW),2020,GEOGRAPHY,S,POLITICAL SCIENCE,C,SINHALA,B,046,F,new,1,October,2001,female
84904,ENGINEERING TECHNOLOGY,.8215,220 (NEW),3462 (NEW),2020,INFORMATION & COMMUNICATION TECHNOLOGY,C,ENGINEERING TECHNOLOGY,C,SCIENCE FOR TECHNOLOGY,B,036,C,new,24,July,2001,male
118180,ARTS,1.4975,161 (NEW),5147 (NEW),2020,POLITICAL SCIENCE,A,BUDDHIST CIVILIZATION,A,SINHALA,A,048,S,new,26,September,2001,female
76141,ARTS,1.4281,412 (NEW),6404 (NEW),2020,BUDDHISM,A,PALI,A,SANSKRIT,B,042,S,new,19,October,1999,male
5955,PHYSICAL SCIENCE,.7003,1762 (NEW),8959 (NEW),2020,PHYSICS,S,CHEMISTRY,C,COMBINED MATHEMATICS,B,068,A,new,16,September,2001,female
61411,BIOLOGICAL SCIENCE,.6319,562 (NEW),9566 (NEW),2020,PHYSICS,S,CHEMISTRY,C,BIOLOGY,C,052,A,new,22,November,2001,female
307278,PHYSICAL SCIENCE,.8778,28 (OLD),475 (OLD),2020,PHYSICS,C,CHEMISTRY,C,COMBINED MATHEMATICS,B,Absent,Absent,old,30,August,1999,male
156666,BIOLOGICAL SCIENCE,.4539,891 (NEW),11516 (NEW),2020,CHEMISTRY,S,AGRICULTURAL SCIENCE,C,BIOLOGY,C,044,C,new,19,October,2001,female
76685,COMMERCE,1.0402,705 (NEW),9801 (NEW),2020,ECONOMICS,B,BUSINESS STUDIES,C,ACCOUNTING,A,056,F,new,12,May,2001,male
146578,ARTS,-.8081,3370 (NEW),72311 (NEW),2020,GEOGRAPHY,S,DANCING(INDIGENOUS),S,SINHALA,S,030,F,new,24,October,2001,female
116783,-,-,-,-,2020,POLITICAL SCIENCE,F,BUDDHIST CIVILIZATION,F,SINHALA,S,032,F,new,7,July,2001,female
56204,PHYSICAL SCIENCE,-.2199,1950 (NEW),19050 (NEW),2020,PHYSICS,S,CHEMISTRY,S,COMBINED MATHEMATICS,S,054,C,new,27,July,2001,male
23564,-,-,-,-,2020,ECONOMICS,F,BUSINESS STUDIES,F,ACCOUNTING,F,044,F,new,24,September,2001,male
236311,-,-.5364,-,-,2020,PHYSICS,S,CHEMISTRY,F,BIOLOGY,S,056,A,new,5,November,2001,male
184946,-,-,-,-,2020,ECONOMICS,Absent,BUSINESS STUDIES,Absent,ACCOUNTING,Absent,Absent,Absent,new,11,July,2001,male
44497,-,.1767,-,-,2020,INFORMATION & COMMUNICATION TECHNOLOGY,S,ENGLISH,F,FRENCH,B,042,A,new,13,December,2001,female
171762,-,-,-,-,2020,PHYSICS,F,CHEMISTRY,S,COMBINED MATHEMATICS,F,062,F,new,7,May,2001,male
150469,ENGINEERING TECHNOLOGY,-.2162,971 (NEW),10492 (NEW),2020,COMMUNICATION & MEDIA STUDIES,S,ENGINEERING TECHNOLOGY,S,SCIENCE FOR TECHNOLOGY,S,Absent,Absent,new,23,June,1996,female
107726,-,-,-,-,2020,PHYSICS,F,CHEMISTRY,F,BIOLOGY,F,044,S,new,13,January,2002,female
65078,COMMERCE,-.8778,2636 (NEW),40061 (NEW),2020,ECONOMICS,S,BUSINESS STUDIES,S,ACCOUNTING,S,034,S,new,26,November,1997,male
51803,-,-,-,-,2020,POLITICAL SCIENCE,F,HISTORY OF SRI LANKA & INDIA,F,SINHALA,S,040,C,new,6,April,2001,male
72926,-,-.5585,-,-,2020,ECONOMICS,F,LOGIC & SCIENTIFIC METHOD,S,SINHALA,C,036,F,new,9,June,2001,female
330185,ARTS,1.0932,76 (OLD),1011 (OLD),2020,INFORMATION & COMMUNICATION TECHNOLOGY,S,COMMUNICATION & MEDIA STUDIES,B,SINHALA,A,048,F,old,23,February,1999,male
192580,-,-.4851,-,-,2020,LOGIC & SCIENTIFIC METHOD,F,BUDDHIST CIVILIZATION,S,SINHALA,C,028,F,new,19,April,2001,female
186678,ENGINEERING TECHNOLOGY,.6931,208 (NEW),4111 (NEW),2020,INFORMATION & COMMUNICATION TECHNOLOGY,C,ENGINEERING TECHNOLOGY,S,SCIENCE FOR TECHNOLOGY,B,060,C,new,1,October,2001,male
173392,-,-,-,-,2020,ECONOMICS,F,BUSINESS STUDIES,F,ACCOUNTING,F,028,F,new,15,May,2001,male
151932,-,-,-,-,2020,PHYSICS,F,CHEMISTRY,F,BIOLOGY,F,046,S,new,22,July,2001,female
265231,ARTS,-.4190,2416 (NEW),66572 (NEW),2020,COMMUNICATION & MEDIA STUDIES,S,BUDDHIST CIVILIZATION,S,SINHALA,S,040,F,new,26,July,2001,female
3491,ARTS,1.0649,1124 (NEW),15143 (NEW),2020,INFORMATION & COMMUNICATION TECHNOLOGY,C,HISTORY OF SRI LANKA & INDIA,B,JAPANESE,B,044,A,new,5,October,2001,male
215029,ARTS,1.5661,247 (NEW),4074 (NEW),2020,ECONOMICS,A,GEOGRAPHY,A,LOGIC & SCIENTIFIC METHOD,B,048,B,new,22,May,2001,female
61505,BIOLOGICAL SCIENCE,2.1917,36 (NEW),530 (NEW),2020,PHYSICS,A,CHEMISTRY,A,BIOLOGY,A,078,A,new,1,September,2001,female
47109,COMMERCE,-.1971,3897 (NEW),32413 (NEW),2020,INFORMATION & COMMUNICATION TECHNOLOGY,C,ECONOMICS,S,ACCOUNTING,S,Absent,A,new,30,January,2001,female
133794,ENGINEERING TECHNOLOGY,-.2975,738 (NEW),11040 (NEW),2020,INFORMATION & COMMUNICATION TECHNOLOGY,S,ENGINEERING TECHNOLOGY,S,SCIENCE FOR TECHNOLOGY,S,044,F,new,2,October,2001,male
9720,BIOSYSTEMS TECHNOLOGY,1.7348,58 (NEW),402 (NEW),2020,AGRICULTURAL SCIENCE,B,BIO SYSTEMS TECHNOLOGY,B,SCIENCE FOR TECHNOLOGY,B,040,C,new,26,May,2001,female
169110,ARTS,-.0753,5957 (NEW),55914 (NEW),2020,HISTORY OF SRI LANKA & INDIA,C,DANCING(INDIGENOUS),C,SINHALA,C,042,F,new,5,January,2002,female
265718,ARTS,.4961,1118 (NEW),34259 (NEW),2020,GEOGRAPHY,C,COMMUNICATION & MEDIA STUDIES,C,SINHALA,B,034,F,new,3,March,2001,female
201871,-,-,-,-,2020,CHEMISTRY,F,AGRICULTURAL SCIENCE,C,BIOLOGY,F,064,S,new,27,November,2001,male
163988,ARTS,.7847,2649 (NEW),23960 (NEW),2020,COMMUNICATION & MEDIA STUDIES,C,DANCING(INDIGENOUS),B,SINHALA,B,038,F,new,20,February,2001,female
173039,ENGINEERING TECHNOLOGY,.4440,517 (NEW),5547 (NEW),2020,INFORMATION & COMMUNICATION TECHNOLOGY,C,ENGINEERING TECHNOLOGY,S,SCIENCE FOR TECHNOLOGY,C,046,S,new,9,February,2001,male
167685,ARTS,-.3023,6691 (NEW),63508 (NEW),2020,HOME ECONOMICS,C,DANCING(INDIGENOUS),C,SINHALA,C,030,S,new,23,August,2000,female
307429,-,-,-,-,2020,PHYSICS,F,CHEMISTRY,F,BIOLOGY,C,Absent,Absent,old,16,August,1999,female
95857,-,-.2917,-,-,2020,PHYSICS,C,CHEMISTRY,S,COMBINED MATHEMATICS,F,Absent,Absent,new,23,April,2000,male
207283,-,-,-,-,2020,PHYSICS,F,CHEMISTRY,F,BIOLOGY,S,046,C,new,30,June,2000,female
306060,ARTS,-.6802,2085 (NEW),71228 (NEW),2020,GEOGRAPHY,S,POLITICAL SCIENCE,S,HISTORY OF SRI LANKA & EUROPE,S,050,F,new,9,August,2000,female
57849,-,-,-,-,2020,ECONOMICS,F,BUSINESS STUDIES,F,ACCOUNTING,F,024,F,new,10,May,2001,male
195429,-,-,-,-,2020,ECONOMICS,F,BUSINESS STUDIES,F,ACCOUNTING,Absent,052,S,new,26,June,2001,male
123759,COMMERCE,1.2655,327 (NEW),6557 (NEW),2020,ECONOMICS,A,BUSINESS STATISTICS,C,ACCOUNTING,A,058,B,new,2,June,2001,male
26462,PHYSICAL SCIENCE,-.0463,2967 (NEW),17194 (NEW),2020,PHYSICS,S,CHEMISTRY,C,COMBINED MATHEMATICS,S,050,S,new,30,April,2001,male
213341,-,-.5209,-,-,2020,POLITICAL SCIENCE,F,HISTORY OF SRI LANKA & EUROPE,S,SINHALA,C,026,F,new,18,August,2001,female
191238,ARTS,.1415,2507 (NEW),47786 (NEW),2020,POLITICAL SCIENCE,S,BUDDHIST CIVILIZATION,C,SINHALA,C,030,F,new,29,February,2000,female
257959,PHYSICAL SCIENCE,.0905,200 (NEW),15593 (NEW),2020,PHYSICS,S,CHEMISTRY,S,COMBINED MATHEMATICS,S,056,C,new,6,March,2001,female
226499,ARTS,1.0999,847 (NEW),14199 (NEW),2020,GEOGRAPHY,A,BUDDHIST CIVILIZATION,C,SINHALA,A,040,F,new,6,July,2001,female
2761,BIOLOGICAL SCIENCE,.4311,1933 (NEW),11744 (NEW),2020,PHYSICS,S,CHEMISTRY,C,BIOLOGY,C,060,A,new,9,May,2001,female
117856,ARTS,1.1740,418 (NEW),12174 (NEW),2020,POLITICAL SCIENCE,A,HISTORY OF SRI LANKA & EUROPE,B,SINHALA,B,040,S,new,5,August,2001,female
306098,-,-,-,-,2020,PHYSICS,Absent,CHEMISTRY,Absent,COMBINED MATHEMATICS,Absent,Absent,Absent,new,26,January,2001,female
40766,-,-,-,-,2020,CHEMISTRY,F,AGRICULTURAL SCIENCE,F,BIOLOGY,F,030,F,new,24,August,2001,female
20106,ARTS,1.0522,1149 (NEW),15517 (NEW),2020,POLITICAL SCIENCE,C,COMMUNICATION & MEDIA STUDIES,B,SINHALA,B,028,S,new,25,August,2001,female
6893,BIOLOGICAL SCIENCE,1.5310,623 (NEW),2814 (NEW),2020,PHYSICS,C,CHEMISTRY,A,BIOLOGY,B,070,B,new,8,March,2001,male
104991,-,-.2638,-,-,2020,ECONOMICS,F,BUSINESS STUDIES,C,ACCOUNTING,C,058,S,new,29,March,2001,male
65622,COMMERCE,1.4441,348 (NEW),4368 (NEW),2020,ECONOMICS,B,BUSINESS STUDIES,B,ACCOUNTING,A,052,S,new,20,September,2001,female
132025,ARTS,1.1763,879 (NEW),12123 (NEW),2020,GEOGRAPHY,C,BUDDHIST CIVILIZATION,A,SINHALA,B,048,F,new,5,December,2001,female
316811,-,-,-,-,2020,GEOGRAPHY,Absent,COMMUNICATION & MEDIA STUDIES,Absent,SINHALA,Absent,Absent,Absent,old,13,August,1999,female
59320,-,-.4415,-,-,2020,PHYSICS,S,CHEMISTRY,F,BIOLOGY,S,042,A,new,18,November,2001,female
140722,ARTS,.2456,1954 (NEW),43766 (NEW),2020,AGRICULTURAL SCIENCE,S,AGRO TECHNOLOGY,C,COMMUNICATION & MEDIA STUDIES,S,062,S,new,18,March,1999,female
314212,-,-.0557,-,-,2020,CHEMISTRY,F,AGRICULTURAL SCIENCE,B,BIOLOGY,S,Absent,Absent,old,11,June,1999,female
156075,-,-,-,-,2020,ECONOMICS,F,BUSINESS STUDIES,F,ACCOUNTING,F,020,F,new,25,January,2002,male
208035,ENGINEERING TECHNOLOGY,1.3161,46 (NEW),1603 (NEW),2020,INFORMATION & COMMUNICATION TECHNOLOGY,B,ENGINEERING TECHNOLOGY,C,SCIENCE FOR TECHNOLOGY,B,050,F,new,19,October,2001,female
299167,COMMERCE,-.0823,551 (NEW),30044 (NEW),2020,ECONOMICS,C,BUSINESS STUDIES,S,ACCOUNTING,S,050,C,new,18,January,2001,female
269669,BIOLOGICAL SCIENCE,-.0112,582 (NEW),17133 (NEW),2020,PHYSICS,S,CHEMISTRY,S,BIOLOGY,C,Absent,S,new,11,May,2000,male
31500,ARTS,1.2673,805 (NEW),9908 (NEW),2020,INFORMATION & COMMUNICATION TECHNOLOGY,C,ORIENTAL MUSIC,A,SINHALA,B,046,C,new,12,May,2001,female
47453,ARTS,.1331,3722 (NEW),48105 (NEW),2020,HOME ECONOMICS,C,COMMUNICATION & MEDIA STUDIES,C,SINHALA,B,036,F,new,21,July,2001,female
79248,ARTS,1.3055,624 (NEW),9025 (NEW),2020,GEOGRAPHY,B,BUDDHIST CIVILIZATION,A,SINHALA,B,044,S,new,18,March,2000,female
313305,-,-,-,-,2020,GEOGRAPHY,Absent,POLITICAL SCIENCE,Absent,SINHALA,Absent,Absent,Absent,old,3,November,1999,female
101695,ARTS,-.2799,2739 (NEW),62807 (NEW),2020,GEOGRAPHY,S,COMMUNICATION & MEDIA STUDIES,C,BUDDHIST CIVILIZATION,S,040,F,new,5,December,2001,male
171874,-,-.4086,-,-,2020,PHYSICS,S,CHEMISTRY,F,COMBINED MATHEMATICS,S,Absent,Absent,new,7,December,2000,male
188820,-,-,-,-,2020,PHYSICS,F,CHEMISTRY,F,BIOLOGY,S,054,C,new,21,March,2001,male
105745,ARTS,-.1361,2568 (NEW),58059 (NEW),2020,ECONOMICS,S,GEOGRAPHY,C,SINHALA,C,044,F,new,24,August,2001,female
53379,-,-,-,-,2020,PHYSICS,F,CHEMISTRY,F,COMBINED MATHEMATICS,F,050,A,new,6,October,2001,male
70107,ARTS,.1899,2459 (NEW),45934 (NEW),2020,POLITICAL SCIENCE,S,COMMUNICATION & MEDIA STUDIES,C,DRAMA AND THEATRE (SINHALA),C,020,F,new,2,July,2000,female
175488,ARTS,1.8208,31 (NEW),1483 (NEW),2020,GEOGRAPHY,A,ART,A,SINHALA,B,040,S,new,20,September,2001,female
147814,-,-.0762,-,-,2020,INFORMATION & COMMUNICATION TECHNOLOGY,F,ENGINEERING TECHNOLOGY,S,SCIENCE FOR TECHNOLOGY,S,056,F,new,22,August,2001,male
48369,-,-,-,-,2020,INFORMATION & COMMUNICATION TECHNOLOGY,Absent,ENGINEERING TECHNOLOGY,Absent,SCIENCE FOR TECHNOLOGY,Absent,Absent,Absent,new,23,May,2000,male
190369,-,-,-,-,2020,AGRICULTURAL SCIENCE,F,BIO SYSTEMS TECHNOLOGY,F,SCIENCE FOR TECHNOLOGY,F,028,F,new,26,March,2001,female
145605,ARTS,.9766,676 (NEW),17794 (NEW),2020,GEOGRAPHY,B,POLITICAL SCIENCE,B,COMMUNICATION & MEDIA STUDIES,C,038,F,new,15,August,2000,male
73908,-,-.3704,-,-,2020,INFORMATION & COMMUNICATION TECHNOLOGY,S,ENGLISH,F,FRENCH,S,042,B,new,10,January,2002,female
220248,-,-.3429,-,-,2020,PHYSICS,S,CHEMISTRY,S,COMBINED MATHEMATICS,F,058,C,new,16,November,2001,male
166836,ARTS,.8810,2245 (NEW),20693 (NEW),2020,COMMUNICATION & MEDIA STUDIES,B,SINHALA,B,GERMAN,C,Absent,C,new,5,November,2000,female
94340,PHYSICAL SCIENCE,.5545,644 (NEW),10337 (NEW),2020,PHYSICS,S,CHEMISTRY,C,COMBINED MATHEMATICS,C,076,C,new,28,January,2002,female
303969,ARTS,.6193,775 (NEW),29668 (NEW),2020,LOGIC & SCIENTIFIC METHOD,S,CHRISTIAN CIVILIZATION,B,TAMIL,B,026,F,new,30,October,2001,female
275909,-,-.6595,-,-,2020,PHYSICS,S,CHEMISTRY,F,BIOLOGY,S,042,S,new,18,August,2001,female
196456,-,.0575,-,-,2020,INFORMATION & COMMUNICATION TECHNOLOGY,C,ENGINEERING TECHNOLOGY,F,SCIENCE FOR TECHNOLOGY,C,044,F,new,3,April,2001,male
129430,-,-,-,-,2020,GEOGRAPHY,Absent,BUDDHIST CIVILIZATION,Absent,SINHALA,Absent,Absent,Absent,new,13,August,2000,female
143097,PHYSICAL SCIENCE,.6985,347 (NEW),8969 (NEW),2020,PHYSICS,C,CHEMISTRY,C,COMBINED MATHEMATICS,C,048,F,new,3,February,2000,female
152689,PHYSICAL SCIENCE,1.1817,380 (NEW),4989 (NEW),2020,PHYSICS,B,CHEMISTRY,C,COMBINED MATHEMATICS,B,084,B,new,20,June,2001,male
287369,-,-,-,-,2020,GEOGRAPHY,Absent,HISTORY OF SRI LANKA & EUROPE,Absent,HINDU CIVILIZATION,Absent,Absent,Absent,new,15,September,2001,female
274098,-,-,-,-,2020,PHYSICS,F,CHEMISTRY,F,COMBINED MATHEMATICS,F,052,F,new,17,April,2001,male
231581,-,-,-,-,2020,GEOGRAPHY,F,DRAMA AND THEATRE (TAMIL),Absent,TAMIL,F,026,F,new,24,October,2000,female
154556,ARTS,.1521,5102 (NEW),47400 (NEW),2020,INFORMATION & COMMUNICATION TECHNOLOGY,S,GEOGRAPHY,C,ART,S,046,S,new,26,February,2001,male
72134,ARTS,1.5320,286 (NEW),4585 (NEW),2020,ECONOMICS,A,GEOGRAPHY,A,COMMUNICATION & MEDIA STUDIES,B,050,S,new,29,May,2001,female
267159,-,-.5707,-,-,2020,GEOGRAPHY,F,ORIENTAL MUSIC,C,SINHALA,S,024,F,new,19,September,2000,female
255483,-,-1.0802,-,-,2020,POLITICAL SCIENCE,F,COMMUNICATION & MEDIA STUDIES,S,SINHALA,S,048,F,new,11,August,2000,male
86945,-,-.4726,-,-,2020,AGRICULTURAL SCIENCE,F,GEOGRAPHY,S,SINHALA,C,034,F,new,29,August,2001,male
6985,PHYSICAL SCIENCE,.2049,2544 (NEW),14183 (NEW),2020,PHYSICS,S,CHEMISTRY,C,COMBINED MATHEMATICS,S,Absent,Absent,new,13,November,2000,male
115692,-,-,-,-,2020,HISTORY OF SRI LANKA & INDIA,Absent,BUDDHIST CIVILIZATION,Absent,SINHALA,Absent,Absent,Absent,new,7,May,2000,female
189374,PHYSICAL SCIENCE,.6874,245 (NEW),9077 (NEW),2020,PHYSICS,C,CHEMISTRY,C,COMBINED MATHEMATICS,C,058,B,new,14,August,2000,female
195342,-,-.7632,-,-,2020,AGRICULTURAL SCIENCE,F,BUDDHIST CIVILIZATION,S,SINHALA,C,032,Absent,new,4,August,1999,female
22527,-,.1886,-,-,2020,INFORMATION & COMMUNICATION TECHNOLOGY,F,ART,C,SINHALA,B,054,C,new,20,August,1996,female
175108,ENGINEERING TECHNOLOGY,1.1647,42 (NEW),2075 (NEW),2020,INFORMATION & COMMUNICATION TECHNOLOGY,B,ENGINEERING TECHNOLOGY,C,SCIENCE FOR TECHNOLOGY,C,046,S,new,18,September,2001,male
144605,-,-.4384,-,-,2020,GEOGRAPHY,F,ENGINEERING TECHNOLOGY,S,SCIENCE FOR TECHNOLOGY,S,034,F,new,15,October,2001,male
185783,ARTS,1.4852,292 (NEW),5363 (NEW),2020,GEOGRAPHY,A,ART,A,SINHALA,B,038,F,new,3,July,2001,female
172892,NON,-.0396,-,-,2020,PHYSICS,S,COMBINED MATHEMATICS,S,INFORMATION & COMMUNICATION TECHNOLOGY,C,062,S,new,13,February,2001,male
111622,ARTS,-.4506,2259 (NEW),67329 (NEW),2020,GEOGRAPHY,S,POLITICAL SCIENCE,S,SINHALA,C,032,F,new,1,January,2002,female
213954,BIOLOGICAL SCIENCE,1.6635,157 (NEW),2178 (NEW),2020,PHYSICS,B,CHEMISTRY,B,BIOLOGY,B,070,A,new,9,July,2001,female
11880,ARTS,.8805,1468 (NEW),20710 (NEW),2020,GEOGRAPHY,B,HISTORY OF SRI LANKA & INDIA,B,COMMUNICATION & MEDIA STUDIES,C,050,C,new,26,October,2001,male
210863,-,-,-,-,2020,POLITICAL SCIENCE,Absent,COMMUNICATION & MEDIA STUDIES,Absent,SINHALA,Absent,Absent,Absent,new,19,May,2000,female
318255,-,-,-,-,2020,ECONOMICS,Absent,BUSINESS STUDIES,Absent,ACCOUNTING,Absent,Absent,Absent,old,1,November,1999,male
35147,-,-,-,-,2020,HISTORY OF SRI LANKA & EUROPE,Absent,CHRISTIANITY,Absent,SINHALA,Absent,Absent,Absent,new,10,December,1999,male
239087,ARTS,.6981,654 (NEW),26904 (NEW),2020,GEOGRAPHY,C,POLITICAL SCIENCE,C,TAMIL,B,054,S,new,28,February,2001,female
56286,COMMERCE,.5288,2126 (NEW),18257 (NEW),2020,ECONOMICS,C,BUSINESS STUDIES,C,ACCOUNTING,C,050,S,new,13,November,2001,female
113601,-,-,-,-,2020,POLITICAL SCIENCE,Absent,BUDDHIST CIVILIZATION,Absent,SINHALA,Absent,Absent,Absent,new,12,July,2001,female
144471,-,-,-,-,2020,AGRICULTURAL SCIENCE,Absent,BIO SYSTEMS TECHNOLOGY,Absent,SCIENCE FOR TECHNOLOGY,Absent,Absent,Absent,new,2,September,2000,male
288337,ARTS,.1714,1098 (NEW),46654 (NEW),2020,GEOGRAPHY,C,POLITICAL SCIENCE,C,ISLAM,C,020,F,new,1,January,2002,male
54273,COMMERCE,.7923,1567 (NEW),13764 (NEW),2020,ECONOMICS,B,BUSINESS STUDIES,B,ACCOUNTING,C,Absent,C,new,16,June,1999,female
137834,BIOLOGICAL SCIENCE,.2776,584 (NEW),13516 (NEW),2020,PHYSICS,S,CHEMISTRY,C,BIOLOGY,S,054,S,new,4,November,2000,male
26600,-,-,-,-,2020,PHYSICS,F,CHEMISTRY,F,BIOLOGY,F,038,S,new,14,December,2001,female
145844,-,-,-,-,2020,PHYSICS,F,CHEMISTRY,F,BIOLOGY,F,046,F,new,30,May,2001,female
142814,-,.3060,-,-,2020,MATHEMATICS,F,ENGINEERING TECHNOLOGY,S,SCIENCE FOR TECHNOLOGY,C,048,F,new,9,January,2002,male
26732,COMMERCE,.5384,3460 (NEW),18107 (NEW),2020,ECONOMICS,B,BUSINESS STUDIES,C,ACCOUNTING,B,052,A,new,30,April,2001,female
252689,ARTS,.0530,2516 (NEW),51133 (NEW),2020,POLITICAL SCIENCE,C,HINDU CIVILIZATION,C,TAMIL,S,034,F,new,24,October,2000,female
72849,-,-.9961,-,-,2020,COMMUNICATION & MEDIA STUDIES,F,BUDDHIST CIVILIZATION,S,SINHALA,S,030,F,new,14,April,2001,male
223426,BIOLOGICAL SCIENCE,.8994,524 (NEW),7025 (NEW),2020,PHYSICS,C,CHEMISTRY,B,BIOLOGY,C,072,A,new,4,December,2001,male
275620,-,-.9897,-,-,2020,ECONOMICS,S,BUSINESS STUDIES,F,ACCOUNTING,S,044,Absent,new,8,December,2000,male
310137,-,-,-,-,2020,ECONOMICS,Absent,BUSINESS STUDIES,Absent,ACCOUNTING,Absent,Absent,Absent,old,29,August,1998,male
6489,PHYSICAL SCIENCE,.3048,2379 (NEW),13024 (NEW),2020,PHYSICS,S,CHEMISTRY,C,COMBINED MATHEMATICS,C,056,A,new,19,January,2001,female
307796,-,-,-,-,2020,PHYSICS,S,CHEMISTRY,F,BIOLOGY,F,055,A,old,21,July,1999,male
612,COMMERCE,-.3248,6507 (NEW),34859 (NEW),2020,ECONOMICS,S,BUSINESS STUDIES,S,ACCOUNTING,S,044,C,new,3,April,2001,female
54553,COMMERCE,-.5717,4624 (NEW),38480 (NEW),2020,ECONOMICS,S,BUSINESS STUDIES,S,ACCOUNTING,S,030,F,new,6,February,2001,female
160646,-,-,-,-,2020,PHYSICS,F,CHEMISTRY,F,COMBINED MATHEMATICS,S,054,S,new,18,August,2001,male
9758,ARTS,1.6080,386 (NEW),3553 (NEW),2020,ECONOMICS,B,LOGIC & SCIENTIFIC METHOD,A,SINHALA,A,046,B,new,29,September,2001,female
93832,COMMERCE,.8379,896 (NEW),12985 (NEW),2020,ECONOMICS,B,BUSINESS STUDIES,C,ACCOUNTING,B,030,C,new,6,September,2000,female
333276,ARTS,-.0225,87 (OLD),4325 (OLD),2020,POLITICAL SCIENCE,S,COMMUNICATION & MEDIA STUDIES,C,CHRISTIAN CIVILIZATION,C,052,S,old,9,July,1999,female
323111,ARTS,1.2922,51 (OLD),547 (OLD),2020,GEOGRAPHY,A,POLITICAL SCIENCE,C,SINHALA,A,058,S,old,3,December,1999,female
125482,PHYSICAL SCIENCE,.1099,659 (NEW),15356 (NEW),2020,PHYSICS,S,CHEMISTRY,S,COMBINED MATHEMATICS,C,Absent,S,new,20,January,2001,female
64536,ARTS,.7738,1420 (NEW),24306 (NEW),2020,POLITICAL SCIENCE,C,HISTORY OF SRI LANKA & INDIA,B,SINHALA,B,038,S,new,29,April,2001,female
294275,-,-.5889,-,-,2020,PHYSICS,F,CHEMISTRY,S,BIOLOGY,S,044,S,new,9,July,2000,female
232192,-,-,-,-,2020,INFORMATION & COMMUNICATION TECHNOLOGY,Absent,ENGINEERING TECHNOLOGY,Absent,SCIENCE FOR TECHNOLOGY,Absent,Absent,Absent,new,1,December,2000,male
259993,-,-,-,-,2020,PHYSICS,Absent,CHEMISTRY,Absent,COMBINED MATHEMATICS,Absent,Absent,Absent,new,27,December,2000,male
103832,-,-,-,-,2020,INFORMATION & COMMUNICATION TECHNOLOGY,F,GEOGRAPHY,F,COMMUNICATION & MEDIA STUDIES,S,032,F,new,17,August,2001,male
220973,BIOLOGICAL SCIENCE,.4733,904 (NEW),11307 (NEW),2020,PHYSICS,C,CHEMISTRY,C,BIOLOGY,S,062,B,new,16,August,2000,male
234382,-,-.4923,-,-,2020,GEOGRAPHY,S,POLITICAL SCIENCE,F,TAMIL,C,036,S,new,24,September,2001,female
70884,-,-,-,-,2020,PHYSICS,F,CHEMISTRY,F,COMBINED MATHEMATICS,F,048,S,new,20,June,2001,male
52808,COMMERCE,.9899,1186 (NEW),10561 (NEW),2020,ECONOMICS,B,BUSINESS STUDIES,C,ACCOUNTING,B,052,B,new,1,June,2001,male
48819,-,-,-,-,2020,AGRICULTURAL SCIENCE,S,BIO SYSTEMS TECHNOLOGY,F,SCIENCE FOR TECHNOLOGY,F,038,F,new,27,February,2001,female
64184,-,-.5993,-,-,2020,GEOGRAPHY,F,DANCING(INDIGENOUS),C,SINHALA,C,036,F,new,26,January,2002,female
35746,-,-,-,-,2020,ECONOMICS,Absent,BUSINESS STUDIES,Absent,ACCOUNTING,Absent,Absent,Absent,new,19,November,1998,female
305528,-,-,-,-,2020,PHYSICS,F,CHEMISTRY,F,BIOLOGY,F,046,S,new,20,June,2001,female
328045,BIOLOGICAL SCIENCE,-.5710,227 (OLD),5667 (OLD),2020,CHEMISTRY,S,AGRICULTURAL SCIENCE,S,BIOLOGY,S,037,Absent,old,18,February,1999,female
245875,-,-.4510,-,-,2020,PHYSICS,F,CHEMISTRY,S,BIOLOGY,S,042,B,new,22,April,2001,male
176231,ARTS,1.1402,439 (NEW),13085 (NEW),2020,POLITICAL SCIENCE,A,HISTORY OF SRI LANKA & INDIA,C,SINHALA,B,034,S,new,14,July,2001,female
176931,-,-,-,-,2020,INFORMATION & COMMUNICATION TECHNOLOGY,F,ENGINEERING TECHNOLOGY,S,SCIENCE FOR TECHNOLOGY,F,Absent,S,new,4,September,2000,male
124223,ENGINEERING TECHNOLOGY,.2256,504 (NEW),7041 (NEW),2020,INFORMATION & COMMUNICATION TECHNOLOGY,S,ENGINEERING TECHNOLOGY,C,SCIENCE FOR TECHNOLOGY,S,Absent,F,new,5,March,2000,male
108184,-,-,-,-,2020,PHYSICS,F,CHEMISTRY,F,BIOLOGY,S,034,C,new,20,May,2001,female
176727,-,-.4065,-,-,2020,POLITICAL SCIENCE,F,HISTORY OF SRI LANKA & INDIA,S,SINHALA,B,052,F,new,16,December,2001,female
296211,-,-.4666,-,-,2020,PHYSICS,F,CHEMISTRY,C,BIOLOGY,S,038,F,new,28,October,2001,female
290401,-,-,-,-,2020,GEOGRAPHY,F,BUSINESS STUDIES,F,TAMIL,S,032,F,new,25,October,2001,female
113421,-,-,-,-,2020,PHYSICS,Absent,CHEMISTRY,Absent,BIOLOGY,Absent,Absent,Absent,new,8,May,2000,female
168746,-,-.6568,-,-,2020,GEOGRAPHY,S,LOGIC & SCIENTIFIC METHOD,F,SINHALA,C,044,S,new,27,December,2001,female
112650,BIOLOGICAL SCIENCE,.9062,236 (NEW),6961 (NEW),2020,PHYSICS,C,CHEMISTRY,C,BIOLOGY,C,072,C,new,30,April,1999,female
76513,-,-,-,-,2020,GEOGRAPHY,F,HOME ECONOMICS,S,ISLAM,F,042,F,new,6,December,2001,female
319830,BIOLOGICAL SCIENCE,-.7873,223 (OLD),5830 (OLD),2020,PHYSICS,S,CHEMISTRY,S,BIOLOGY,S,052,F,old,18,January,2000,male
137081,PHYSICAL SCIENCE,.9517,261 (NEW),6717 (NEW),2020,PHYSICS,B,CHEMISTRY,C,COMBINED MATHEMATICS,S,086,B,new,23,August,2001,male
282326,-,-,-,-,2020,POLITICAL SCIENCE,F,HISTORY OF SRI LANKA & EUROPE,F,COMMUNICATION & MEDIA STUDIES,Absent,030,Absent,new,23,April,2001,male
113086,ARTS,.8883,747 (NEW),20465 (NEW),2020,GEOGRAPHY,B,DRAMA AND THEATRE (SINHALA),B,SINHALA,B,042,S,new,1,May,2001,female
167985,ARTS,-.2893,6647 (NEW),63133 (NEW),2020,GEOGRAPHY,C,HOME ECONOMICS,C,SINHALA,S,040,F,new,4,November,2001,male
227884,-,-,-,-,2020,LOGIC & SCIENTIFIC METHOD,Absent,ART,Absent,SINHALA,Absent,Absent,Absent,new,7,March,2000,female
319526,ARTS,1.6977,9 (OLD),94 (OLD),2020,POLITICAL SCIENCE,B,BUDDHIST CIVILIZATION,A,SINHALA,A,Absent,S,old,9,December,1999,female
88102,-,-1.0301,-,-,2020,GEOGRAPHY,S,POLITICAL SCIENCE,F,SINHALA,S,036,F,new,21,May,2001,male
321935,-,-,-,-,2020,PHYSICS,F,CHEMISTRY,F,COMBINED MATHEMATICS,F,058,A,old,10,September,1998,female
47409,-,.1487,-,-,2020,INFORMATION & COMMUNICATION TECHNOLOGY,F,ENGINEERING TECHNOLOGY,C,SCIENCE FOR TECHNOLOGY,S,046,S,new,9,July,2001,male
247641,-,-.7551,-,-,2020,ECONOMICS,S,BUSINESS STUDIES,F,ACCOUNTING,S,036,F,new,5,September,2000,female
163877,ARTS,.3884,4196 (NEW),38318 (NEW),2020,POLITICAL SCIENCE,S,BUDDHIST CIVILIZATION,B,SINHALA,C,046,F,new,6,October,2001,female
277209,ENGINEERING TECHNOLOGY,.1730,139 (NEW),7431 (NEW),2020,AGRICULTURAL SCIENCE,S,ENGINEERING TECHNOLOGY,S,SCIENCE FOR TECHNOLOGY,S,046,F,new,1,November,2001,female
286683,-,-.1909,-,-,2020,INFORMATION & COMMUNICATION TECHNOLOGY,F,ISLAM,C,TAMIL,C,052,S,new,6,October,2001,female
271437,PHYSICAL SCIENCE,1.3309,81 (NEW),4010 (NEW),2020,PHYSICS,C,CHEMISTRY,B,COMBINED MATHEMATICS,A,050,F,new,1,January,2001,male
277262,-,-.0222,-,-,2020,CHEMISTRY,F,AGRICULTURAL SCIENCE,S,BIOLOGY,C,044,F,new,1,July,2000,male
275855,BIOSYSTEMS TECHNOLOGY,1.2427,22 (NEW),1102 (NEW),2020,AGRICULTURAL SCIENCE,B,BIO SYSTEMS TECHNOLOGY,C,SCIENCE FOR TECHNOLOGY,C,040,F,new,9,February,2001,female
104787,COMMERCE,-.0717,1293 (NEW),29828 (NEW),2020,ECONOMICS,S,BUSINESS STUDIES,C,ACCOUNTING,C,048,F,new,13,April,2001,female
309343,-,-,-,-,2020,PHYSICS,S,CHEMISTRY,F,COMBINED MATHEMATICS,F,067,B,old,14,July,1999,male
183112,COMMERCE,-.5898,1459 (NEW),38667 (NEW),2020,ECONOMICS,S,BUSINESS STUDIES,S,ACCOUNTING,S,054,F,new,10,January,2002,male
15893,-,-,-,-,2020,PHYSICS,F,CHEMISTRY,F,BIOLOGY,F,058,A,new,10,April,2001,female
37981,-,-,-,-,2020,ECONOMICS,Absent,BUSINESS STUDIES,Absent,ACCOUNTING,Absent,Absent,Absent,new,14,July,1999,female
89623,-,-,-,-,2020,HISTORY OF SRI LANKA & EUROPE,Absent,COMMUNICATION & MEDIA STUDIES,Absent,SINHALA,Absent,Absent,Absent,new,22,January,2001,female
320016,-,-,-,-,2020,PHYSICS,Absent,CHEMISTRY,Absent,BIOLOGY,Absent,Absent,Absent,old,7,April,1998,female
287834,-,-,-,-,2020,PHYSICS,F,CHEMISTRY,F,COMBINED MATHEMATICS,F,036,F,new,26,March,2000,male
309463,-,-,-,-,2020,AGRICULTURAL SCIENCE,Absent,ECONOMICS,Absent,COMMUNICATION & MEDIA STUDIES,Absent,Absent,Absent,old,28,August,1998,male
129274,ARTS,.0031,3148 (NEW),52977 (NEW),2020,GEOGRAPHY,S,BUDDHISM,C,SINHALA,C,036,F,new,27,October,2000,male
94848,BIOSYSTEMS TECHNOLOGY,1.4314,32 (NEW),760 (NEW),2020,INFORMATION & COMMUNICATION TECHNOLOGY,C,BIO SYSTEMS TECHNOLOGY,B,SCIENCE FOR TECHNOLOGY,B,046,C,new,9,February,2000,female
179427,-,-,-,-,2020,POLITICAL SCIENCE,Absent,ISLAM,Absent,ART,Absent,Absent,Absent,new,4,September,1999,male
239656,COMMERCE,.9299,247 (NEW),11480 (NEW),2020,ECONOMICS,B,BUSINESS STUDIES,B,ACCOUNTING,C,Absent,C,new,13,May,2000,female
246394,-,-,-,-,2020,PHYSICS,F,CHEMISTRY,S,BIOLOGY,F,050,F,new,14,July,2001,male
309259,BIOLOGICAL SCIENCE,-.3150,90 (OLD),5176 (OLD),2020,PHYSICS,S,CHEMISTRY,S,BIOLOGY,S,057,C,old,25,March,1999,female
51471,-,-,-,-,2020,ECONOMICS,F,BUSINESS STUDIES,F,ACCOUNTING,F,042,F,new,1,July,2001,male
178477,ARTS,.5472,1079 (NEW),32339 (NEW),2020,GEOGRAPHY,C,POLITICAL SCIENCE,C,TAMIL,B,050,A,new,30,November,2001,female
38792,BIOSYSTEMS TECHNOLOGY,.0231,390 (NEW),5486 (NEW),2020,AGRICULTURAL SCIENCE,S,BIO SYSTEMS TECHNOLOGY,S,SCIENCE FOR TECHNOLOGY,S,052,F,new,27,October,2001,female
260100,ARTS,.6746,923 (NEW),27752 (NEW),2020,HISTORY OF SRI LANKA & INDIA,A,BUDDHIST CIVILIZATION,B,SINHALA,C,034,F,new,13,June,2001,male
28410,COMMERCE,.8403,2559 (NEW),12940 (NEW),2020,ECONOMICS,B,BUSINESS STUDIES,C,ACCOUNTING,B,058,C,new,19,October,2001,male
78317,COMMERCE,.7063,1043 (NEW),15221 (NEW),2020,ECONOMICS,C,BUSINESS STUDIES,B,ACCOUNTING,B,048,C,new,7,September,2001,female
19823,BIOLOGICAL SCIENCE,.6974,1572 (NEW),8896 (NEW),2020,PHYSICS,S,CHEMISTRY,C,BIOLOGY,C,060,A,new,4,July,2001,female
66284,PHYSICAL SCIENCE,.8245,460 (NEW),7834 (NEW),2020,PHYSICS,C,CHEMISTRY,C,COMBINED MATHEMATICS,B,Absent,Absent,new,14,September,2000,male
305578,-,-,-,-,2020,POLITICAL SCIENCE,Absent,HISTORY OF SRI LANKA & EUROPE,Absent,TAMIL,Absent,Absent,Absent,new,23,March,2000,female
105493,BIOLOGICAL SCIENCE,-.3503,1096 (NEW),20649 (NEW),2020,CHEMISTRY,S,AGRICULTURAL SCIENCE,S,BIOLOGY,S,044,F,new,6,June,2001,female
202637,ARTS,-.3147,1361 (NEW),63891 (NEW),2020,GEOGRAPHY,S,COMMUNICATION & MEDIA STUDIES,C,SINHALA,S,040,F,new,25,July,2001,female
312772,COMMERCE,.0188,40 (OLD),714 (OLD),2020,INFORMATION & COMMUNICATION TECHNOLOGY,S,ECONOMICS,S,ACCOUNTING,S,Absent,S,old,13,February,1999,male
172088,-,-.5301,-,-,2020,PHYSICS,S,CHEMISTRY,F,BIOLOGY,S,062,C,new,2,December,2001,male
98105,ARTS,.0426,2336 (NEW),51487 (NEW),2020,BUDDHISM,C,PALI,C,SANSKRIT,S,032,F,new,8,March,1999,male
91186,-,-,-,-,2020,PHYSICS,F,CHEMISTRY,F,BIOLOGY,S,042,A,new,8,November,2001,male
237637,ARTS,1.2974,170 (NEW),9218 (NEW),2020,GEOGRAPHY,B,COMMUNICATION & MEDIA STUDIES,C,SINHALA,A,026,F,new,5,July,2000,female
73346,BIOLOGICAL SCIENCE,.0789,930 (NEW),15966 (NEW),2020,PHYSICS,S,CHEMISTRY,C,BIOLOGY,S,056,F,new,11,November,2001,female
88813,-,-,-,-,2020,INFORMATION & COMMUNICATION TECHNOLOGY,Absent,ENGINEERING TECHNOLOGY,Absent,SCIENCE FOR TECHNOLOGY,Absent,Absent,Absent,new,1,December,2000,male
300156,COMMERCE,-.0115,519 (NEW),28585 (NEW),2020,INFORMATION & COMMUNICATION TECHNOLOGY,C,ECONOMICS,C,ACCOUNTING,S,Absent,F,new,6,May,2000,male
314767,ARTS,.1902,180 (OLD),3681 (OLD),2020,GEOGRAPHY,S,HISTORY OF INDIA,C,COMMUNICATION & MEDIA STUDIES,B,Absent,F,old,6,November,1999,female
5761,-,-,-,-,2020,AGRICULTURAL SCIENCE,F,INFORMATION & COMMUNICATION TECHNOLOGY,S,BUSINESS STUDIES,F,048,C,new,1,July,1993,male
253953,-,-,-,-,2020,ECONOMICS,S,BUSINESS STUDIES,F,ACCOUNTING,F,034,Absent,new,21,January,2001,male
80311,-,-.6527,-,-,2020,GEOGRAPHY,F,BUDDHIST CIVILIZATION,S,SINHALA,C,036,F,new,25,July,2000,female
274062,PHYSICAL SCIENCE,-.3226,497 (NEW),19985 (NEW),2020,PHYSICS,S,CHEMISTRY,S,COMBINED MATHEMATICS,S,058,S,new,17,May,2000,female
117986,-,-,-,-,2020,ECONOMICS,F,BUSINESS STUDIES,F,ACCOUNTING,F,038,F,new,3,December,2001,male
8881,-,-,-,-,2020,ECONOMICS,F,BUSINESS STUDIES,S,ACCOUNTING,F,030,S,new,11,February,2000,female
325015,COMMERCE,.7425,45 (OLD),373 (OLD),2020,INFORMATION & COMMUNICATION TECHNOLOGY,C,ECONOMICS,B,ACCOUNTING,S,055,S,old,20,April,2000,female
139129,PHYSICAL SCIENCE,.3453,517 (NEW),12614 (NEW),2020,PHYSICS,C,CHEMISTRY,C,COMBINED MATHEMATICS,C,Absent,Absent,new,20,September,2000,female
284267,COMMERCE,.5344,210 (NEW),18170 (NEW),2020,ECONOMICS,B,BUSINESS STUDIES,C,ACCOUNTING,B,050,B,new,9,August,2001,female
224723,-,-,-,-,2020,ECONOMICS,F,BUSINESS STUDIES,S,ACCOUNTING,F,030,F,new,30,May,2001,male
198974,-,-.5134,-,-,2020,GEOGRAPHY,F,POLITICAL SCIENCE,S,SINHALA,C,034,F,new,26,March,2001,female
1538,COMMERCE,-.2772,6343 (NEW),33948 (NEW),2020,ECONOMICS,C,BUSINESS STATISTICS,S,ACCOUNTING,S,062,C,new,15,August,2001,male
188480,ARTS,-.2593,3241 (NEW),62146 (NEW),2020,POLITICAL SCIENCE,S,BUDDHIST CIVILIZATION,S,SINHALA,C,050,F,new,11,April,2001,female
173447,-,-,-,-,2020,POLITICAL SCIENCE,F,DRAMA AND THEATRE (SINHALA),Absent,SINHALA,S,022,F,new,10,April,2001,male
257116,ENGINEERING TECHNOLOGY,-.2949,269 (NEW),11012 (NEW),2020,INFORMATION & COMMUNICATION TECHNOLOGY,S,ENGINEERING TECHNOLOGY,S,SCIENCE FOR TECHNOLOGY,S,044,F,new,23,January,2002,male
226620,-,-,-,-,2020,GEOGRAPHY,F,POLITICAL SCIENCE,F,TAMIL,F,038,F,new,18,February,2001,male
266870,COMMERCE,.2696,403 (NEW),23136 (NEW),2020,ECONOMICS,C,BUSINESS STUDIES,C,ACCOUNTING,C,042,S,new,4,June,2001,female
43597,BIOLOGICAL SCIENCE,1.4988,263 (NEW),2978 (NEW),2020,PHYSICS,C,CHEMISTRY,A,BIOLOGY,C,074,C,new,26,October,2000,male
206004,ARTS,-.3491,1859 (NEW),64857 (NEW),2020,GEOGRAPHY,S,DANCING(INDIGENOUS),C,SINHALA,S,038,F,new,2,November,2001,female
205002,-,-,-,-,2020,AGRICULTURAL SCIENCE,Absent,BIO SYSTEMS TECHNOLOGY,Absent,SCIENCE FOR TECHNOLOGY,Absent,Absent,Absent,new,22,June,2000,female
211032,BIOLOGICAL SCIENCE,.2242,1132 (NEW),14165 (NEW),2020,PHYSICS,S,CHEMISTRY,S,BIOLOGY,C,066,A,new,17,May,2001,female
199657,ARTS,.4544,783 (NEW),35832 (NEW),2020,GEOGRAPHY,S,POLITICAL SCIENCE,C,ISLAMIC CIVILIZATION,B,032,F,new,14,February,2001,female
283427,-,-,-,-,2020,ECONOMICS,Absent,BUSINESS STUDIES,Absent,ACCOUNTING,Absent,Absent,Absent,new,10,October,2000,male
46706,-,-.7468,-,-,2020,GEOGRAPHY,S,BUDDHIST CIVILIZATION,F,SINHALA,S,036,F,new,9,December,2000,male
316942,-,-,-,-,2020,PHYSICS,Absent,CHEMISTRY,Absent,BIOLOGY,Absent,Absent,Absent,old,3,May,1999,male
87611,ARTS,-.4041,3514 (NEW),66248 (NEW),2020,HOME ECONOMICS,C,BUDDHIST CIVILIZATION,S,SINHALA,S,040,F,new,21,April,2001,female
224909,ENGINEERING TECHNOLOGY,-.3636,758 (NEW),11410 (NEW),2020,INFORMATION & COMMUNICATION TECHNOLOGY,S,ENGINEERING TECHNOLOGY,S,SCIENCE FOR TECHNOLOGY,S,064,F,new,23,January,2002,male
99868,COMMERCE,1.1052,429 (NEW),8816 (NEW),2020,INFORMATION & COMMUNICATION TECHNOLOGY,C,BUSINESS STUDIES,B,ACCOUNTING,B,046,C,new,20,July,2001,female
266963,ARTS,.6568,965 (NEW),28332 (NEW),2020,GEOGRAPHY,S,HOME ECONOMICS,C,SINHALA,A,034,S,new,16,April,2001,female
223845,ARTS,.2230,2928 (NEW),44662 (NEW),2020,GEOGRAPHY,S,HISTORY OF SRI LANKA & INDIA,C,SINHALA,C,038,S,new,4,December,2000,female
71204,-,-,-,-,2020,INFORMATION & COMMUNICATION TECHNOLOGY,S,POLITICAL SCIENCE,F,LOGIC & SCIENTIFIC METHOD,F,038,S,new,13,May,2001,male
204343,ARTS,-.0987,1629 (NEW),56754 (NEW),2020,POLITICAL SCIENCE,S,ISLAM,C,ARABIC,B,038,F,new,18,December,2000,male
169483,-,-.3111,-,-,2020,INFORMATION & COMMUNICATION TECHNOLOGY,S,ENGINEERING TECHNOLOGY,F,SCIENCE FOR TECHNOLOGY,S,036,F,new,20,June,2001,male
318471,-,-,-,-,2020,AGRICULTURAL SCIENCE,Absent,BIOLOGY,Absent,AGRO TECHNOLOGY,Absent,Absent,Absent,old,18,August,1995,female
51651,-,-,-,-,2020,PHYSICS,F,CHEMISTRY,F,COMBINED MATHEMATICS,F,034,C,new,31,August,2001,female
51562,-,-,-,-,2020,LOGIC & SCIENTIFIC METHOD,F,COMMUNICATION & MEDIA STUDIES,F,BUSINESS STUDIES,F,058,S,new,22,December,2001,male
309323,ARTS,.7470,39 (OLD),2003 (OLD),2020,POLITICAL SCIENCE,C,ISLAM,B,ARABIC,B,027,F,old,1,February,1997,male
113809,BIOLOGICAL SCIENCE,.7430,289 (NEW),8447 (NEW),2020,PHYSICS,S,CHEMISTRY,C,BIOLOGY,B,054,B,new,16,January,2002,female
270427,-,-,-,-,2020,INFORMATION & COMMUNICATION TECHNOLOGY,S,ENGINEERING TECHNOLOGY,F,SCIENCE FOR TECHNOLOGY,F,Absent,F,new,5,August,2000,male
24853,-,-,-,-,2020,ECONOMICS,F,BUSINESS STUDIES,F,ACCOUNTING,F,032,F,new,25,August,2000,male
95827,PHYSICAL SCIENCE,1.7562,148 (NEW),1838 (NEW),2020,PHYSICS,B,CHEMISTRY,A,COMBINED MATHEMATICS,A,Absent,Absent,new,15,August,2000,male
118100,ARTS,.6922,1000 (NEW),27132 (NEW),2020,POLITICAL SCIENCE,C,HISTORY OF SRI LANKA & INDIA,C,BUDDHIST CIVILIZATION,C,040,F,new,4,March,2001,female
20582,COMMERCE,-.5112,6999 (NEW),37797 (NEW),2020,ECONOMICS,S,BUSINESS STUDIES,S,ENGLISH,S,Absent,A,new,30,March,2001,female
107657,BIOSYSTEMS TECHNOLOGY,.3291,127 (NEW),4144 (NEW),2020,INFORMATION & COMMUNICATION TECHNOLOGY,S,BIO SYSTEMS TECHNOLOGY,S,SCIENCE FOR TECHNOLOGY,S,Absent,F,new,7,June,2000,female
161401,-,-,-,-,2020,POLITICAL SCIENCE,F,COMMUNICATION & MEDIA STUDIES,F,SINHALA,S,024,F,new,8,September,2001,female
185455,ENGINEERING TECHNOLOGY,-.3740,570 (NEW),11459 (NEW),2020,AGRICULTURAL SCIENCE,S,ENGINEERING TECHNOLOGY,S,SCIENCE FOR TECHNOLOGY,S,032,S,new,23,February,2000,male
134116,ARTS,.1581,2861 (NEW),47168 (NEW),2020,GEOGRAPHY,S,BUDDHIST CIVILIZATION,S,SINHALA,B,030,F,new,1,April,2000,female
161430,ARTS,.3574,4325 (NEW),39506 (NEW),2020,HOME ECONOMICS,B,BUDDHIST CIVILIZATION,S,SINHALA,C,028,F,new,3,September,2001,female
6880,ENGINEERING TECHNOLOGY,.1339,922 (NEW),7732 (NEW),2020,INFORMATION & COMMUNICATION TECHNOLOGY,S,ENGINEERING TECHNOLOGY,S,SCIENCE FOR TECHNOLOGY,C,058,S,new,22,June,2001,male
65269,BIOSYSTEMS TECHNOLOGY,.2199,189 (NEW),4603 (NEW),2020,AGRICULTURAL SCIENCE,S,BIO SYSTEMS TECHNOLOGY,C,SCIENCE FOR TECHNOLOGY,S,054,S,new,11,July,2001,male
34123,COMMERCE,.6070,1944 (NEW),16923 (NEW),2020,ECONOMICS,C,BUSINESS STUDIES,S,ACCOUNTING,A,054,C,new,30,March,2001,male
336479,-,-,-,-,2020,ECONOMICS,F,BUSINESS STUDIES,F,ACCOUNTING,F,037,F,old,8,November,1999,male
297042,ARTS,.0880,1380 (NEW),49837 (NEW),2020,GEOGRAPHY,C,POLITICAL SCIENCE,S,TAMIL,C,052,S,new,5,August,2001,female
132644,-,-,-,-,2020,AGRICULTURAL SCIENCE,F,ENGINEERING TECHNOLOGY,F,SCIENCE FOR TECHNOLOGY,F,022,F,new,23,April,2001,male
307876,-,-,-,-,2020,PHYSICS,S,CHEMISTRY,F,COMBINED MATHEMATICS,F,058,A,old,20,March,1999,male
310863,-,-.9804,-,-,2020,AGRICULTURAL SCIENCE,F,AGRO TECHNOLOGY,S,HINDU CIVILIZATION,S,060,S,old,19,December,1987,male
3353,BIOLOGICAL SCIENCE,1.7636,422 (NEW),1761 (NEW),2020,PHYSICS,C,CHEMISTRY,A,BIOLOGY,A,078,Absent,new,23,November,2000,male
219759,COMMERCE,-.2159,2275 (NEW),32813 (NEW),2020,ECONOMICS,S,BUSINESS STUDIES,S,ACCOUNTING,S,054,S,new,17,December,2001,male
305735,ENGINEERING TECHNOLOGY,.3679,93 (NEW),6046 (NEW),2020,GEOGRAPHY,C,ENGINEERING TECHNOLOGY,S,SCIENCE FOR TECHNOLOGY,S,046,S,new,10,December,2001,male
198200,-,-,-,-,2020,CHEMISTRY,F,AGRICULTURAL SCIENCE,F,BIOLOGY,F,046,S,new,19,July,2001,female
278305,-,-,-,-,2020,PHYSICS,F,CHEMISTRY,S,COMBINED MATHEMATICS,F,068,C,new,6,June,2001,male
254617,-,-,-,-,2020,CHEMISTRY,Absent,AGRICULTURAL SCIENCE,Absent,BIOLOGY,Absent,Absent,Absent,new,31,July,2001,female
8360,COMMERCE,1.2658,1483 (NEW),6553 (NEW),2020,ECONOMICS,A,BUSINESS STUDIES,B,ACCOUNTING,B,048,C,new,21,June,2001,male
77488,NON,.7585,-,-,2020,PHYSICS,S,COMBINED MATHEMATICS,C,INFORMATION & COMMUNICATION TECHNOLOGY,B,072,S,new,5,November,2001,male
148887,PHYSICAL SCIENCE,2.4114,14 (NEW),244 (NEW),2020,PHYSICS,A,CHEMISTRY,A,COMBINED MATHEMATICS,A,084,B,new,20,June,2001,male
261307,-,-,-,-,2020,PHYSICS,F,CHEMISTRY,F,COMBINED MATHEMATICS,F,056,F,new,24,October,2000,male
282694,-,-.6094,-,-,2020,AGRICULTURAL SCIENCE,F,HISTORY OF SRI LANKA & EUROPE,S,HINDU CIVILIZATION,S,032,F,new,13,March,2000,female
15619,COMMERCE,.8286,2599 (NEW),13143 (NEW),2020,ECONOMICS,B,BUSINESS STUDIES,B,ACCOUNTING,C,056,A,new,28,August,2001,female
189565,ARTS,.3139,2188 (NEW),41149 (NEW),2020,GEOGRAPHY,C,DANCING(INDIGENOUS),C,SINHALA,B,036,F,new,4,January,2001,female
335768,-,-,-,-,2020,PHYSICS,F,COMBINED MATHEMATICS,F,CIVIL TECHNOLOGY,B,068,C,old,11,November,1996,female
133768,ARTS,1.2515,747 (NEW),10265 (NEW),2020,POLITICAL SCIENCE,A,HISTORY OF SRI LANKA & INDIA,A,SINHALA,B,040,F,new,3,December,2001,male
33464,-,-,-,-,2020,ECONOMICS,F,GEOGRAPHY,F,HISTORY OF SRI LANKA & INDIA,F,030,F,new,17,July,2001,male
317791,ENGINEERING TECHNOLOGY,-.1729,19 (OLD),454 (OLD),2020,AGRICULTURAL SCIENCE,S,ENGINEERING TECHNOLOGY,S,SCIENCE FOR TECHNOLOGY,S,038,C,old,4,March,1997,female
271109,-,-,-,-,2020,AGRICULTURAL SCIENCE,F,INFORMATION & COMMUNICATION TECHNOLOGY,F,POLITICAL SCIENCE,F,036,F,new,17,August,2001,male
229547,ARTS,.6839,1713 (NEW),27417 (NEW),2020,GEOGRAPHY,B,ART,C,SINHALA,C,052,F,new,20,November,2001,male
15190,-,-,-,-,2020,GEOGRAPHY,S,LOGIC & SCIENTIFIC METHOD,F,COMMUNICATION & MEDIA STUDIES,F,032,S,new,8,August,2001,male
68005,-,-,-,-,2020,AGRICULTURAL SCIENCE,F,BIO SYSTEMS TECHNOLOGY,F,SCIENCE FOR TECHNOLOGY,F,038,F,new,21,April,2001,female
290872,-,-,-,-,2020,ECONOMICS,S,BUSINESS STUDIES,F,ACCOUNTING,F,046,F,new,25,September,2001,male
79462,PHYSICAL SCIENCE,-.2596,1565 (NEW),19445 (NEW),2020,PHYSICS,S,CHEMISTRY,S,COMBINED MATHEMATICS,S,068,A,new,5,May,2001,male
151411,ARTS,1.8379,120 (NEW),1355 (NEW),2020,GEOGRAPHY,A,LOGIC & SCIENTIFIC METHOD,A,HISTORY OF SRI LANKA & INDIA,A,052,B,new,21,October,2000,female
316914,-,-,-,-,2020,HISTORY OF INDIA,Absent,BUDDHIST CIVILIZATION,Absent,SINHALA,Absent,Absent,Absent,old,7,December,2000,male
43964,PHYSICAL SCIENCE,.1965,1403 (NEW),14276 (NEW),2020,PHYSICS,C,CHEMISTRY,S,COMBINED MATHEMATICS,S,064,S,new,11,October,2001,male
97625,BIOSYSTEMS TECHNOLOGY,-.1256,279 (NEW),6151 (NEW),2020,INFORMATION & COMMUNICATION TECHNOLOGY,S,BIO SYSTEMS TECHNOLOGY,S,SCIENCE FOR TECHNOLOGY,S,052,F,new,13,February,2001,female
302640,-,-.5273,-,-,2020,PHYSICS,F,CHEMISTRY,S,COMBINED MATHEMATICS,S,048,F,new,8,June,2000,male
35669,-,-,-,-,2020,COMMUNICATION & MEDIA STUDIES,F,BUDDHIST CIVILIZATION,F,SINHALA,F,050,F,new,14,August,1987,male
210081,COMMERCE,1.4246,77 (NEW),4594 (NEW),2020,ECONOMICS,A,BUSINESS STUDIES,A,ACCOUNTING,A,066,S,new,19,February,2000,male
333921,-,-,-,-,2020,CHEMISTRY,Absent,AGRICULTURAL SCIENCE,Absent,COMBINED MATHEMATICS,Absent,Absent,Absent,old,2,September,1999,female
197580,PHYSICAL SCIENCE,.4444,92 (NEW),11491 (NEW),2020,PHYSICS,C,CHEMISTRY,S,COMBINED MATHEMATICS,C,042,S,new,20,July,2001,male
40362,-,-,-,-,2020,POLITICAL SCIENCE,Absent,HISTORY OF SRI LANKA & INDIA,Absent,SINHALA,Absent,Absent,Absent,new,9,February,2000,male
262457,ARTS,1.2419,391 (NEW),10488 (NEW),2020,GEOGRAPHY,A,DANCING(INDIGENOUS),B,SINHALA,A,026,F,new,8,September,2001,female
130926,ARTS,.6009,1956 (NEW),30323 (NEW),2020,POLITICAL SCIENCE,C,LOGIC & SCIENTIFIC METHOD,S,SINHALA,A,044,F,new,20,December,2001,female
335695,-,-,-,-,2020,CHEMISTRY,F,BIOLOGY,F,INFORMATION & COMMUNICATION TECHNOLOGY,S,048,S,old,16,June,1994,male
248021,COMMERCE,1.1020,296 (NEW),8862 (NEW),2020,ECONOMICS,A,BUSINESS STUDIES,B,ACCOUNTING,B,054,S,new,27,February,2001,female
144195,-,-.4108,-,-,2020,COMMUNICATION & MEDIA STUDIES,S,DANCING(INDIGENOUS),C,JAPANESE,F,050,F,new,9,March,2001,female
103321,ARTS,.5044,1661 (NEW),33935 (NEW),2020,GEOGRAPHY,C,HISTORY OF SRI LANKA & INDIA,C,SINHALA,B,022,F,new,22,July,2000,female
97390,-,-,-,-,2020,ECONOMICS,Absent,BUSINESS STUDIES,Absent,ACCOUNTING,Absent,Absent,Absent,new,20,August,2000,female
251795,BIOSYSTEMS TECHNOLOGY,-.2547,387 (NEW),6639 (NEW),2020,AGRICULTURAL SCIENCE,S,BIO SYSTEMS TECHNOLOGY,S,SCIENCE FOR TECHNOLOGY,S,046,F,new,17,February,2001,male
30706,ENGINEERING TECHNOLOGY,1.9500,76 (NEW),435 (NEW),2020,INFORMATION & COMMUNICATION TECHNOLOGY,C,ENGINEERING TECHNOLOGY,B,SCIENCE FOR TECHNOLOGY,A,052,C,new,14,March,2001,male
331380,-,.0566,-,-,2020,PHYSICS,F,CHEMISTRY,C,BIOLOGY,B,Absent,S,old,13,October,1999,male
257335,-,-,-,-,2020,HISTORY OF SRI LANKA & INDIA,Absent,COMMUNICATION & MEDIA STUDIES,Absent,SINHALA,Absent,Absent,Absent,new,7,March,2000,female
81957,COMMERCE,1.4222,359 (NEW),4631 (NEW),2020,ECONOMICS,A,BUSINESS STUDIES,A,ACCOUNTING,B,058,S,new,22,April,2001,female
182937,-,-,-,-,2020,PHYSICS,F,CHEMISTRY,S,BIOLOGY,F,046,S,new,22,October,2001,female
179901,COMMERCE,1.6659,73 (NEW),2265 (NEW),2020,ECONOMICS,A,BUSINESS STUDIES,A,ACCOUNTING,A,058,C,new,13,January,2002,male
139350,BIOSYSTEMS TECHNOLOGY,1.2873,67 (NEW),1010 (NEW),2020,INFORMATION & COMMUNICATION TECHNOLOGY,C,BIO SYSTEMS TECHNOLOGY,C,SCIENCE FOR TECHNOLOGY,B,040,C,new,21,March,2001,female
183304,ARTS,1.0012,917 (NEW),17057 (NEW),2020,LOGIC & SCIENTIFIC METHOD,C,COMMUNICATION & MEDIA STUDIES,B,SINHALA,A,046,C,new,13,May,2001,female
172919,ARTS,.1987,4931 (NEW),45614 (NEW),2020,GEOGRAPHY,S,HOME ECONOMICS,C,SINHALA,C,042,F,new,10,May,2001,female
173415,ARTS,-.2757,6605 (NEW),62659 (NEW),2020,AGRICULTURAL SCIENCE,S,ISLAMIC CIVILIZATION,S,ART,C,024,F,new,17,June,2001,female
93376,-,-,-,-,2020,GEOGRAPHY,Absent,DANCING(INDIGENOUS),Absent,SINHALA,Absent,Absent,Absent,new,3,April,2000,female
97962,PHYSICAL SCIENCE,.2501,846 (NEW),13660 (NEW),2020,PHYSICS,C,CHEMISTRY,S,COMBINED MATHEMATICS,C,082,S,new,21,February,2000,male
154686,ARTS,.5814,3415 (NEW),31085 (NEW),2020,INFORMATION & COMMUNICATION TECHNOLOGY,S,ENGLISH,S,JAPANESE,B,044,A,new,20,August,2001,female
259593,-,-,-,-,2020,AGRICULTURAL SCIENCE,F,POLITICAL SCIENCE,F,TAMIL,S,020,F,new,9,October,2001,female
138965,-,-.7687,-,-,2020,PHYSICS,S,CHEMISTRY,F,BIOLOGY,S,048,C,new,28,August,2000,female
33035,-,-.2009,-,-,2020,POLITICAL SCIENCE,S,COMMUNICATION & MEDIA STUDIES,F,SINHALA,C,038,F,new,5,October,2001,female
28925,ARTS,.6615,1916 (NEW),28172 (NEW),2020,ECONOMICS,C,LOGIC & SCIENTIFIC METHOD,C,SINHALA,B,036,S,new,16,July,2001,female
68357,-,-,-,-,2020,PHYSICS,F,CHEMISTRY,F,COMBINED MATHEMATICS,F,032,F,new,8,October,2001,male
61691,PHYSICAL SCIENCE,1.1881,280 (NEW),4950 (NEW),2020,PHYSICS,C,CHEMISTRY,B,COMBINED MATHEMATICS,A,Absent,Absent,new,13,September,2000,female
219959,-,-,-,-,2020,PHYSICS,F,COMBINED MATHEMATICS,F,INFORMATION & COMMUNICATION TECHNOLOGY,S,046,S,new,30,April,2001,male
231686,-,-.4214,-,-,2020,GEOGRAPHY,F,DRAMA AND THEATRE (TAMIL),C,TAMIL,C,034,F,new,11,August,2001,female
336032,-,-,-,-,2020,PHYSICS,Absent,CHEMISTRY,Absent,BIOLOGY,Absent,Absent,Absent,old,3,August,1999,female
258585,ARTS,.2605,1364 (NEW),43217 (NEW),2020,ECONOMICS,S,DANCING(INDIGENOUS),B,SINHALA,C,058,F,new,30,November,2001,female
149768,ENGINEERING TECHNOLOGY,1.0241,213 (NEW),2572 (NEW),2020,INFORMATION & COMMUNICATION TECHNOLOGY,C,ENGINEERING TECHNOLOGY,C,SCIENCE FOR TECHNOLOGY,B,Absent,S,new,6,August,2000,male
44163,ARTS,.9736,1393 (NEW),17875 (NEW),2020,GEOGRAPHY,C,LOGIC & SCIENTIFIC METHOD,B,SINHALA,B,046,S,new,25,January,2002,female
139033,-,-.1894,-,-,2020,CHEMISTRY,F,AGRICULTURAL SCIENCE,C,BIOLOGY,S,054,C,new,3,August,2000,female
127682,-,-,-,-,2020,INFORMATION & COMMUNICATION TECHNOLOGY,Absent,HISTORY OF SRI LANKA & INDIA,Absent,COMMUNICATION & MEDIA STUDIES,S,048,F,new,22,January,2001,male
165862,-,-,-,-,2020,PHYSICS,S,CHEMISTRY,F,BIOLOGY,F,032,A,new,4,December,2000,female
242774,ARTS,.6895,664 (NEW),27231 (NEW),2020,GEOGRAPHY,S,POLITICAL SCIENCE,A,SINHALA,B,040,F,new,29,January,2002,female
137577,ARTS,.7186,1046 (NEW),26185 (NEW),2020,COMMUNICATION & MEDIA STUDIES,C,DANCING(INDIGENOUS),B,SINHALA,B,040,F,new,8,September,2001,female
77896,ENGINEERING TECHNOLOGY,.3753,371 (NEW),6002 (NEW),2020,INFORMATION & COMMUNICATION TECHNOLOGY,C,ENGINEERING TECHNOLOGY,S,SCIENCE FOR TECHNOLOGY,C,046,F,new,16,September,2001,male
187799,-,-,-,-,2020,ECONOMICS,S,BUSINESS STUDIES,F,ACCOUNTING,F,034,F,new,20,March,2001,male
39503,BIOLOGICAL SCIENCE,.2925,1167 (NEW),13352 (NEW),2020,CHEMISTRY,S,AGRICULTURAL SCIENCE,C,BIOLOGY,S,058,S,new,9,May,2001,female
194056,ARTS,-.2241,3189 (NEW),61039 (NEW),2020,ECONOMICS,S,COMMUNICATION & MEDIA STUDIES,S,SINHALA,C,036,F,new,2,November,2001,male
238447,-,-,-,-,2020,AGRO TECHNOLOGY,Absent,POLITICAL SCIENCE,Absent,COMMUNICATION & MEDIA STUDIES,Absent,Absent,Absent,new,6,November,2002,female
296657,-,-,-,-,2020,AGRICULTURAL SCIENCE,Absent,GEOGRAPHY,Absent,HISTORY OF SRI LANKA & EUROPE,Absent,Absent,Absent,new,1,January,2001,female
67584,BIOLOGICAL SCIENCE,1.2332,267 (NEW),4494 (NEW),2020,PHYSICS,C,CHEMISTRY,C,BIOLOGY,A,Absent,Absent,new,15,August,2000,female
115073,-,-,-,-,2020,ECONOMICS,F,BUSINESS STUDIES,F,ACCOUNTING,F,038,F,new,16,February,2001,male
306780,-,-,-,-,2020,PHYSICS,Absent,COMBINED MATHEMATICS,Absent,INFORMATION & COMMUNICATION TECHNOLOGY,Absent,Absent,Absent,old,29,September,1985,male
160718,ARTS,1.8271,133 (NEW),1433 (NEW),2020,GEOGRAPHY,A,COMMUNICATION & MEDIA STUDIES,A,SINHALA,A,054,S,new,22,August,2001,male
108599,-,-,-,-,2020,INFORMATION & COMMUNICATION TECHNOLOGY,F,ENGINEERING TECHNOLOGY,S,SCIENCE FOR TECHNOLOGY,F,040,F,new,17,April,2001,male
186013,ARTS,.4015,1999 (NEW),37828 (NEW),2020,POLITICAL SCIENCE,C,DRAMA AND THEATRE (SINHALA),C,SINHALA,B,048,F,new,30,July,2000,female
190879,ARTS,-.5011,3575 (NEW),68416 (NEW),2020,COMMUNICATION & MEDIA STUDIES,S,ART,C,SINHALA,S,040,F,new,12,March,2001,male
67149,PHYSICAL SCIENCE,.2512,854 (NEW),13647 (NEW),2020,PHYSICS,S,CHEMISTRY,C,COMBINED MATHEMATICS,C,056,C,new,19,April,2001,female
236405,-,-,-,-,2020,ECONOMICS,F,BUSINESS STUDIES,S,ACCOUNTING,F,042,S,new,21,January,2002,male
121380,BIOSYSTEMS TECHNOLOGY,.6344,209 (NEW),2904 (NEW),2020,AGRICULTURAL SCIENCE,C,BIO SYSTEMS TECHNOLOGY,C,SCIENCE FOR TECHNOLOGY,S,046,F,new,12,June,2000,female
39889,BIOLOGICAL SCIENCE,1.0072,557 (NEW),6136 (NEW),2020,PHYSICS,C,CHEMISTRY,C,BIOLOGY,C,Absent,B,new,19,February,2000,female
67003,PHYSICAL SCIENCE,.7544,517 (NEW),8486 (NEW),2020,PHYSICS,C,CHEMISTRY,C,COMBINED MATHEMATICS,B,056,S,new,8,November,2001,female
108865,ENGINEERING TECHNOLOGY,.5910,173 (NEW),4660 (NEW),2020,INFORMATION & COMMUNICATION TECHNOLOGY,S,ENGINEERING TECHNOLOGY,C,SCIENCE FOR TECHNOLOGY,C,042,C,new,12,July,2000,male
267604,ARTS,1.5270,116 (NEW),4672 (NEW),2020,GEOGRAPHY,A,HOME ECONOMICS,B,SINHALA,A,052,F,new,25,September,2000,female
215079,-,-.7697,-,-,2020,GEOGRAPHY,S,POLITICAL SCIENCE,S,TAMIL,F,036,B,new,13,October,2001,female
33247,PHYSICAL SCIENCE,-.2401,3272 (NEW),19241 (NEW),2020,PHYSICS,S,CHEMISTRY,S,COMBINED MATHEMATICS,S,072,B,new,24,December,2001,male
100988,PHYSICAL SCIENCE,1.8177,126 (NEW),1588 (NEW),2020,PHYSICS,B,CHEMISTRY,A,COMBINED MATHEMATICS,A,Absent,Absent,new,29,April,2000,female
60129,ARTS,.7642,1905 (NEW),24630 (NEW),2020,GEOGRAPHY,C,HISTORY OF SRI LANKA & INDIA,B,SINHALA,B,022,F,new,8,March,2001,female
174611,COMMERCE,1.0205,314 (NEW),10080 (NEW),2020,ECONOMICS,C,BUSINESS STUDIES,B,ACCOUNTING,B,064,S,new,20,June,2001,female
147147,BIOSYSTEMS TECHNOLOGY,1.0880,106 (NEW),1469 (NEW),2020,AGRICULTURAL SCIENCE,C,BIO SYSTEMS TECHNOLOGY,B,SCIENCE FOR TECHNOLOGY,C,046,F,new,18,November,2001,female
50447,-,-,-,-,2020,INFORMATION & COMMUNICATION TECHNOLOGY,F,BUSINESS STUDIES,F,ACCOUNTING,F,036,F,new,13,April,2001,male
324885,ARTS,-.2690,200 (OLD),5000 (OLD),2020,COMMUNICATION & MEDIA STUDIES,C,CHRISTIANITY,C,SINHALA,C,Absent,S,old,15,February,1999,female
293535,-,-,-,-,2020,HISTORY OF SRI LANKA & EUROPE,F,CARNATIC MUSIC,S,TAMIL,F,030,F,new,10,October,2001,female
182525,PHYSICAL SCIENCE,1.1665,132 (NEW),5107 (NEW),2020,PHYSICS,C,CHEMISTRY,B,COMBINED MATHEMATICS,C,070,C,new,10,April,2001,male
4314,PHYSICAL SCIENCE,.5154,2052 (NEW),10721 (NEW),2020,PHYSICS,C,CHEMISTRY,S,COMBINED MATHEMATICS,B,078,A,new,9,October,2001,male
336329,-,-,-,-,2020,GEOGRAPHY,Absent,HINDU CIVILIZATION,Absent,TAMIL,Absent,Absent,Absent,old,17,June,1999,female
187322,ARTS,.4445,1911 (NEW),36176 (NEW),2020,POLITICAL SCIENCE,C,BUDDHIST CIVILIZATION,B,SINHALA,C,050,S,new,2,August,2001,female
161035,-,-.5253,-,-,2020,AGRICULTURAL SCIENCE,F,GEOGRAPHY,S,DRAMA AND THEATRE (SINHALA),S,028,F,new,10,June,2001,male
28352,COMMERCE,-.1646,5922 (NEW),31769 (NEW),2020,ECONOMICS,C,BUSINESS STUDIES,S,ACCOUNTING,S,038,S,new,19,June,2001,male
236612,BIOSYSTEMS TECHNOLOGY,.0184,178 (NEW),5505 (NEW),2020,AGRICULTURAL SCIENCE,S,BIO SYSTEMS TECHNOLOGY,S,SCIENCE FOR TECHNOLOGY,C,040,F,new,23,January,2002,male
28049,ARTS,-.4065,4436 (NEW),66301 (NEW),2020,LOGIC & SCIENTIFIC METHOD,S,HISTORY OF SRI LANKA & INDIA,S,COMMUNICATION & MEDIA STUDIES,S,026,B,new,19,May,2000,female
18256,ARTS,1.3636,667 (NEW),7687 (NEW),2020,POLITICAL SCIENCE,B,BUDDHIST CIVILIZATION,A,SINHALA,B,040,S,new,11,August,2001,female
18118,COMMERCE,.5796,3343 (NEW),17379 (NEW),2020,ECONOMICS,C,BUSINESS STUDIES,C,ACCOUNTING,B,054,F,new,4,February,2001,male
133335,-,-,-,-,2020,AGRICULTURAL SCIENCE,F,BIO SYSTEMS TECHNOLOGY,F,SCIENCE FOR TECHNOLOGY,F,030,F,new,17,July,2000,female
128318,COMMERCE,.6136,890 (NEW),16815 (NEW),2020,INFORMATION & COMMUNICATION TECHNOLOGY,C,ECONOMICS,C,ACCOUNTING,B,058,S,new,26,January,2002,male
326862,BIOLOGICAL SCIENCE,.8521,118 (OLD),1944 (OLD),2020,PHYSICS,C,CHEMISTRY,C,BIOLOGY,B,050,B,old,5,July,1999,female
83497,BIOLOGICAL SCIENCE,-.4220,1472 (NEW),21079 (NEW),2020,PHYSICS,S,CHEMISTRY,S,BIOLOGY,S,044,S,new,9,March,2001,male
280915,ENGINEERING TECHNOLOGY,-.3584,218 (NEW),11387 (NEW),2020,ART,S,ENGINEERING TECHNOLOGY,S,SCIENCE FOR TECHNOLOGY,S,040,S,new,16,December,1997,female
289887,-,-,-,-,2020,PHYSICS,F,CHEMISTRY,F,BIOLOGY,S,050,B,new,27,December,2001,female
50001,COMMERCE,-.5545,4593 (NEW),38294 (NEW),2020,ECONOMICS,S,BUSINESS STUDIES,S,ACCOUNTING,S,Absent,S,new,30,October,2000,female
223678,-,-,-,-,2020,GEOGRAPHY,Absent,POLITICAL SCIENCE,Absent,SINHALA,Absent,Absent,Absent,new,13,September,2000,female
178968,-,-,-,-,2020,PHYSICS,Absent,CHEMISTRY,Absent,BIOLOGY,Absent,Absent,Absent,new,1,December,2000,female
90510,ARTS,1.2215,756 (NEW),10981 (NEW),2020,POLITICAL SCIENCE,B,HISTORY OF SRI LANKA & INDIA,A,BUDDHIST CIVILIZATION,B,Absent,Absent,new,31,January,2001,female
235220,ARTS,-.6294,2379 (NEW),70586 (NEW),2020,GEOGRAPHY,S,POLITICAL SCIENCE,S,TAMIL,S,026,F,new,27,June,2001,female
285074,COMMERCE,.1159,298 (NEW),26084 (NEW),2020,ECONOMICS,C,BUSINESS STUDIES,C,ACCOUNTING,C,048,F,new,14,March,2000,male
116871,ARTS,.9659,646 (NEW),18130 (NEW),2020,GEOGRAPHY,C,BUDDHIST CIVILIZATION,A,SINHALA,B,048,F,new,20,February,2000,female
176902,COMMERCE,.3924,656 (NEW),20764 (NEW),2020,INFORMATION & COMMUNICATION TECHNOLOGY,S,ECONOMICS,B,ACCOUNTING,C,056,F,new,25,November,2001,female
169092,BIOSYSTEMS TECHNOLOGY,.2274,450 (NEW),4571 (NEW),2020,AGRICULTURAL SCIENCE,C,BIO SYSTEMS TECHNOLOGY,S,SCIENCE FOR TECHNOLOGY,S,036,S,new,14,July,2001,female
320282,ARTS,.5477,153 (OLD),2575 (OLD),2020,COMMUNICATION & MEDIA STUDIES,C,BUDDHIST CIVILIZATION,C,SINHALA,B,035,F,old,24,October,1998,female
182134,COMMERCE,-.0160,862 (NEW),28686 (NEW),2020,ECONOMICS,C,BUSINESS STUDIES,C,ACCOUNTING,S,054,B,new,22,April,2001,female
263718,-,-,-,-,2020,PHYSICS,F,CHEMISTRY,F,BIOLOGY,S,050,F,new,30,June,2001,male
194167,-,-,-,-,2020,GEOGRAPHY,Absent,POLITICAL SCIENCE,Absent,ISLAMIC CIVILIZATION,Absent,Absent,Absent,new,29,November,2000,male
130290,-,-,-,-,2020,GEOGRAPHY,F,POLITICAL SCIENCE,F,TAMIL,F,030,F,new,5,January,2001,female
212057,-,-,-,-,2020,ECONOMICS,Absent,BUSINESS STUDIES,Absent,ACCOUNTING,Absent,Absent,Absent,new,10,July,2001,male
152674,PHYSICAL SCIENCE,.5044,854 (NEW),10839 (NEW),2020,PHYSICS,S,CHEMISTRY,C,COMBINED MATHEMATICS,C,062,S,new,4,October,2001,male
328872,ARTS,.9261,142 (OLD),1484 (OLD),2020,COMMUNICATION & MEDIA STUDIES,B,BUDDHIST CIVILIZATION,B,SINHALA,B,037,C,old,12,May,1999,male
71583,BIOLOGICAL SCIENCE,.6366,557 (NEW),9516 (NEW),2020,PHYSICS,S,CHEMISTRY,C,BIOLOGY,C,064,B,new,29,June,2001,male
253278,-,-,-,-,2020,PHYSICS,Absent,CHEMISTRY,Absent,COMBINED MATHEMATICS,Absent,Absent,Absent,new,25,June,2000,male
140566,-,-,-,-,2020,ECONOMICS,Absent,BUSINESS STUDIES,Absent,ACCOUNTING,Absent,Absent,Absent,new,3,February,1999,male
155034,ARTS,1.1274,1450 (NEW),13445 (NEW),2020,GEOGRAPHY,B,POLITICAL SCIENCE,C,LOGIC & SCIENTIFIC METHOD,B,038,C,new,7,July,2000,female
290790,-,-.8339,-,-,2020,ECONOMICS,S,BUSINESS STUDIES,S,ACCOUNTING,F,046,F,new,26,August,2000,male
42758,-,.2539,-,-,2020,GEOGRAPHY,C,LOGIC & SCIENTIFIC METHOD,F,SINHALA,A,052,S,new,17,July,2001,female
80064,-,-.3509,-,-,2020,ECONOMICS,C,BUSINESS STUDIES,S,ACCOUNTING,F,038,S,new,24,April,2001,female
274331,-,-,-,-,2020,AGRO TECHNOLOGY,Absent,COMMUNICATION & MEDIA STUDIES,Absent,ISLAM,F,Absent,Absent,new,8,November,1999,male
143203,COMMERCE,1.9731,15 (NEW),552 (NEW),2020,ECONOMICS,A,BUSINESS STUDIES,A,ACCOUNTING,A,052,S,new,10,November,2001,male
229428,ARTS,-.1970,4175 (NEW),60148 (NEW),2020,HISTORY OF SRI LANKA & INDIA,C,COMMUNICATION & MEDIA STUDIES,S,SINHALA,C,038,F,new,19,May,2001,female
185815,ARTS,.4181,1966 (NEW),37190 (NEW),2020,INFORMATION & COMMUNICATION TECHNOLOGY,C,ECONOMICS,C,SINHALA,C,054,F,new,15,July,2001,female
207030,-,-.5695,-,-,2020,PHYSICS,S,CHEMISTRY,F,BIOLOGY,S,056,B,new,29,June,2001,female
313335,PHYSICAL SCIENCE,.8940,12 (OLD),464 (OLD),2020,PHYSICS,C,CHEMISTRY,B,COMBINED MATHEMATICS,C,Absent,Absent,old,17,November,1999,male
33768,PHYSICAL SCIENCE,1.1126,504 (NEW),5503 (NEW),2020,PHYSICS,B,CHEMISTRY,C,COMBINED MATHEMATICS,C,074,B,new,31,March,2001,male
211112,COMMERCE,1.5444,189 (NEW),3301 (NEW),2020,INFORMATION & COMMUNICATION TECHNOLOGY,A,BUSINESS STUDIES,B,ACCOUNTING,A,056,A,new,26,July,2001,female
226204,COMMERCE,1.1834,466 (NEW),7697 (NEW),2020,ECONOMICS,B,BUSINESS STUDIES,B,ACCOUNTING,A,056,S,new,5,December,2001,female
331318,-,-.8657,-,-,2020,PHYSICS,F,CHEMISTRY,S,BIOLOGY,S,053,Absent,old,31,May,1999,female
118260,ARTS,.1304,1691 (NEW),48205 (NEW),2020,GEOGRAPHY,S,POLITICAL SCIENCE,S,SINHALA,C,Absent,S,new,27,September,2000,female
330150,-,-,-,-,2020,GEOGRAPHY,Absent,BUDDHIST CIVILIZATION,Absent,SINHALA,Absent,Absent,Absent,old,18,September,1999,female
137457,COMMERCE,1.8356,34 (NEW),1137 (NEW),2020,ECONOMICS,A,BUSINESS STUDIES,A,ACCOUNTING,A,042,S,new,27,August,2001,male
330101,ARTS,1.4163,25 (OLD),334 (OLD),2020,GEOGRAPHY,A,BUDDHIST CIVILIZATION,A,SINHALA,A,Absent,Absent,old,2,March,1999,female
157094,-,-.8714,-,-,2020,INFORMATION & COMMUNICATION TECHNOLOGY,F,ENGINEERING TECHNOLOGY,S,SCIENCE FOR TECHNOLOGY,S,040,F,new,17,January,2002,male
23856,-,-.3560,-,-,2020,PHYSICS,F,COMBINED MATHEMATICS,S,INFORMATION & COMMUNICATION TECHNOLOGY,C,058,B,new,14,June,2001,male
215486,ARTS,.5729,1978 (NEW),31372 (NEW),2020,ECONOMICS,C,HISTORY OF SRI LANKA & EUROPE,B,SINHALA,B,Absent,C,new,6,March,2000,female
229094,COMMERCE,.6984,974 (NEW),15348 (NEW),2020,ECONOMICS,C,BUSINESS STUDIES,C,ACCOUNTING,A,066,S,new,14,October,1998,female
221192,BIOLOGICAL SCIENCE,1.4448,231 (NEW),3268 (NEW),2020,PHYSICS,C,CHEMISTRY,B,BIOLOGY,B,064,A,new,24,September,2001,male
10256,PHYSICAL SCIENCE,1.3669,823 (NEW),3797 (NEW),2020,PHYSICS,C,CHEMISTRY,A,COMBINED MATHEMATICS,C,078,B,new,20,February,2001,male
309168,-,-,-,-,2020,POLITICAL SCIENCE,Absent,HINDU CIVILIZATION,Absent,TAMIL,Absent,Absent,Absent,old,10,June,1995,female
34164,COMMERCE,.4565,2283 (NEW),19549 (NEW),2020,ECONOMICS,C,BUSINESS STUDIES,C,ACCOUNTING,B,056,C,new,18,October,2001,male
255775,COMMERCE,1.0424,326 (NEW),9769 (NEW),2020,ECONOMICS,C,BUSINESS STUDIES,B,ACCOUNTING,A,050,F,new,28,April,2000,male
6085,-,-,-,-,2020,PHYSICS,F,CHEMISTRY,F,BIOLOGY,F,050,A,new,7,June,2001,female
290685,BIOLOGICAL SCIENCE,-.3473,158 (NEW),20621 (NEW),2020,PHYSICS,S,CHEMISTRY,S,BIOLOGY,S,042,S,new,3,February,2000,male
7145,COMMERCE,-.2906,6393 (NEW),34201 (NEW),2020,INFORMATION & COMMUNICATION TECHNOLOGY,S,BUSINESS STUDIES,C,ACCOUNTING,S,052,C,new,5,August,2001,male
304162,ARTS,1.6474,72 (NEW),3080 (NEW),2020,GEOGRAPHY,B,DANCING(BHARATHA),A,TAMIL,A,038,F,new,16,February,2000,female
36876,ARTS,1.3857,579 (NEW),7203 (NEW),2020,GEOGRAPHY,A,DANCING(INDIGENOUS),A,DRAMA AND THEATRE (SINHALA),B,056,S,new,1,July,2001,female
226892,ARTS,.6913,1691 (NEW),27163 (NEW),2020,ECONOMICS,C,GEOGRAPHY,B,LOGIC & SCIENTIFIC METHOD,C,032,B,new,6,August,2001,female
119662,COMMERCE,.1624,1319 (NEW),25171 (NEW),2020,ECONOMICS,C,BUSINESS STUDIES,C,ACCOUNTING,C,040,F,new,25,October,2001,female
281364,ARTS,1.1346,288 (NEW),13253 (NEW),2020,HISTORY OF SRI LANKA & EUROPE,B,HINDU CIVILIZATION,A,DRAMA AND THEATRE (TAMIL),B,030,F,new,27,April,2001,male
278394,PHYSICAL SCIENCE,1.8753,28 (NEW),1388 (NEW),2020,PHYSICS,B,CHEMISTRY,A,COMBINED MATHEMATICS,A,056,B,new,10,April,2000,male
285456,BIOLOGICAL SCIENCE,.6939,122 (NEW),8920 (NEW),2020,PHYSICS,C,CHEMISTRY,B,BIOLOGY,S,056,S,new,19,July,2000,male
131679,-,-,-,-,2020,AGRICULTURAL SCIENCE,F,BIO SYSTEMS TECHNOLOGY,Absent,SCIENCE FOR TECHNOLOGY,S,Absent,Absent,new,4,September,2000,female
325683,ARTS,1.1948,45 (OLD),754 (OLD),2020,GEOGRAPHY,A,LOGIC & SCIENTIFIC METHOD,B,SINHALA,B,Absent,S,old,2,January,2000,male
2146,BIOLOGICAL SCIENCE,-.1800,2783 (NEW),19050 (NEW),2020,PHYSICS,S,CHEMISTRY,C,BIOLOGY,S,056,C,new,22,April,2001,female
33339,-,-1.2521,-,-,2020,BUDDHISM,F,SINHALA,S,PALI,S,026,F,new,20,March,1997,male
85635,-,-.0942,-,-,2020,INFORMATION & COMMUNICATION TECHNOLOGY,S,ENGLISH,F,FRENCH,S,040,B,new,15,April,2001,female
252087,ARTS,.4587,1711 (NEW),35673 (NEW),2020,GEOGRAPHY,C,HISTORY OF SRI LANKA & INDIA,B,SINHALA,C,030,F,new,26,July,2001,female
181463,-,-,-,-,2020,PHYSICS,F,CHEMISTRY,F,BIOLOGY,F,038,C,new,21,March,2001,female
155240,-,-.5429,-,-,2020,PHYSICS,S,CHEMISTRY,S,BIOLOGY,F,054,C,new,1,August,2000,female
8546,-,-,-,-,2020,PHYSICS,F,CHEMISTRY,F,COMBINED MATHEMATICS,F,068,B,new,16,November,2001,male
250913,COMMERCE,1.5481,88 (NEW),3277 (NEW),2020,ECONOMICS,A,BUSINESS STUDIES,A,ACCOUNTING,A,040,S,new,8,September,2001,female
96451,-,-.5363,-,-,2020,INFORMATION & COMMUNICATION TECHNOLOGY,F,ENGINEERING TECHNOLOGY,S,SCIENCE FOR TECHNOLOGY,S,032,F,new,17,September,2001,male
19066,-,-.5175,-,-,2020,ECONOMICS,S,BUSINESS STUDIES,C,ACCOUNTING,F,032,F,new,14,May,2001,female
86883,-,-,-,-,2020,GEOGRAPHY,Absent,HOME ECONOMICS,Absent,SINHALA,Absent,Absent,Absent,new,22,April,2000,female
170057,ARTS,-.6957,7420 (NEW),71400 (NEW),2020,AGRICULTURAL SCIENCE,S,HISTORY OF SRI LANKA & INDIA,S,ART,S,036,F,new,6,June,2000,male
89676,-,-,-,-,2020,PHYSICS,Absent,CHEMISTRY,Absent,COMBINED MATHEMATICS,Absent,Absent,Absent,new,29,June,2000,male
25028,PHYSICAL SCIENCE,.1850,2583 (NEW),14409 (NEW),2020,PHYSICS,S,CHEMISTRY,S,COMBINED MATHEMATICS,C,052,B,new,9,November,2001,male
86512,-,-,-,-,2020,AGRICULTURAL SCIENCE,F,BIO SYSTEMS TECHNOLOGY,F,SCIENCE FOR TECHNOLOGY,S,048,F,new,25,February,2001,male
195035,-,-,-,-,2020,HOME ECONOMICS,Absent,ISLAM,C,ARABIC,S,036,S,new,22,February,1999,female
81295,-,-,-,-,2020,HISTORY OF SRI LANKA & EUROPE,Absent,COMMUNICATION & MEDIA STUDIES,Absent,SINHALA,Absent,Absent,Absent,new,29,July,2000,female
122599,ENGINEERING TECHNOLOGY,1.1898,155 (NEW),1974 (NEW),2020,INFORMATION & COMMUNICATION TECHNOLOGY,C,ENGINEERING TECHNOLOGY,C,SCIENCE FOR TECHNOLOGY,C,Absent,S,new,4,January,2001,male
108557,ENGINEERING TECHNOLOGY,.8751,115 (NEW),3187 (NEW),2020,INFORMATION & COMMUNICATION TECHNOLOGY,S,ENGINEERING TECHNOLOGY,C,SCIENCE FOR TECHNOLOGY,B,056,S,new,1,April,2001,male
246172,-,-,-,-,2020,PHYSICS,Absent,CHEMISTRY,Absent,BIOLOGY,Absent,Absent,Absent,new,17,April,2000,female
39153,-,-.2008,-,-,2020,POLITICAL SCIENCE,F,CHRISTIANITY,A,SINHALA,S,038,S,new,28,July,2000,male
296656,ARTS,.7267,183 (NEW),25905 (NEW),2020,GEOGRAPHY,B,HINDU CIVILIZATION,B,TAMIL,B,038,F,new,3,March,2000,female
75702,BIOSYSTEMS TECHNOLOGY,.0439,227 (NEW),5387 (NEW),2020,AGRICULTURAL SCIENCE,S,BIO SYSTEMS TECHNOLOGY,S,SCIENCE FOR TECHNOLOGY,S,020,F,new,10,October,2000,male
169531,ENGINEERING TECHNOLOGY,-.6275,1142 (NEW),12348 (NEW),2020,INFORMATION & COMMUNICATION TECHNOLOGY,S,ENGINEERING TECHNOLOGY,S,SCIENCE FOR TECHNOLOGY,S,058,S,new,20,April,2001,male
124327,COMMERCE,-.3191,1818 (NEW),34770 (NEW),2020,ECONOMICS,S,BUSINESS STUDIES,S,ACCOUNTING,S,042,S,new,7,September,2001,male
264655,-,-,-,-,2020,ECONOMICS,Absent,BUSINESS STUDIES,Absent,ACCOUNTING,Absent,Absent,Absent,new,1,January,1998,male
49093,PHYSICAL SCIENCE,.5379,1024 (NEW),10505 (NEW),2020,PHYSICS,S,CHEMISTRY,C,COMBINED MATHEMATICS,C,062,C,new,22,February,2001,male
271780,-,-,-,-,2020,AGRICULTURAL SCIENCE,Absent,BIO SYSTEMS TECHNOLOGY,Absent,SCIENCE FOR TECHNOLOGY,Absent,Absent,Absent,new,14,August,2000,male
232615,-,-,-,-,2020,ECONOMICS,Absent,BUSINESS STUDIES,Absent,ACCOUNTING,Absent,Absent,Absent,new,19,November,2000,male
323266,-,-,-,-,2020,PHYSICS,Absent,CHEMISTRY,Absent,BIOLOGY,Absent,Absent,Absent,old,24,March,1999,female
308549,-,-,-,-,2020,INFORMATION & COMMUNICATION TECHNOLOGY,Absent,GEOGRAPHY,Absent,ISLAM,Absent,Absent,Absent,old,6,January,1998,male
321920,BIOLOGICAL SCIENCE,1.2978,106 (OLD),1061 (OLD),2020,PHYSICS,B,CHEMISTRY,B,BIOLOGY,B,073,C,old,30,December,1999,male
57658,ARTS,.1867,3563 (NEW),46064 (NEW),2020,GEOGRAPHY,C,HOME ECONOMICS,C,SINHALA,B,032,F,new,21,December,2001,female
329093,BIOLOGICAL SCIENCE,.4135,168 (OLD),3089 (OLD),2020,PHYSICS,S,CHEMISTRY,C,BIOLOGY,C,057,C,old,17,September,1997,female
330903,PHYSICAL SCIENCE,1.9764,2 (OLD),28 (OLD),2020,PHYSICS,C,CHEMISTRY,A,COMBINED MATHEMATICS,A,Absent,Absent,old,18,May,1999,female
229121,-,-.3956,-,-,2020,CHEMISTRY,S,AGRICULTURAL SCIENCE,S,BIOLOGY,F,052,S,new,11,March,2000,female
201862,-,-,-,-,2020,PHYSICS,F,CHEMISTRY,F,BIOLOGY,F,052,F,new,23,September,2001,male
16624,-,-.4279,-,-,2020,ECONOMICS,C,BUSINESS STUDIES,S,ACCOUNTING,F,054,A,new,6,February,2001,male
218780,-,-,-,-,2020,GEOGRAPHY,S,ENGINEERING TECHNOLOGY,F,SCIENCE FOR TECHNOLOGY,F,022,F,new,11,May,2001,male
203148,ARTS,1.3472,168 (NEW),8065 (NEW),2020,ECONOMICS,B,POLITICAL SCIENCE,A,LOGIC & SCIENTIFIC METHOD,B,070,S,new,21,April,2001,male
206757,-,-,-,-,2020,PHYSICS,F,CHEMISTRY,F,BIOLOGY,F,054,S,new,18,February,2001,male
263973,-,-,-,-,2020,PHYSICS,F,CHEMISTRY,F,BIOLOGY,F,042,S,new,4,September,2001,female
232828,-,-,-,-,2020,AGRICULTURAL SCIENCE,S,BIO SYSTEMS TECHNOLOGY,F,SCIENCE FOR TECHNOLOGY,F,042,F,new,24,February,2001,female
101698,-,-,-,-,2020,ECONOMICS,F,BUSINESS STUDIES,F,ACCOUNTING,F,046,F,new,30,September,2001,male
82751,BIOLOGICAL SCIENCE,.1260,1102 (NEW),15376 (NEW),2020,PHYSICS,C,CHEMISTRY,S,BIOLOGY,S,056,A,new,26,September,2001,male
186012,-,-.5673,-,-,2020,PHYSICS,F,CHEMISTRY,S,BIOLOGY,S,044,S,new,6,October,2000,female
121596,ARTS,1.3518,594 (NEW),7949 (NEW),2020,POLITICAL SCIENCE,B,HISTORY OF SRI LANKA & INDIA,B,DRAMA AND THEATRE (SINHALA),A,036,Absent,new,14,February,2000,male
128475,ENGINEERING TECHNOLOGY,.1161,548 (NEW),7864 (NEW),2020,INFORMATION & COMMUNICATION TECHNOLOGY,S,ENGINEERING TECHNOLOGY,S,SCIENCE FOR TECHNOLOGY,C,044,F,new,28,October,2001,male
125860,ARTS,.0425,3068 (NEW),51490 (NEW),2020,HISTORY OF SRI LANKA & INDIA,C,COMMUNICATION & MEDIA STUDIES,S,SINHALA,C,036,F,new,3,September,2001,female
184264,COMMERCE,1.1455,275 (NEW),8251 (NEW),2020,ECONOMICS,B,BUSINESS STUDIES,A,ACCOUNTING,B,060,C,new,3,November,2001,female
252713,ENGINEERING TECHNOLOGY,.0565,358 (NEW),8359 (NEW),2020,AGRICULTURAL SCIENCE,S,ENGINEERING TECHNOLOGY,S,SCIENCE FOR TECHNOLOGY,C,Absent,S,new,3,May,1993,male
336687,-,-,-,-,2020,PHYSICS,Absent,CHEMISTRY,Absent,BIOLOGY,Absent,Absent,Absent,old,5,April,1998,female
204784,-,-.8139,-,-,2020,GEOGRAPHY,F,HINDUISM,C,TAMIL,S,032,F,new,13,May,2000,female
108221,ARTS,1.2054,386 (NEW),11346 (NEW),2020,GEOGRAPHY,A,LOGIC & SCIENTIFIC METHOD,C,BUDDHIST CIVILIZATION,A,052,F,new,24,July,2000,female
293954,-,-.5012,-,-,2020,GEOGRAPHY,F,COMMUNICATION & MEDIA STUDIES,C,TAMIL,S,012,F,new,10,January,2002,male
174827,-,-,-,-,2020,POLITICAL SCIENCE,Absent,BUDDHIST CIVILIZATION,Absent,SINHALA,Absent,Absent,Absent,new,28,November,2000,male
146011,-,-,-,-,2020,ECONOMICS,F,BUSINESS STUDIES,F,ACCOUNTING,F,042,F,new,3,September,2001,male
30606,-,-,-,-,2020,ECONOMICS,F,BUSINESS STUDIES,S,ACCOUNTING,F,040,S,new,10,May,2000,female
317606,ARTS,-.0478,250 (OLD),4415 (OLD),2020,HISTORY OF INDIA,C,BUDDHIST CIVILIZATION,C,SINHALA,C,035,F,old,20,November,1999,female
120995,-,-,-,-,2020,ECONOMICS,Absent,BUSINESS STUDIES,Absent,ACCOUNTING,Absent,Absent,Absent,new,16,August,2000,female
183286,ARTS,1.8245,76 (NEW),1454 (NEW),2020,GEOGRAPHY,A,COMMUNICATION & MEDIA STUDIES,B,SINHALA,A,044,F,new,8,March,2001,female
14070,-,-,-,-,2020,ECONOMICS,F,BUSINESS STUDIES,F,ACCOUNTING,F,036,A,new,3,February,2001,female
294126,ARTS,.1485,332 (NEW),47527 (NEW),2020,GEOGRAPHY,S,DRAMA AND THEATRE (TAMIL),C,TAMIL,B,038,S,new,10,December,2001,female
233638,ARTS,-.7765,5178 (NEW),72087 (NEW),2020,GEOGRAPHY,S,COMMUNICATION & MEDIA STUDIES,S,SINHALA,S,030,F,new,5,May,1997,female
294011,-,-,-,-,2020,AGRICULTURAL SCIENCE,F,ENGINEERING TECHNOLOGY,F,SCIENCE FOR TECHNOLOGY,F,034,F,new,29,July,2001,male
314407,-,-,-,-,2020,PHYSICS,Absent,CHEMISTRY,Absent,BIOLOGY,Absent,Absent,Absent,old,25,August,1999,female
325261,-,-,-,-,2020,PHYSICS,Absent,CHEMISTRY,Absent,BIOLOGY,Absent,Absent,Absent,old,15,January,2000,male
194696,-,-,-,-,2020,PHYSICS,F,CHEMISTRY,F,BIOLOGY,F,062,S,new,25,April,2001,female
220181,-,-,-,-,2020,PHYSICS,F,CHEMISTRY,S,BIOLOGY,F,050,F,new,23,September,2000,male
185476,ENGINEERING TECHNOLOGY,.1139,392 (NEW),7880 (NEW),2020,INFORMATION & COMMUNICATION TECHNOLOGY,S,ENGINEERING TECHNOLOGY,C,SCIENCE FOR TECHNOLOGY,S,Absent,Absent,new,11,May,2000,male
98687,-,.1185,-,-,2020,PHYSICS,F,CHEMISTRY,C,BIOLOGY,C,054,B,new,11,December,2001,female
155155,BIOLOGICAL SCIENCE,1.0645,412 (NEW),5714 (NEW),2020,CHEMISTRY,S,AGRICULTURAL SCIENCE,B,BIOLOGY,B,026,C,new,6,January,2001,female
113178,ARTS,1.0949,501 (NEW),14334 (NEW),2020,GEOGRAPHY,C,COMMUNICATION & MEDIA STUDIES,B,SINHALA,B,032,F,new,24,September,2001,female
330882,-,-,-,-,2020,PHYSICS,F,CHEMISTRY,F,COMBINED MATHEMATICS,F,050,S,old,6,December,1996,female
279801,-,-,-,-,2020,LOGIC & SCIENTIFIC METHOD,Absent,DRAMA AND THEATRE (TAMIL),Absent,TAMIL,Absent,Absent,Absent,new,23,May,2000,female
80975,-,-.3468,-,-,2020,POLITICAL SCIENCE,F,COMMUNICATION & MEDIA STUDIES,S,SINHALA,C,044,F,new,25,November,2001,female
18813,ARTS,.7003,1832 (NEW),26837 (NEW),2020,LOGIC & SCIENTIFIC METHOD,C,COMMUNICATION & MEDIA STUDIES,C,SINHALA,B,044,S,new,29,March,2001,female
288807,ENGINEERING TECHNOLOGY,-.1962,112 (NEW),10336 (NEW),2020,MATHEMATICS,S,ENGINEERING TECHNOLOGY,S,SCIENCE FOR TECHNOLOGY,S,044,F,new,27,July,2001,male
57550,ARTS,.2400,3410 (NEW),43976 (NEW),2020,HISTORY OF SRI LANKA & INDIA,C,COMMUNICATION & MEDIA STUDIES,C,SINHALA,C,030,F,new,2,October,2001,female
55188,-,-,-,-,2020,COMMUNICATION & MEDIA STUDIES,Absent,CHRISTIANITY,Absent,SINHALA,Absent,Absent,Absent,new,15,November,2000,female
151502,-,-,-,-,2020,ECONOMICS,F,GEOGRAPHY,S,LOGIC & SCIENTIFIC METHOD,F,046,S,new,12,March,2000,female
29472,PHYSICAL SCIENCE,.9458,1378 (NEW),6768 (NEW),2020,PHYSICS,C,CHEMISTRY,C,COMBINED MATHEMATICS,C,066,B,new,10,November,2000,male
165810,-,-.7647,-,-,2020,INFORMATION & COMMUNICATION TECHNOLOGY,F,ORIENTAL MUSIC,S,SINHALA,C,030,S,new,4,June,2001,female
12681,COMMERCE,1.7397,496 (NEW),1727 (NEW),2020,ECONOMICS,A,BUSINESS STUDIES,A,ACCOUNTING,A,048,A,new,23,November,2001,female
98798,PHYSICAL SCIENCE,.8765,519 (NEW),7368 (NEW),2020,PHYSICS,C,CHEMISTRY,C,COMBINED MATHEMATICS,C,058,A,new,19,October,2001,female
319845,-,-,-,-,2020,PHYSICS,Absent,CHEMISTRY,Absent,COMBINED MATHEMATICS,Absent,Absent,Absent,old,28,August,1999,female
182813,BIOLOGICAL SCIENCE,.2091,389 (NEW),14350 (NEW),2020,PHYSICS,S,CHEMISTRY,S,BIOLOGY,C,060,F,new,7,April,2001,male
238128,-,-,-,-,2020,CHEMISTRY,F,AGRICULTURAL SCIENCE,S,BIOLOGY,F,042,S,new,30,September,2001,female
184477,-,-,-,-,2020,HISTORY OF SRI LANKA & INDIA,Absent,COMMUNICATION & MEDIA STUDIES,Absent,ORIENTAL MUSIC,Absent,Absent,Absent,new,25,September,2000,male
137772,-,-,-,-,2020,PHYSICS,Absent,CHEMISTRY,Absent,COMBINED MATHEMATICS,Absent,Absent,Absent,new,19,May,2000,male
334928,BIOSYSTEMS TECHNOLOGY,1.1190,2 (OLD),73 (OLD),2020,AGRICULTURAL SCIENCE,B,BIO SYSTEMS TECHNOLOGY,C,SCIENCE FOR TECHNOLOGY,S,055,S,old,19,September,1999,female
210626,-,-,-,-,2020,PHYSICS,Absent,CHEMISTRY,Absent,COMBINED MATHEMATICS,Absent,Absent,Absent,new,28,April,2000,female
155613,-,-,-,-,2020,AGRICULTURAL SCIENCE,Absent,BIO SYSTEMS TECHNOLOGY,Absent,SCIENCE FOR TECHNOLOGY,Absent,Absent,Absent,new,20,July,2000,female
192379,ARTS,.7659,1329 (NEW),24572 (NEW),2020,POLITICAL SCIENCE,B,BUDDHIST CIVILIZATION,C,SINHALA,C,034,F,new,14,May,2001,female
158301,COMMERCE,-.6496,2617 (NEW),39276 (NEW),2020,ECONOMICS,S,BUSINESS STUDIES,S,ACCOUNTING,S,052,S,new,7,December,2001,male
166550,ARTS,-.1871,6320 (NEW),59824 (NEW),2020,GEOGRAPHY,S,COMMUNICATION & MEDIA STUDIES,S,SINHALA,C,034,F,new,13,March,2001,female
127955,ENGINEERING TECHNOLOGY,.3832,426 (NEW),5949 (NEW),2020,INFORMATION & COMMUNICATION TECHNOLOGY,C,ENGINEERING TECHNOLOGY,C,SCIENCE FOR TECHNOLOGY,S,044,F,new,23,June,2000,female
309519,-,-,-,-,2020,PHYSICS,F,CHEMISTRY,F,BIOLOGY,F,048,F,old,12,January,1999,female
294234,BIOLOGICAL SCIENCE,-.1663,77 (NEW),18900 (NEW),2020,PHYSICS,S,CHEMISTRY,S,BIOLOGY,S,050,B,new,20,March,2001,female
10482,-,-,-,-,2020,PHYSICS,Absent,CHEMISTRY,Absent,COMBINED MATHEMATICS,F,Absent,Absent,new,17,February,2000,male
193407,ARTS,1.5405,243 (NEW),4427 (NEW),2020,GEOGRAPHY,A,BUDDHIST CIVILIZATION,A,SINHALA,B,028,F,new,6,August,2001,female
260696,-,-,-,-,2020,INFORMATION & COMMUNICATION TECHNOLOGY,F,GEOGRAPHY,F,HISTORY OF SRI LANKA & INDIA,F,020,S,new,17,July,2000,male
113335,-,-.5768,-,-,2020,AGRICULTURAL SCIENCE,F,BIO SYSTEMS TECHNOLOGY,S,SCIENCE FOR TECHNOLOGY,S,028,F,new,1,December,2001,female
316949,COMMERCE,1.3027,12 (OLD),179 (OLD),2020,ECONOMICS,A,BUSINESS STUDIES,B,ACCOUNTING,C,063,Absent,old,2,January,1998,male
74870,-,-,-,-,2020,HISTORY OF SRI LANKA & INDIA,F,BUDDHIST CIVILIZATION,F,SINHALA,S,034,F,new,12,August,2000,female
138841,PHYSICAL SCIENCE,-.0333,716 (NEW),17046 (NEW),2020,PHYSICS,C,CHEMISTRY,S,COMBINED MATHEMATICS,S,066,A,new,19,June,2001,female
74241,-,-,-,-,2020,POLITICAL SCIENCE,F,COMMUNICATION & MEDIA STUDIES,F,SINHALA,S,030,F,new,15,April,2001,male
254453,BIOSYSTEMS TECHNOLOGY,.7683,113 (NEW),2435 (NEW),2020,AGRICULTURAL SCIENCE,C,BIO SYSTEMS TECHNOLOGY,C,SCIENCE FOR TECHNOLOGY,S,040,S,new,30,June,2001,male
149178,BIOLOGICAL SCIENCE,2.4569,6 (NEW),166 (NEW),2020,PHYSICS,A,CHEMISTRY,A,BIOLOGY,A,074,A,new,16,June,2001,male
271120,-,-.8890,-,-,2020,ECONOMICS,S,BUSINESS STUDIES,S,ENGLISH,F,026,C,new,24,January,1999,female
181414,-,-,-,-,2020,PHYSICS,S,CHEMISTRY,F,COMBINED MATHEMATICS,F,048,S,new,3,February,2001,male
62873,-,-.0573,-,-,2020,POLITICAL SCIENCE,F,COMMUNICATION & MEDIA STUDIES,S,SINHALA,B,042,F,new,11,July,2001,female
255405,COMMERCE,.8609,425 (NEW),12622 (NEW),2020,ECONOMICS,B,BUSINESS STUDIES,C,ACCOUNTING,A,052,F,new,10,November,2000,male
143293,ARTS,.6574,1166 (NEW),28312 (NEW),2020,POLITICAL SCIENCE,C,BUDDHIST CIVILIZATION,B,SINHALA,B,044,S,new,29,July,2001,female
332192,-,-,-,-,2020,PHYSICS,Absent,CHEMISTRY,Absent,BIOLOGY,Absent,Absent,Absent,old,26,October,1988,male
92650,ARTS,.5845,1871 (NEW),30971 (NEW),2020,ECONOMICS,S,POLITICAL SCIENCE,B,SINHALA,B,042,F,new,29,March,2001,male
101886,ARTS,1.3472,420 (NEW),8065 (NEW),2020,GEOGRAPHY,C,COMMUNICATION & MEDIA STUDIES,A,DRAMA AND THEATRE (SINHALA),A,042,F,new,11,July,2000,female
125480,-,-,-,-,2020,PHYSICS,Absent,CHEMISTRY,Absent,COMBINED MATHEMATICS,Absent,Absent,Absent,new,28,May,2000,male
196529,-,-.6836,-,-,2020,AGRICULTURAL SCIENCE,S,BIO SYSTEMS TECHNOLOGY,S,SCIENCE FOR TECHNOLOGY,F,032,F,new,14,March,2000,female
289485,PHYSICAL SCIENCE,1.1074,22 (NEW),5534 (NEW),2020,PHYSICS,C,CHEMISTRY,C,COMBINED MATHEMATICS,A,070,S,new,3,January,2002,male
179502,-,-,-,-,2020,GEOGRAPHY,Absent,DRAMA AND THEATRE (TAMIL),Absent,TAMIL,Absent,032,S,new,1,December,2000,female
77174,-,-,-,-,2020,GEOGRAPHY,Absent,BUDDHIST CIVILIZATION,Absent,SINHALA,Absent,Absent,Absent,new,15,March,2000,male
34338,-,-,-,-,2020,GEOGRAPHY,A,DANCING(INDIGENOUS),Absent,DRAMA AND THEATRE (SINHALA),Absent,050,C,new,17,June,2001,male
60674,-,-,-,-,2020,PHYSICS,F,CHEMISTRY,F,BIOLOGY,F,046,C,new,2,January,2002,female
166788,ARTS,.6060,3307 (NEW),30136 (NEW),2020,ECONOMICS,C,GEOGRAPHY,A,LOGIC & SCIENTIFIC METHOD,S,052,S,new,20,August,2000,male
288647,ARTS,-.1650,1415 (NEW),59056 (NEW),2020,GEOGRAPHY,C,ISLAM,C,TAMIL,S,020,F,new,28,January,2002,female
192126,BIOSYSTEMS TECHNOLOGY,.2556,258 (NEW),4442 (NEW),2020,AGRICULTURAL SCIENCE,S,BIO SYSTEMS TECHNOLOGY,S,SCIENCE FOR TECHNOLOGY,C,060,S,new,21,November,1996,male
191271,ARTS,.8469,1177 (NEW),21877 (NEW),2020,HISTORY OF SRI LANKA & EUROPE,B,ISLAM,A,TAMIL,C,030,F,new,9,November,2001,female
169581,ENGINEERING TECHNOLOGY,1.9967,39 (NEW),390 (NEW),2020,INFORMATION & COMMUNICATION TECHNOLOGY,C,ENGINEERING TECHNOLOGY,B,SCIENCE FOR TECHNOLOGY,A,042,C,new,2,November,2001,male
216521,PHYSICAL SCIENCE,.3876,777 (NEW),12115 (NEW),2020,PHYSICS,S,CHEMISTRY,C,COMBINED MATHEMATICS,B,Absent,Absent,new,8,June,2000,male
290246,COMMERCE,.1003,133 (NEW),26392 (NEW),2020,ECONOMICS,C,BUSINESS STUDIES,C,ACCOUNTING,S,030,Absent,new,14,June,2001,female
271660,ARTS,-.4617,2451 (NEW),67587 (NEW),2020,INFORMATION & COMMUNICATION TECHNOLOGY,S,LOGIC & SCIENTIFIC METHOD,S,ISLAM,S,036,A,new,23,February,2000,female
27038,-,-,-,-,2020,PHYSICS,F,CHEMISTRY,F,BIOLOGY,F,036,A,new,26,September,2001,female
277276,ARTS,-.0931,1454 (NEW),56554 (NEW),2020,HISTORY OF SRI LANKA & EUROPE,S,HOME ECONOMICS,C,TAMIL,C,038,F,new,9,May,2001,female
129349,COMMERCE,1.2449,349 (NEW),6846 (NEW),2020,ECONOMICS,B,BUSINESS STUDIES,B,ACCOUNTING,A,048,F,new,28,June,2001,female
73868,-,-.0947,-,-,2020,PHYSICS,F,CHEMISTRY,S,BIOLOGY,C,060,C,new,24,February,2001,female
74399,COMMERCE,1.4142,379 (NEW),4724 (NEW),2020,ECONOMICS,B,BUSINESS STUDIES,A,ACCOUNTING,A,048,C,new,2,July,2001,female
88255,ARTS,1.0843,969 (NEW),14629 (NEW),2020,GEOGRAPHY,B,LOGIC & SCIENTIFIC METHOD,C,SINHALA,A,052,F,new,12,August,2000,female
331423,-,-,-,-,2020,PHYSICS,Absent,CHEMISTRY,Absent,BIOLOGY,Absent,Absent,Absent,old,11,October,1999,male
92277,-,-,-,-,2020,INFORMATION & COMMUNICATION TECHNOLOGY,F,POLITICAL SCIENCE,F,SINHALA,F,034,F,new,29,July,2000,female
107622,-,-,-,-,2020,ECONOMICS,F,BUSINESS STUDIES,F,ACCOUNTING,F,028,F,new,12,October,2001,male
67248,-,-,-,-,2020,PHYSICS,F,CHEMISTRY,F,COMBINED MATHEMATICS,F,056,S,new,2,March,2001,male
241206,BIOLOGICAL SCIENCE,.4680,217 (NEW),11365 (NEW),2020,PHYSICS,C,CHEMISTRY,S,BIOLOGY,C,060,C,new,28,November,2000,female
66315,ENGINEERING TECHNOLOGY,-.0786,488 (NEW),9460 (NEW),2020,INFORMATION & COMMUNICATION TECHNOLOGY,S,ENGINEERING TECHNOLOGY,S,SCIENCE FOR TECHNOLOGY,S,Absent,Absent,new,13,January,2001,male
267798,-,-,-,-,2020,GEOGRAPHY,Absent,POLITICAL SCIENCE,Absent,SINHALA,Absent,Absent,Absent,new,25,April,1983,male
158388,COMMERCE,.5432,1281 (NEW),18020 (NEW),2020,ECONOMICS,C,BUSINESS STUDIES,C,ACCOUNTING,C,054,F,new,24,July,2001,male
72533,ARTS,.2973,2254 (NEW),41792 (NEW),2020,BUDDHIST CIVILIZATION,S,PALI,C,SANSKRIT,C,036,F,new,12,June,1999,male
77316,ARTS,1.6125,246 (NEW),3501 (NEW),2020,HOME ECONOMICS,B,BUDDHIST CIVILIZATION,A,SINHALA,A,048,F,new,7,January,2002,female
234930,ARTS,.0819,1524 (NEW),50055 (NEW),2020,GEOGRAPHY,S,DRAMA AND THEATRE (TAMIL),C,TAMIL,C,046,S,new,15,August,2001,male
308320,-,-,-,-,2020,PHYSICS,Absent,CHEMISTRY,Absent,COMBINED MATHEMATICS,Absent,Absent,Absent,old,2,March,1999,female
56142,PHYSICAL SCIENCE,.8751,694 (NEW),7383 (NEW),2020,PHYSICS,C,CHEMISTRY,C,COMBINED MATHEMATICS,C,060,C,new,21,November,2001,female
277491,-,-,-,-,2020,GEOGRAPHY,F,POLITICAL SCIENCE,F,ISLAMIC CIVILIZATION,S,028,F,new,16,September,2001,female
5366,ARTS,-.9492,4903 (NEW),72823 (NEW),2020,BUDDHISM,S,SINHALA,S,PALI,S,Absent,F,new,21,November,2000,male
214653,-,-.2720,-,-,2020,PHYSICS,S,CHEMISTRY,F,BIOLOGY,S,054,B,new,31,October,2001,female
252066,BIOSYSTEMS TECHNOLOGY,1.1050,64 (NEW),1423 (NEW),2020,AGRICULTURAL SCIENCE,C,BIO SYSTEMS TECHNOLOGY,C,SCIENCE FOR TECHNOLOGY,C,042,F,new,19,June,2001,female
278811,PHYSICAL SCIENCE,1.4851,55 (NEW),3119 (NEW),2020,PHYSICS,B,CHEMISTRY,B,COMBINED MATHEMATICS,A,058,F,new,18,February,2001,male
324640,COMMERCE,.4467,54 (OLD),482 (OLD),2020,ECONOMICS,C,BUSINESS STUDIES,S,ACCOUNTING,C,Absent,S,old,22,October,1999,female
304168,PHYSICAL SCIENCE,.2856,576 (NEW),13250 (NEW),2020,PHYSICS,S,CHEMISTRY,C,COMBINED MATHEMATICS,B,040,S,new,17,August,2001,female
174954,-,-,-,-,2020,ECONOMICS,Absent,BUSINESS STUDIES,Absent,ACCOUNTING,Absent,Absent,Absent,new,6,April,2001,female
37884,-,-,-,-,2020,PHYSICS,F,CHEMISTRY,F,BIOLOGY,F,046,S,new,3,August,2001,female
210588,BIOLOGICAL SCIENCE,.8587,555 (NEW),7383 (NEW),2020,PHYSICS,C,CHEMISTRY,B,BIOLOGY,S,066,B,new,19,May,2000,female
12768,BIOLOGICAL SCIENCE,1.0014,1197 (NEW),6188 (NEW),2020,PHYSICS,C,CHEMISTRY,B,BIOLOGY,C,074,B,new,27,October,2000,female
148160,-,-.8208,-,-,2020,INFORMATION & COMMUNICATION TECHNOLOGY,S,ENGINEERING TECHNOLOGY,F,SCIENCE FOR TECHNOLOGY,S,048,S,new,17,December,2001,male
91523,COMMERCE,1.4407,338 (NEW),4413 (NEW),2020,ECONOMICS,A,BUSINESS STUDIES,A,ACCOUNTING,B,042,C,new,1,November,2001,female
79053,ARTS,.4802,2078 (NEW),34829 (NEW),2020,GEOGRAPHY,C,POLITICAL SCIENCE,B,LOGIC & SCIENTIFIC METHOD,S,046,A,new,3,October,2001,female
241743,ARTS,1.8189,23 (NEW),1495 (NEW),2020,GEOGRAPHY,A,POLITICAL SCIENCE,A,TAMIL,A,050,S,new,31,May,2001,female
55959,-,-,-,-,2020,AGRICULTURAL SCIENCE,Absent,BIO SYSTEMS TECHNOLOGY,Absent,SCIENCE FOR TECHNOLOGY,Absent,Absent,Absent,new,18,June,1999,male
151661,COMMERCE,-.3608,2374 (NEW),35486 (NEW),2020,ECONOMICS,S,BUSINESS STUDIES,C,ACCOUNTING,S,046,F,new,24,February,2001,male
184005,-,-,-,-,2020,PHYSICS,F,CHEMISTRY,F,BIOLOGY,F,034,F,new,22,May,2001,female
171078,-,-,-,-,2020,GEOGRAPHY,Absent,COMMUNICATION & MEDIA STUDIES,Absent,SINHALA,Absent,Absent,Absent,new,21,August,2000,female
234229,COMMERCE,.8844,264 (NEW),12228 (NEW),2020,ECONOMICS,B,BUSINESS STUDIES,C,ACCOUNTING,A,052,S,new,30,July,2001,female
203113,-,.0706,-,-,2020,PHYSICS,S,COMBINED MATHEMATICS,F,INFORMATION & COMMUNICATION TECHNOLOGY,C,054,C,new,4,December,2000,male
210912,-,-,-,-,2020,ECONOMICS,Absent,BUSINESS STUDIES,Absent,ACCOUNTING,Absent,Absent,Absent,new,14,June,2000,female
157412,BIOLOGICAL SCIENCE,-.0438,1401 (NEW),17552 (NEW),2020,PHYSICS,S,CHEMISTRY,S,BIOLOGY,C,056,S,new,16,February,2001,female
81101,-,-,-,-,2020,ECONOMICS,F,BUSINESS STUDIES,S,ACCOUNTING,F,034,F,new,3,May,2001,female
230379,ARTS,.6896,1696 (NEW),27226 (NEW),2020,ECONOMICS,C,ISLAM,B,ENGLISH,C,046,A,new,12,November,1998,female
306807,BIOLOGICAL SCIENCE,1.6106,62 (OLD),544 (OLD),2020,PHYSICS,C,CHEMISTRY,A,BIOLOGY,A,Absent,Absent,old,11,April,1999,female
119224,ARTS,1.9492,75 (NEW),788 (NEW),2020,HISTORY OF SRI LANKA & INDIA,A,BUDDHIST CIVILIZATION,A,SINHALA,A,Absent,S,new,8,June,1999,female
192263,COMMERCE,.3415,768 (NEW),21730 (NEW),2020,ECONOMICS,C,BUSINESS STUDIES,C,ACCOUNTING,S,044,F,new,22,September,2001,male
151247,PHYSICAL SCIENCE,.6591,733 (NEW),9328 (NEW),2020,PHYSICS,S,CHEMISTRY,C,COMBINED MATHEMATICS,C,Absent,Absent,new,25,March,2000,female
306378,-,-,-,-,2020,PHYSICS,Absent,CHEMISTRY,Absent,BIOLOGY,F,Absent,Absent,old,19,October,1999,male
158173,-,-,-,-,2020,PHYSICS,F,CHEMISTRY,S,BIOLOGY,F,056,C,new,26,July,2000,female
107842,-,-.9107,-,-,2020,ECONOMICS,F,DANCING(INDIGENOUS),C,DRAMA AND THEATRE (SINHALA),S,032,F,new,2,August,2001,female
61941,BIOSYSTEMS TECHNOLOGY,.6562,129 (NEW),2835 (NEW),2020,INFORMATION & COMMUNICATION TECHNOLOGY,S,BIO SYSTEMS TECHNOLOGY,C,SCIENCE FOR TECHNOLOGY,C,054,S,new,12,January,2002,female
238630,PHYSICAL SCIENCE,1.2491,61 (NEW),4546 (NEW),2020,PHYSICS,C,CHEMISTRY,C,COMBINED MATHEMATICS,B,070,C,new,19,October,2001,male
96970,COMMERCE,1.0963,436 (NEW),8954 (NEW),2020,ECONOMICS,C,BUSINESS STUDIES,B,ACCOUNTING,A,052,B,new,22,July,2001,female
226258,PHYSICAL SCIENCE,.7786,516 (NEW),8259 (NEW),2020,PHYSICS,C,CHEMISTRY,C,COMBINED MATHEMATICS,C,072,C,new,6,July,2001,male
299507,BIOLOGICAL SCIENCE,.3320,570 (NEW),12870 (NEW),2020,PHYSICS,S,CHEMISTRY,C,BIOLOGY,C,056,C,new,1,May,2001,male
262784,-,-,-,-,2020,GEOGRAPHY,Absent,BUDDHIST CIVILIZATION,Absent,SINHALA,Absent,Absent,Absent,new,8,February,2000,female
302748,-,-,-,-,2020,INFORMATION & COMMUNICATION TECHNOLOGY,F,LOGIC & SCIENTIFIC METHOD,S,ENGLISH,F,022,C,new,29,January,2001,female
28689,-,-,-,-,2020,COMMUNICATION & MEDIA STUDIES,F,ORIENTAL MUSIC,S,SINHALA,F,036,F,new,10,April,2001,male
287751,ARTS,.2186,1050 (NEW),44833 (NEW),2020,GEOGRAPHY,B,ISLAM,B,ART,S,034,S,new,14,November,2000,male
310460,-,-,-,-,2020,INFORMATION & COMMUNICATION TECHNOLOGY,F,ISLAM,S,ARABIC,F,025,F,old,1,September,1995,male
298550,BIOLOGICAL SCIENCE,1.3759,178 (NEW),3647 (NEW),2020,PHYSICS,C,CHEMISTRY,A,BIOLOGY,C,068,C,new,28,April,2000,female
287405,ARTS,1.2991,179 (NEW),9187 (NEW),2020,GEOGRAPHY,B,DANCING(BHARATHA),A,TAMIL,A,046,F,new,28,August,2001,female
301305,-,-,-,-,2020,GEOGRAPHY,F,HISTORY OF SRI LANKA & EUROPE,F,HINDU CIVILIZATION,F,032,F,new,23,October,2001,male
195576,-,-,-,-,2020,INFORMATION & COMMUNICATION TECHNOLOGY,S,ENGINEERING TECHNOLOGY,F,SCIENCE FOR TECHNOLOGY,F,044,F,new,9,October,2001,female
255321,ARTS,1.1799,544 (NEW),12026 (NEW),2020,GEOGRAPHY,C,COMMUNICATION & MEDIA STUDIES,B,SINHALA,A,036,F,new,29,November,2001,female
315603,-,-,-,-,2020,PHYSICS,Absent,CHEMISTRY,Absent,BIOLOGY,Absent,Absent,Absent,old,Invalid nic error,Invalid nic error,Invalid nic error,
219141,-,-,-,-,2020,ECONOMICS,Absent,BUSINESS STUDIES,Absent,ACCOUNTING,Absent,Absent,Absent,new,4,May,2000,male
71750,COMMERCE,.4463,1375 (NEW),19731 (NEW),2020,ECONOMICS,B,BUSINESS STUDIES,C,ACCOUNTING,C,062,C,new,9,October,2001,male
12156,-,-,-,-,2020,PHYSICS,F,CHEMISTRY,F,COMBINED MATHEMATICS,F,052,A,new,27,September,2001,male
317868,BIOLOGICAL SCIENCE,-.2337,144 (OLD),4963 (OLD),2020,PHYSICS,S,CHEMISTRY,C,BIOLOGY,S,055,C,old,9,August,1995,female
24490,PHYSICAL SCIENCE,.2303,2507 (NEW),13903 (NEW),2020,PHYSICS,C,CHEMISTRY,S,COMBINED MATHEMATICS,C,068,F,new,26,February,1998,male
318702,BIOLOGICAL SCIENCE,.6057,44 (OLD),2575 (OLD),2020,CHEMISTRY,S,AGRICULTURAL SCIENCE,B,BIOLOGY,C,067,B,old,23,June,1999,female
171872,-,-,-,-,2020,INFORMATION & COMMUNICATION TECHNOLOGY,F,LOGIC & SCIENTIFIC METHOD,C,JAPANESE,F,052,C,new,9,October,2001,female
259231,BIOLOGICAL SCIENCE,-.2411,313 (NEW),19702 (NEW),2020,PHYSICS,S,CHEMISTRY,S,BIOLOGY,S,040,C,new,17,August,2000,male
120565,PHYSICAL SCIENCE,1.0958,221 (NEW),5621 (NEW),2020,PHYSICS,C,CHEMISTRY,B,COMBINED MATHEMATICS,B,060,S,new,5,March,2001,female
255484,COMMERCE,-.6314,1471 (NEW),39103 (NEW),2020,ECONOMICS,S,BUSINESS STUDIES,S,ACCOUNTING,S,040,F,new,22,April,2001,male
237627,-,-,-,-,2020,GEOGRAPHY,Absent,COMMUNICATION & MEDIA STUDIES,Absent,SINHALA,Absent,Absent,Absent,new,14,July,2000,male
256673,COMMERCE,-.2844,1259 (NEW),34069 (NEW),2020,ECONOMICS,C,BUSINESS STUDIES,S,ACCOUNTING,S,Absent,F,new,11,May,2000,female
295945,-,-,-,-,2020,GEOGRAPHY,F,POLITICAL SCIENCE,F,TAMIL,S,042,F,new,4,March,2001,female
240722,ARTS,1.4055,107 (NEW),6818 (NEW),2020,GEOGRAPHY,B,HISTORY OF SRI LANKA & INDIA,A,SINHALA,A,044,S,new,19,July,2001,female
249797,COMMERCE,1.8114,27 (NEW),1283 (NEW),2020,ECONOMICS,A,BUSINESS STUDIES,A,ACCOUNTING,A,044,F,new,29,May,2001,male
322214,-,-,-,-,2020,ECONOMICS,Absent,BUSINESS STUDIES,Absent,ACCOUNTING,Absent,Absent,Absent,old,2,May,1999,female
247735,-,-.7988,-,-,2020,BUSINESS STUDIES,F,ENGINEERING TECHNOLOGY,S,SCIENCE FOR TECHNOLOGY,S,048,F,new,8,April,2001,male
98925,-,-,-,-,2020,PHYSICS,Absent,CHEMISTRY,Absent,BIOLOGY,Absent,Absent,Absent,new,14,September,2000,female
279334,-,-,-,-,2020,PHYSICS,Absent,CHEMISTRY,Absent,BIOLOGY,Absent,Absent,Absent,new,30,November,2000,female
262079,COMMERCE,-.3131,768 (NEW),34647 (NEW),2020,ECONOMICS,S,BUSINESS STUDIES,C,ACCOUNTING,S,048,S,new,7,May,2001,male
240418,PHYSICAL SCIENCE,.3292,195 (NEW),12769 (NEW),2020,PHYSICS,S,CHEMISTRY,S,COMBINED MATHEMATICS,B,058,C,new,17,December,2001,female
142648,ENGINEERING TECHNOLOGY,1.4682,46 (NEW),1226 (NEW),2020,INFORMATION & COMMUNICATION TECHNOLOGY,B,ENGINEERING TECHNOLOGY,C,SCIENCE FOR TECHNOLOGY,B,044,F,new,4,December,2001,male
290402,ARTS,-.7622,524 (NEW),71989 (NEW),2020,GEOGRAPHY,S,ISLAM,S,TAMIL,S,032,F,new,18,January,2002,male
222332,ARTS,.2693,2795 (NEW),42896 (NEW),2020,GEOGRAPHY,S,DANCING(INDIGENOUS),A,SINHALA,B,030,F,new,6,October,2001,female
251659,COMMERCE,.2622,837 (NEW),23278 (NEW),2020,ECONOMICS,B,BUSINESS STUDIES,C,ACCOUNTING,S,Absent,S,new,29,April,2000,male
146930,-,-,-,-,2020,HISTORY OF SRI LANKA & INDIA,Absent,BUDDHIST CIVILIZATION,Absent,SINHALA,Absent,Absent,Absent,new,30,March,2000,female
161252,ARTS,.7239,2892 (NEW),26003 (NEW),2020,POLITICAL SCIENCE,C,COMMUNICATION & MEDIA STUDIES,C,SINHALA,B,Absent,F,new,27,July,2000,female
170753,ARTS,1.0611,1644 (NEW),15266 (NEW),2020,GEOGRAPHY,C,HISTORY OF SRI LANKA & INDIA,A,DANCING(INDIGENOUS),B,038,F,new,23,April,2001,female
118447,BIOLOGICAL SCIENCE,.0362,776 (NEW),16494 (NEW),2020,PHYSICS,S,CHEMISTRY,S,BIOLOGY,C,056,S,new,18,July,2001,female
150437,-,-,-,-,2020,PHYSICS,F,CHEMISTRY,F,BIOLOGY,F,038,F,new,8,November,1999,female
264085,-,-,-,-,2020,PHYSICS,F,CHEMISTRY,S,BIOLOGY,F,050,F,new,15,December,2001,female
39963,-,-,-,-,2020,AGRICULTURAL SCIENCE,B,BIO SYSTEMS TECHNOLOGY,Absent,SCIENCE FOR TECHNOLOGY,C,Absent,Absent,new,30,September,2000,female
259325,-,-,-,-,2020,POLITICAL SCIENCE,Absent,BUDDHIST CIVILIZATION,Absent,SINHALA,Absent,Absent,Absent,new,8,March,2000,female
215265,-,-,-,-,2020,PHYSICS,Absent,CHEMISTRY,Absent,BIOLOGY,Absent,Absent,Absent,new,20,June,2000,female
253714,-,.3163,-,-,2020,ECONOMICS,F,LOGIC & SCIENTIFIC METHOD,C,COMMUNICATION & MEDIA STUDIES,B,032,F,new,2,November,1999,female
70220,COMMERCE,.0880,1802 (NEW),26642 (NEW),2020,ECONOMICS,C,BUSINESS STUDIES,C,ACCOUNTING,S,Absent,S,new,6,December,2000,female
236302,-,-,-,-,2020,PHYSICS,F,COMBINED MATHEMATICS,F,INFORMATION & COMMUNICATION TECHNOLOGY,C,062,C,new,25,January,2002,male
34748,ARTS,.2987,3225 (NEW),41744 (NEW),2020,LOGIC & SCIENTIFIC METHOD,C,COMMUNICATION & MEDIA STUDIES,C,DANCING(INDIGENOUS),C,032,B,new,16,November,2001,female
58585,-,-,-,-,2020,POLITICAL SCIENCE,F,BUDDHIST CIVILIZATION,F,SINHALA,S,044,F,new,3,May,2001,female
64910,ENGINEERING TECHNOLOGY,-.3946,585 (NEW),11565 (NEW),2020,GEOGRAPHY,S,ENGINEERING TECHNOLOGY,S,SCIENCE FOR TECHNOLOGY,S,052,F,new,30,March,2001,male
11783,-,-.3213,-,-,2020,PHYSICS,F,CHEMISTRY,S,BIOLOGY,S,054,S,new,31,July,2001,male
19553,ENGINEERING TECHNOLOGY,1.1518,291 (NEW),2129 (NEW),2020,INFORMATION & COMMUNICATION TECHNOLOGY,C,ENGINEERING TECHNOLOGY,C,SCIENCE FOR TECHNOLOGY,B,050,B,new,14,August,2001,male
65655,-,-,-,-,2020,PHYSICS,F,CHEMISTRY,F,BIOLOGY,F,032,S,new,7,July,2001,female
124209,ENGINEERING TECHNOLOGY,1.7853,44 (NEW),620 (NEW),2020,INFORMATION & COMMUNICATION TECHNOLOGY,B,ENGINEERING TECHNOLOGY,B,SCIENCE FOR TECHNOLOGY,A,064,C,new,23,November,2001,male
182512,PHYSICAL SCIENCE,.7691,221 (NEW),8343 (NEW),2020,PHYSICS,C,CHEMISTRY,C,COMBINED MATHEMATICS,C,072,B,new,30,August,2001,female
125547,ARTS,.2956,2555 (NEW),41861 (NEW),2020,COMMUNICATION & MEDIA STUDIES,C,BUDDHIST CIVILIZATION,C,ORIENTAL MUSIC,C,Absent,F,new,22,May,2000,male
170463,PHYSICAL SCIENCE,.0357,1269 (NEW),16243 (NEW),2020,PHYSICS,S,CHEMISTRY,S,COMBINED MATHEMATICS,S,054,S,new,27,May,2001,male
190895,-,-,-,-,2020,POLITICAL SCIENCE,F,BUDDHIST CIVILIZATION,F,SINHALA,C,030,F,new,11,December,2001,female
236253,BIOLOGICAL SCIENCE,.3760,236 (NEW),12332 (NEW),2020,PHYSICS,S,CHEMISTRY,S,BIOLOGY,C,070,C,new,5,October,2001,male
182197,ARTS,-.3958,2247 (NEW),66017 (NEW),2020,POLITICAL SCIENCE,S,COMMUNICATION & MEDIA STUDIES,S,SINHALA,C,026,F,new,9,March,2001,female
325410,BIOLOGICAL SCIENCE,1.3397,54 (OLD),982 (OLD),2020,PHYSICS,C,CHEMISTRY,B,BIOLOGY,A,065,B,old,6,March,1999,female
165523,COMMERCE,1.2284,509 (NEW),7087 (NEW),2020,ECONOMICS,A,BUSINESS STUDIES,B,ACCOUNTING,A,052,C,new,6,March,2001,female
308173,ENGINEERING TECHNOLOGY,.5617,10 (OLD),205 (OLD),2020,INFORMATION & COMMUNICATION TECHNOLOGY,S,ENGINEERING TECHNOLOGY,B,SCIENCE FOR TECHNOLOGY,S,058,S,old,15,May,1998,female
40239,-,-,-,-,2020,PHYSICS,F,CHEMISTRY,F,BIOLOGY,F,036,S,new,13,November,2000,female
287453,ARTS,.6143,664 (NEW),29858 (NEW),2020,POLITICAL SCIENCE,C,CARNATIC MUSIC,B,TAMIL,C,040,F,new,15,August,2001,female
20081,ARTS,-.1273,3803 (NEW),57769 (NEW),2020,COMMUNICATION & MEDIA STUDIES,S,BUDDHIST CIVILIZATION,S,SINHALA,C,046,S,new,10,December,2001,female
57463,COMMERCE,-.1496,3790 (NEW),31457 (NEW),2020,ECONOMICS,C,BUSINESS STUDIES,C,ACCOUNTING,S,042,B,new,21,August,2000,male
148897,PHYSICAL SCIENCE,.3196,1016 (NEW),12872 (NEW),2020,PHYSICS,S,CHEMISTRY,C,COMBINED MATHEMATICS,C,070,B,new,17,April,2001,male
298730,COMMERCE,-.5539,710 (NEW),38281 (NEW),2020,ECONOMICS,S,BUSINESS STUDIES,S,ACCOUNTING,S,060,F,new,20,November,2001,male
284624,ARTS,.7353,542 (NEW),25616 (NEW),2020,GEOGRAPHY,C,CHRISTIAN CIVILIZATION,A,TAMIL,C,054,S,new,25,September,2001,female
134656,ARTS,.2031,2053 (NEW),45425 (NEW),2020,GEOGRAPHY,C,ISLAM,C,TAMIL,C,040,F,new,1,August,2001,female
297895,ARTS,1.1583,333 (NEW),12601 (NEW),2020,POLITICAL SCIENCE,B,HISTORY OF SRI LANKA & EUROPE,B,ISLAM,A,024,S,new,8,February,2000,female
1185,COMMERCE,.8406,2557 (NEW),12935 (NEW),2020,ECONOMICS,B,BUSINESS STUDIES,B,ACCOUNTING,C,040,A,new,1,March,2001,female
87589,ARTS,1.7280,151 (NEW),2180 (NEW),2020,GEOGRAPHY,A,POLITICAL SCIENCE,B,BUDDHIST CIVILIZATION,A,044,F,new,6,November,2000,female
55081,COMMERCE,1.2600,728 (NEW),6636 (NEW),2020,ECONOMICS,A,BUSINESS STUDIES,A,ACCOUNTING,B,066,C,new,1,February,2001,female
268206,ENGINEERING TECHNOLOGY,.8004,95 (NEW),3566 (NEW),2020,INFORMATION & COMMUNICATION TECHNOLOGY,C,ENGINEERING TECHNOLOGY,C,SCIENCE FOR TECHNOLOGY,C,048,S,new,15,March,2001,male
206273,-,-,-,-,2020,ECONOMICS,S,BUSINESS STUDIES,F,ACCOUNTING,F,060,F,new,8,November,2001,male
126609,BIOSYSTEMS TECHNOLOGY,.6637,203 (NEW),2813 (NEW),2020,AGRICULTURAL SCIENCE,C,BIO SYSTEMS TECHNOLOGY,S,SCIENCE FOR TECHNOLOGY,C,028,F,new,3,March,2001,female
286756,-,-.5807,-,-,2020,PHYSICS,F,CHEMISTRY,S,BIOLOGY,S,040,S,new,16,October,2000,female
303143,ARTS,.4461,968 (NEW),36106 (NEW),2020,HISTORY OF SRI LANKA & EUROPE,B,ART,S,TAMIL,C,044,F,new,5,February,2001,female
213664,BIOLOGICAL SCIENCE,1.4169,244 (NEW),3426 (NEW),2020,PHYSICS,C,CHEMISTRY,A,BIOLOGY,C,064,C,new,3,May,2001,female
254479,PHYSICAL SCIENCE,.6623,314 (NEW),9304 (NEW),2020,PHYSICS,C,CHEMISTRY,C,COMBINED MATHEMATICS,C,064,B,new,6,January,2002,female
162474,-,-,-,-,2020,PHYSICS,Absent,CHEMISTRY,Absent,COMBINED MATHEMATICS,Absent,Absent,Absent,new,19,July,2000,female
63877,COMMERCE,.9060,842 (NEW),11850 (NEW),2020,ECONOMICS,C,BUSINESS STUDIES,C,ACCOUNTING,A,062,F,new,20,October,2001,male
37222,PHYSICAL SCIENCE,.7482,814 (NEW),8547 (NEW),2020,PHYSICS,S,CHEMISTRY,C,COMBINED MATHEMATICS,B,062,C,new,27,March,2001,female
93884,-,-,-,-,2020,ECONOMICS,F,BUSINESS STUDIES,S,ACCOUNTING,F,050,F,new,19,September,2001,male
333707,-,-,-,-,2020,AGRICULTURAL SCIENCE,Absent,BIO SYSTEMS TECHNOLOGY,Absent,SCIENCE FOR TECHNOLOGY,Absent,Absent,Absent,old,30,September,1999,female
94654,-,-,-,-,2020,COMMUNICATION & MEDIA STUDIES,F,BUDDHIST CIVILIZATION,F,SINHALA,C,024,F,new,18,January,2002,female
277016,ARTS,-.4787,1823 (NEW),67928 (NEW),2020,GEOGRAPHY,S,CHRISTIANITY,C,TAMIL,S,026,F,new,13,April,2001,female
337213,-,-.5464,-,-,2020,AGRICULTURAL SCIENCE,S,BIO SYSTEMS TECHNOLOGY,F,SCIENCE FOR TECHNOLOGY,S,048,S,old,23,September,1997,female
308145,-,-,-,-,2020,COMMUNICATION & MEDIA STUDIES,Absent,BUDDHIST CIVILIZATION,Absent,SINHALA,Absent,Absent,Absent,old,9,August,1994,female
243861,-,-.1155,-,-,2020,PHYSICS,F,CHEMISTRY,C,COMBINED MATHEMATICS,S,064,A,new,26,April,2001,female
151027,PHYSICAL SCIENCE,1.9658,94 (NEW),1088 (NEW),2020,PHYSICS,B,CHEMISTRY,A,COMBINED MATHEMATICS,A,080,A,new,21,June,2001,female
328598,PHYSICAL SCIENCE,-.1721,115 (OLD),1439 (OLD),2020,PHYSICS,S,CHEMISTRY,S,COMBINED MATHEMATICS,S,Absent,Absent,old,5,April,1999,female
36422,-,-.5920,-,-,2020,PHYSICS,F,CHEMISTRY,S,BIOLOGY,S,042,A,new,6,August,2001,female
145437,COMMERCE,1.3413,206 (NEW),5627 (NEW),2020,ECONOMICS,A,BUSINESS STUDIES,A,ACCOUNTING,B,044,S,new,25,August,2001,female
188975,BIOLOGICAL SCIENCE,.1692,409 (NEW),14846 (NEW),2020,PHYSICS,C,CHEMISTRY,S,BIOLOGY,S,048,C,new,28,April,2001,female
79095,BIOLOGICAL SCIENCE,.9188,564 (NEW),6863 (NEW),2020,PHYSICS,C,CHEMISTRY,B,BIOLOGY,C,064,B,new,30,June,2000,female
211471,COMMERCE,.6639,1013 (NEW),15926 (NEW),2020,ECONOMICS,C,BUSINESS STUDIES,C,ACCOUNTING,B,052,F,new,29,May,1998,female
54858,-,-.9479,-,-,2020,ECONOMICS,F,BUSINESS STUDIES,S,ACCOUNTING,S,044,S,new,30,November,2001,male
182852,-,-,-,-,2020,PHYSICS,F,CHEMISTRY,F,BIOLOGY,S,040,F,new,27,June,2001,female
292687,-,-,-,-,2020,GEOGRAPHY,Absent,DRAMA AND THEATRE (TAMIL),Absent,TAMIL,F,018,S,new,20,March,1997,male
246664,ARTS,.1089,2407 (NEW),49044 (NEW),2020,LOGIC & SCIENTIFIC METHOD,S,COMMUNICATION & MEDIA STUDIES,S,SINHALA,C,038,F,new,31,August,2000,male
17066,ENGINEERING TECHNOLOGY,-.6532,1346 (NEW),12399 (NEW),2020,COMMUNICATION & MEDIA STUDIES,S,ENGINEERING TECHNOLOGY,S,SCIENCE FOR TECHNOLOGY,S,046,F,new,29,March,2001,male
67736,COMMERCE,1.5914,245 (NEW),2856 (NEW),2020,ECONOMICS,B,BUSINESS STUDIES,A,ACCOUNTING,A,Absent,F,new,30,May,2000,female
276269,-,-,-,-,2020,GEOGRAPHY,Absent,POLITICAL SCIENCE,Absent,ISLAMIC CIVILIZATION,Absent,Absent,Absent,new,31,October,2001,female
51129,-,-,-,-,2020,PHYSICS,F,CHEMISTRY,S,COMBINED MATHEMATICS,F,Absent,B,new,4,July,2000,female
184789,-,-,-,-,2020,PHYSICS,F,CHEMISTRY,F,COMBINED MATHEMATICS,F,040,F,new,18,January,2002,male
24243,COMMERCE,.9722,2198 (NEW),10845 (NEW),2020,ECONOMICS,B,BUSINESS STUDIES,B,ACCOUNTING,B,042,S,new,25,February,2001,male
161083,-,-,-,-,2020,AGRICULTURAL SCIENCE,F,ENGINEERING TECHNOLOGY,S,SCIENCE FOR TECHNOLOGY,F,042,F,new,29,December,2000,male
316985,-,-,-,-,2020,ECONOMICS,Absent,ENGINEERING TECHNOLOGY,Absent,SCIENCE FOR TECHNOLOGY,Absent,Absent,Absent,old,6,October,1998,female
117800,-,-,-,-,2020,POLITICAL SCIENCE,F,BUDDHIST CIVILIZATION,F,ART,S,048,F,new,9,October,2000,male
229264,ARTS,-.6465,5058 (NEW),70817 (NEW),2020,GEOGRAPHY,S,HISTORY OF SRI LANKA & EUROPE,C,SINHALA,S,038,F,new,27,July,2001,female
284572,-,-,-,-,2020,PHYSICS,F,CHEMISTRY,F,BIOLOGY,F,050,C,new,9,March,2001,female
109762,ENGINEERING TECHNOLOGY,1.0293,83 (NEW),2548 (NEW),2020,INFORMATION & COMMUNICATION TECHNOLOGY,S,ENGINEERING TECHNOLOGY,B,SCIENCE FOR TECHNOLOGY,C,Absent,Absent,new,12,March,2000,male
249535,ARTS,.5061,1613 (NEW),33875 (NEW),2020,GEOGRAPHY,C,HOME ECONOMICS,C,SINHALA,B,028,F,new,24,February,2001,female
272429,-,-.6654,-,-,2020,ECONOMICS,F,BUSINESS STUDIES,S,ACCOUNTING,S,048,F,new,15,January,2002,male
298673,-,-1.2734,-,-,2020,POLITICAL SCIENCE,F,HISTORY OF SRI LANKA & EUROPE,S,DRAMA AND THEATRE (TAMIL),S,028,F,new,4,July,2001,male
195579,-,-,-,-,2020,ECONOMICS,F,BUSINESS STUDIES,F,ACCOUNTING,F,052,F,new,5,October,2001,male
74420,-,-,-,-,2020,COMMUNICATION & MEDIA STUDIES,Absent,DANCING(INDIGENOUS),Absent,SINHALA,Absent,Absent,Absent,new,2,August,2000,female
203609,-,-,-,-,2020,GEOGRAPHY,Absent,LOGIC & SCIENTIFIC METHOD,Absent,SINHALA,Absent,Absent,Absent,new,16,January,2001,female
201908,COMMERCE,.6699,283 (NEW),15819 (NEW),2020,ECONOMICS,C,BUSINESS STUDIES,C,ACCOUNTING,C,056,F,new,5,March,2001,female
229152,-,-.7721,-,-,2020,GEOGRAPHY,S,ENGINEERING TECHNOLOGY,S,SCIENCE FOR TECHNOLOGY,F,044,F,new,18,August,2000,male
297654,ARTS,.7134,685 (NEW),26359 (NEW),2020,POLITICAL SCIENCE,C,CHRISTIAN CIVILIZATION,B,TAMIL,B,032,C,new,15,August,2001,male
112344,PHYSICAL SCIENCE,1.4977,133 (NEW),3042 (NEW),2020,PHYSICS,B,CHEMISTRY,B,COMBINED MATHEMATICS,A,Absent,Absent,new,15,December,2000,female
273232,BIOLOGICAL SCIENCE,1.9897,16 (NEW),983 (NEW),2020,PHYSICS,B,CHEMISTRY,A,BIOLOGY,A,062,C,new,4,January,2001,female
72685,-,-,-,-,2020,ECONOMICS,F,BUSINESS STUDIES,F,ACCOUNTING,F,040,F,new,26,September,2000,female
98199,-,-,-,-,2020,ECONOMICS,Absent,COMMUNICATION & MEDIA STUDIES,Absent,SINHALA,Absent,Absent,Absent,new,14,September,2001,male
109995,ARTS,.4368,1314 (NEW),36484 (NEW),2020,GEOGRAPHY,C,HOME ECONOMICS,C,SINHALA,B,036,F,new,31,August,2001,female
42429,-,-,-,-,2020,PHYSICS,Absent,COMBINED MATHEMATICS,Absent,INFORMATION & COMMUNICATION TECHNOLOGY,Absent,Absent,Absent,new,11,October,2000,male
11025,COMMERCE,-.1439,5846 (NEW),31329 (NEW),2020,ECONOMICS,S,BUSINESS STUDIES,C,ACCOUNTING,S,064,A,new,20,January,2002,male
291801,-,-,-,-,2020,HOME ECONOMICS,Absent,BIO SYSTEMS TECHNOLOGY,Absent,SCIENCE FOR TECHNOLOGY,Absent,Absent,Absent,new,26,August,2000,female
144109,-,-,-,-,2020,POLITICAL SCIENCE,F,HISTORY OF SRI LANKA & INDIA,F,SINHALA,C,038,F,new,1,March,2001,female
115318,PHYSICAL SCIENCE,1.6414,102 (NEW),2351 (NEW),2020,PHYSICS,B,CHEMISTRY,A,COMBINED MATHEMATICS,A,064,S,new,13,February,2001,male
41611,ARTS,.1857,3567 (NEW),46107 (NEW),2020,ISLAMIC CIVILIZATION,B,SINHALA,C,ARABIC,C,034,F,new,2,July,2001,male
262301,-,-,-,-,2020,INFORMATION & COMMUNICATION TECHNOLOGY,F,ENGINEERING TECHNOLOGY,Absent,SCIENCE FOR TECHNOLOGY,S,Absent,Absent,new,4,January,2001,male
85610,PHYSICAL SCIENCE,.1432,1241 (NEW),14921 (NEW),2020,PHYSICS,S,CHEMISTRY,C,COMBINED MATHEMATICS,S,070,S,new,6,October,2001,female
311023,-,-,-,-,2020,PHYSICS,Absent,CHEMISTRY,Absent,BIOLOGY,Absent,Absent,Absent,old,28,January,1990,female
209592,ARTS,-.7322,2077 (NEW),71755 (NEW),2020,GEOGRAPHY,S,POLITICAL SCIENCE,S,SINHALA,S,034,F,new,21,October,2000,male
295452,-,-,-,-,2020,PHYSICS,Absent,CHEMISTRY,Absent,COMBINED MATHEMATICS,Absent,Absent,Absent,new,19,June,2000,male
146301,ARTS,.8632,821 (NEW),21324 (NEW),2020,AGRICULTURAL SCIENCE,C,COMMUNICATION & MEDIA STUDIES,C,BUDDHIST CIVILIZATION,A,Absent,F,new,25,March,1996,female
300948,-,-,-,-,2020,POLITICAL SCIENCE,Absent,DRAMA AND THEATRE (TAMIL),Absent,TAMIL,Absent,Absent,Absent,new,10,March,2000,female
3669,ENGINEERING TECHNOLOGY,.6526,569 (NEW),4331 (NEW),2020,INFORMATION & COMMUNICATION TECHNOLOGY,S,ENGINEERING TECHNOLOGY,C,SCIENCE FOR TECHNOLOGY,C,054,C,new,18,March,2001,male
303852,-,-.5810,-,-,2020,PHYSICS,F,CHEMISTRY,S,BIOLOGY,S,036,F,new,1,March,2000,female
101292,ARTS,.9657,950 (NEW),18134 (NEW),2020,GEOGRAPHY,C,COMMUNICATION & MEDIA STUDIES,B,SINHALA,B,048,F,new,16,November,2000,female
329340,NON,.5779,-,-,2020,PHYSICS,S,COMBINED MATHEMATICS,C,INFORMATION & COMMUNICATION TECHNOLOGY,C,040,Absent,old,29,April,1999,female
60963,ARTS,.4520,1973 (NEW),35915 (NEW),2020,INFORMATION & COMMUNICATION TECHNOLOGY,S,GEOGRAPHY,C,HISTORY OF SRI LANKA & INDIA,B,040,F,new,13,March,2001,female
209008,COMMERCE,-.5609,841 (NEW),38366 (NEW),2020,ECONOMICS,S,BUSINESS STUDIES,S,ACCOUNTING,S,034,F,new,21,October,2000,female
147974,ENGINEERING TECHNOLOGY,-.0350,418 (NEW),9100 (NEW),2020,INFORMATION & COMMUNICATION TECHNOLOGY,S,ENGINEERING TECHNOLOGY,S,SCIENCE FOR TECHNOLOGY,C,042,Absent,new,8,December,2000,male
72089,-,-.3861,-,-,2020,PHYSICS,F,CHEMISTRY,S,BIOLOGY,S,042,C,new,2,March,2001,female
327059,-,-,-,-,2020,COMMUNICATION & MEDIA STUDIES,Absent,BUDDHIST CIVILIZATION,Absent,SINHALA,Absent,Absent,Absent,old,19,May,1997,male
98031,BIOSYSTEMS TECHNOLOGY,.8091,104 (NEW),2304 (NEW),2020,AGRICULTURAL SCIENCE,C,BIO SYSTEMS TECHNOLOGY,C,SCIENCE FOR TECHNOLOGY,S,Absent,Absent,new,26,October,2000,female
286320,-,-.8062,-,-,2020,AGRICULTURAL SCIENCE,F,GEOGRAPHY,S,ISLAMIC CIVILIZATION,S,034,F,new,5,March,2000,female
50610,COMMERCE,.9120,1325 (NEW),11751 (NEW),2020,ECONOMICS,B,BUSINESS STUDIES,C,ACCOUNTING,B,064,A,new,29,September,2001,female
114224,-,-,-,-,2020,POLITICAL SCIENCE,S,HOME ECONOMICS,Absent,SINHALA,S,036,F,new,12,December,2001,female
263715,-,-,-,-,2020,ECONOMICS,F,BUSINESS STUDIES,F,ACCOUNTING,F,052,F,new,6,September,2001,male
233298,ARTS,.1142,3273 (NEW),48848 (NEW),2020,GEOGRAPHY,C,POLITICAL SCIENCE,S,TAMIL,C,040,F,new,17,January,2001,female
39028,-,-.6816,-,-,2020,INFORMATION & COMMUNICATION TECHNOLOGY,S,BIO SYSTEMS TECHNOLOGY,F,SCIENCE FOR TECHNOLOGY,S,Absent,Absent,new,16,June,1999,male
75150,-,-,-,-,2020,COMMUNICATION & MEDIA STUDIES,F,CHRISTIANITY,F,SINHALA,F,030,F,new,30,March,2001,male
282951,BIOLOGICAL SCIENCE,.5244,258 (NEW),10699 (NEW),2020,PHYSICS,S,CHEMISTRY,C,BIOLOGY,C,064,F,new,19,January,2001,male
34188,BIOLOGICAL SCIENCE,.5362,920 (NEW),10579 (NEW),2020,PHYSICS,S,CHEMISTRY,C,BIOLOGY,C,066,Absent,new,22,October,2000,male
24023,ARTS,1.1364,1006 (NEW),13199 (NEW),2020,HISTORY OF SRI LANKA & INDIA,B,COMMUNICATION & MEDIA STUDIES,B,DANCING(INDIGENOUS),A,036,C,new,22,December,2001,female
126675,-,-,-,-,2020,GEOGRAPHY,F,HISTORY OF SRI LANKA & INDIA,F,BUDDHIST CIVILIZATION,F,040,Absent,new,23,November,2001,male
74780,ARTS,.0412,2756 (NEW),51553 (NEW),2020,POLITICAL SCIENCE,C,HISTORY OF SRI LANKA & INDIA,S,BUDDHIST CIVILIZATION,C,020,Absent,new,30,October,2000,male
336178,-,-,-,-,2020,ECONOMICS,F,BUSINESS STUDIES,Absent,ACCOUNTING,Absent,Absent,Absent,old,13,November,1997,female
308727,BIOLOGICAL SCIENCE,-.0665,237 (OLD),4487 (OLD),2020,PHYSICS,S,CHEMISTRY,S,BIOLOGY,C,052,Absent,old,25,December,1999,male
199344,-,-,-,-,2020,INFORMATION & COMMUNICATION TECHNOLOGY,F,ENGLISH,F,FRENCH,S,042,B,new,15,June,2001,female
51259,ARTS,.9814,1377 (NEW),17651 (NEW),2020,GEOGRAPHY,B,POLITICAL SCIENCE,B,LOGIC & SCIENTIFIC METHOD,C,Absent,B,new,13,September,2000,male
207651,-,-.6146,-,-,2020,PHYSICS,S,CHEMISTRY,S,BIOLOGY,F,040,F,new,29,April,2000,male
323029,ARTS,1.4542,30 (OLD),296 (OLD),2020,POLITICAL SCIENCE,A,HISTORY OF INDIA,A,ART,A,050,S,old,6,June,1999,female
254733,ARTS,1.0801,677 (NEW),14736 (NEW),2020,GEOGRAPHY,C,HISTORY OF SRI LANKA & INDIA,A,SINHALA,B,034,S,new,15,March,2001,female
332680,BIOLOGICAL SCIENCE,1.8975,7 (OLD),211 (OLD),2020,PHYSICS,A,CHEMISTRY,A,BIOLOGY,A,077,B,old,9,June,1999,male
173774,PHYSICAL SCIENCE,.4831,271 (NEW),11082 (NEW),2020,PHYSICS,C,CHEMISTRY,C,COMBINED MATHEMATICS,S,058,C,new,23,April,2001,male
42216,ARTS,-.3835,5118 (NEW),65709 (NEW),2020,POLITICAL SCIENCE,S,LOGIC & SCIENTIFIC METHOD,S,COMMUNICATION & MEDIA STUDIES,S,042,F,new,27,September,2001,male
162705,ARTS,.6469,3152 (NEW),28660 (NEW),2020,AGRICULTURAL SCIENCE,S,BUDDHIST CIVILIZATION,B,SINHALA,B,044,S,new,20,December,1998,female
318326,ARTS,-.2260,151 (OLD),4880 (OLD),2020,HISTORY OF EUROPE,S,DANCING(INDIGENOUS),C,SINHALA,C,Absent,F,old,10,November,1999,female
324271,-,-,-,-,2020,PHYSICS,Absent,CHEMISTRY,Absent,BIOLOGY,Absent,Absent,Absent,old,6,February,1999,male
129209,-,-,-,-,2020,GEOGRAPHY,Absent,COMMUNICATION & MEDIA STUDIES,Absent,BUDDHIST CIVILIZATION,Absent,Absent,Absent,new,11,November,2000,male
17721,-,-,-,-,2020,ECONOMICS,F,BUSINESS STUDIES,S,ACCOUNTING,F,044,F,new,30,March,2001,female
111882,-,-,-,-,2020,INFORMATION & COMMUNICATION TECHNOLOGY,F,ENGINEERING TECHNOLOGY,F,SCIENCE FOR TECHNOLOGY,S,054,C,new,25,March,2001,male
148185,-,-,-,-,2020,PHYSICS,F,CHEMISTRY,F,BIOLOGY,F,040,C,new,22,February,2001,male
279284,-,-,-,-,2020,PHYSICS,F,CHEMISTRY,F,BIOLOGY,F,028,C,new,14,September,2000,female
287673,ARTS,1.4768,102 (NEW),5516 (NEW),2020,POLITICAL SCIENCE,A,BUDDHIST CIVILIZATION,A,SINHALA,B,040,C,new,14,March,2000,female
228070,ARTS,.5473,2039 (NEW),32333 (NEW),2020,POLITICAL SCIENCE,B,ORIENTAL MUSIC,C,SINHALA,C,042,F,new,5,April,2000,female
299598,BIOLOGICAL SCIENCE,-.2386,812 (NEW),19684 (NEW),2020,PHYSICS,S,CHEMISTRY,S,BIOLOGY,S,058,C,new,24,October,2000,male
258083,-,-.5605,-,-,2020,PHYSICS,S,CHEMISTRY,F,BIOLOGY,S,048,A,new,17,November,2001,female
298398,BIOLOGICAL SCIENCE,1.8874,67 (NEW),1330 (NEW),2020,PHYSICS,B,CHEMISTRY,A,BIOLOGY,A,058,A,new,21,December,2001,female
288575,ARTS,-.2330,1480 (NEW),61325 (NEW),2020,GEOGRAPHY,S,COMMUNICATION & MEDIA STUDIES,S,ISLAM,C,032,F,new,25,March,2000,female
130806,-,-.2091,-,-,2020,AGRICULTURAL SCIENCE,F,POLITICAL SCIENCE,C,HISTORY OF SRI LANKA & INDIA,C,032,F,new,11,February,2001,female
86819,COMMERCE,.2543,1531 (NEW),23412 (NEW),2020,ECONOMICS,C,BUSINESS STUDIES,C,ACCOUNTING,S,048,S,new,18,June,2001,female
17380,COMMERCE,1.3489,1276 (NEW),5530 (NEW),2020,ECONOMICS,A,BUSINESS STUDIES,B,ACCOUNTING,A,048,A,new,8,June,2001,male
63729,COMMERCE,.8838,886 (NEW),12240 (NEW),2020,ECONOMICS,C,BUSINESS STUDIES,B,ACCOUNTING,B,Absent,Absent,new,2,November,2000,female
103437,-,-,-,-,2020,GEOGRAPHY,F,DANCING(INDIGENOUS),F,DRAMA AND THEATRE (SINHALA),Absent,022,F,new,6,February,2001,male
159535,-,-,-,-,2020,AGRICULTURAL SCIENCE,F,GEOGRAPHY,F,HISTORY OF SRI LANKA & INDIA,F,030,F,new,28,February,2001,male
64128,ARTS,-.4205,3459 (NEW),66605 (NEW),2020,COMMUNICATION & MEDIA STUDIES,S,DRAMA AND THEATRE (SINHALA),S,SINHALA,S,040,F,new,22,September,2000,male
163840,ENGINEERING TECHNOLOGY,.0944,763 (NEW),8043 (NEW),2020,INFORMATION & COMMUNICATION TECHNOLOGY,C,ENGINEERING TECHNOLOGY,S,SCIENCE FOR TECHNOLOGY,S,062,S,new,29,December,2001,male
191509,ARTS,.0235,2751 (NEW),52213 (NEW),2020,AGRICULTURAL SCIENCE,C,COMMUNICATION & MEDIA STUDIES,S,ART,C,040,F,new,31,March,2001,male
939,-,-,-,-,2020,ECONOMICS,F,BUSINESS STUDIES,F,ACCOUNTING,F,050,F,new,19,March,2001,male
169853,-,-,-,-,2020,POLITICAL SCIENCE,Absent,ISLAMIC CIVILIZATION,Absent,TAMIL,Absent,Absent,Absent,new,4,December,2000,female
99069,-,-,-,-,2020,PHYSICS,F,CHEMISTRY,F,BIOLOGY,S,046,C,new,12,February,2001,male
290456,ARTS,1.3664,44 (NEW),7629 (NEW),2020,GEOGRAPHY,B,HINDU CIVILIZATION,A,TAMIL,A,054,F,new,20,October,2001,female
119361,-,-,-,-,2020,GEOGRAPHY,Absent,POLITICAL SCIENCE,Absent,SINHALA,Absent,Absent,Absent,new,1,March,2000,female
102007,BIOSYSTEMS TECHNOLOGY,-.3939,316 (NEW),7099 (NEW),2020,AGRICULTURAL SCIENCE,S,BIO SYSTEMS TECHNOLOGY,S,SCIENCE FOR TECHNOLOGY,S,Absent,F,new,17,May,2000,female
162556,ARTS,1.2680,1057 (NEW),9888 (NEW),2020,ECONOMICS,A,GEOGRAPHY,B,LOGIC & SCIENTIFIC METHOD,B,036,C,new,17,February,2001,female
133873,ENGINEERING TECHNOLOGY,.9968,199 (NEW),2668 (NEW),2020,INFORMATION & COMMUNICATION TECHNOLOGY,S,ENGINEERING TECHNOLOGY,C,SCIENCE FOR TECHNOLOGY,B,044,F,new,20,October,2001,male
61183,ARTS,1.6680,184 (NEW),2851 (NEW),2020,POLITICAL SCIENCE,A,BUDDHIST CIVILIZATION,A,SINHALA,A,040,C,new,3,December,1992,male
290441,ARTS,.9797,122 (NEW),17702 (NEW),2020,GEOGRAPHY,C,HINDU CIVILIZATION,A,TAMIL,B,026,F,new,10,October,2000,female
240622,-,-.5925,-,-,2020,PHYSICS,F,CHEMISTRY,S,BIOLOGY,S,040,S,new,22,March,2000,female
142192,-,-,-,-,2020,PHYSICS,Absent,CHEMISTRY,Absent,COMBINED MATHEMATICS,Absent,Absent,Absent,new,30,October,2000,male
190517,BIOSYSTEMS TECHNOLOGY,.8446,130 (NEW),2187 (NEW),2020,AGRICULTURAL SCIENCE,C,BIO SYSTEMS TECHNOLOGY,C,SCIENCE FOR TECHNOLOGY,C,056,Absent,new,14,July,2000,male
39378,BIOLOGICAL SCIENCE,.2185,1261 (NEW),14220 (NEW),2020,PHYSICS,S,CHEMISTRY,C,BIOLOGY,S,058,C,new,13,June,2001,female
140414,-,-,-,-,2020,GEOGRAPHY,Absent,ART,Absent,SINHALA,Absent,Absent,Absent,new,14,April,2000,male
199760,-,-,-,-,2020,PHYSICS,F,CHEMISTRY,F,BIOLOGY,F,030,S,new,14,April,2000,female
8690,PHYSICAL SCIENCE,-.4751,3478 (NEW),20803 (NEW),2020,PHYSICS,S,CHEMISTRY,S,COMBINED MATHEMATICS,S,Absent,Absent,new,28,April,2000,male
101535,ARTS,1.2232,565 (NEW),10939 (NEW),2020,POLITICAL SCIENCE,B,ART,A,SINHALA,B,044,F,new,1,September,2001,female
5394,ARTS,-.0219,3528 (NEW),53940 (NEW),2020,BUDDHISM,C,PALI,S,SANSKRIT,S,030,F,new,12,November,1995,male
169122,COMMERCE,-.3900,2407 (NEW),35979 (NEW),2020,ECONOMICS,C,BUSINESS STUDIES,S,ACCOUNTING,S,Absent,A,new,30,March,2000,male
336627,ARTS,1.0193,14 (OLD),1211 (OLD),2020,POLITICAL SCIENCE,C,LOGIC & SCIENTIFIC METHOD,C,HINDU CIVILIZATION,B,045,F,old,16,February,1999,female
286598,ARTS,-.3497,1574 (NEW),64869 (NEW),2020,GEOGRAPHY,S,POLITICAL SCIENCE,S,ISLAM,S,034,F,new,24,May,2001,female
41805,COMMERCE,.4178,2369 (NEW),20294 (NEW),2020,ECONOMICS,S,BUSINESS STUDIES,C,ACCOUNTING,A,042,C,new,19,December,2000,male
289388,-,-,-,-,2020,POLITICAL SCIENCE,F,COMMUNICATION & MEDIA STUDIES,F,SINHALA,F,036,F,new,24,March,2000,female
16195,COMMERCE,2.1417,81 (NEW),189 (NEW),2020,ECONOMICS,A,BUSINESS STUDIES,A,ACCOUNTING,A,044,A,new,29,August,2001,female
62971,BIOSYSTEMS TECHNOLOGY,.5907,139 (NEW),3073 (NEW),2020,AGRICULTURAL SCIENCE,C,BIO SYSTEMS TECHNOLOGY,C,SCIENCE FOR TECHNOLOGY,S,048,F,new,5,May,2001,female
230581,BIOSYSTEMS TECHNOLOGY,1.3412,60 (NEW),904 (NEW),2020,INFORMATION & COMMUNICATION TECHNOLOGY,C,BIO SYSTEMS TECHNOLOGY,B,SCIENCE FOR TECHNOLOGY,B,040,S,new,14,June,2001,female
259109,PHYSICAL SCIENCE,-.1820,247 (NEW),18688 (NEW),2020,PHYSICS,S,CHEMISTRY,S,COMBINED MATHEMATICS,S,062,F,new,6,October,2001,male
319937,-,-1.0694,-,-,2020,AGRICULTURAL SCIENCE,F,GEOGRAPHY,S,HISTORY OF INDIA,S,037,C,old,23,April,1999,female
331928,BIOLOGICAL SCIENCE,-.1796,359 (OLD),4793 (OLD),2020,PHYSICS,S,CHEMISTRY,S,BIOLOGY,S,068,B,old,25,February,1999,male
280532,ARTS,-.1552,1527 (NEW),58706 (NEW),2020,HOME ECONOMICS,S,ART,C,TAMIL,C,046,F,new,6,December,2001,female
267003,ARTS,.1401,1702 (NEW),47837 (NEW),2020,GEOGRAPHY,S,DRAMA AND THEATRE (SINHALA),C,SINHALA,B,036,F,new,2,January,2002,female
97729,ENGINEERING TECHNOLOGY,1.4641,126 (NEW),1240 (NEW),2020,INFORMATION & COMMUNICATION TECHNOLOGY,C,ENGINEERING TECHNOLOGY,B,SCIENCE FOR TECHNOLOGY,B,044,S,new,25,October,2001,male
116606,BIOLOGICAL SCIENCE,.7134,301 (NEW),8738 (NEW),2020,PHYSICS,C,CHEMISTRY,S,BIOLOGY,B,066,C,new,13,October,2001,female
122802,-,-,-,-,2020,ECONOMICS,Absent,BUSINESS STUDIES,Absent,ACCOUNTING,Absent,Absent,Absent,new,3,January,2001,female
191242,ARTS,-.0712,2926 (NEW),55758 (NEW),2020,AGRICULTURAL SCIENCE,S,GEOGRAPHY,C,HISTORY OF SRI LANKA & EUROPE,C,034,F,new,1,April,2000,female
82603,-,-.1598,-,-,2020,ECONOMICS,F,GEOGRAPHY,S,ISLAM,B,Absent,F,new,7,August,2000,male
202718,-,-.9716,-,-,2020,COMMUNICATION & MEDIA STUDIES,S,CHINESE,S,JAPANESE,F,034,S,new,18,September,2000,female
120548,COMMERCE,1.8977,41 (NEW),858 (NEW),2020,INFORMATION & COMMUNICATION TECHNOLOGY,B,ECONOMICS,A,ACCOUNTING,A,052,S,new,22,December,2001,female
221219,PHYSICAL SCIENCE,1.2426,293 (NEW),4596 (NEW),2020,PHYSICS,C,CHEMISTRY,B,COMBINED MATHEMATICS,B,066,B,new,16,March,2001,male
166262,ARTS,.2865,4620 (NEW),42212 (NEW),2020,POLITICAL SCIENCE,S,HISTORY OF SRI LANKA & INDIA,B,SINHALA,C,054,F,new,8,January,2002,male
153905,-,-,-,-,2020,PHYSICS,F,CHEMISTRY,F,BIOLOGY,F,Absent,A,new,18,April,2000,female
124479,-,-.8722,-,-,2020,AGRICULTURAL SCIENCE,F,GEOGRAPHY,S,BUDDHIST CIVILIZATION,S,042,F,new,8,August,2001,female
253330,ARTS,.5636,1488 (NEW),31708 (NEW),2020,HISTORY OF SRI LANKA & INDIA,B,COMMUNICATION & MEDIA STUDIES,C,SINHALA,C,032,F,new,9,February,1998,female
254414,ARTS,1.0513,710 (NEW),15549 (NEW),2020,POLITICAL SCIENCE,B,LOGIC & SCIENTIFIC METHOD,C,TAMIL,B,046,S,new,22,August,2001,female
230456,-,-,-,-,2020,INFORMATION & COMMUNICATION TECHNOLOGY,S,ENGINEERING TECHNOLOGY,F,SCIENCE FOR TECHNOLOGY,F,052,S,new,1,May,2000,female
185580,-,-.5003,-,-,2020,PHYSICS,F,CHEMISTRY,S,BIOLOGY,S,068,C,new,21,February,2001,female
301848,ARTS,-.1059,1606 (NEW),57022 (NEW),2020,HOME ECONOMICS,C,HINDU CIVILIZATION,C,TAMIL,C,048,F,new,26,June,2000,female
13262,BIOLOGICAL SCIENCE,1.3484,806 (NEW),3803 (NEW),2020,PHYSICS,C,CHEMISTRY,B,BIOLOGY,A,068,A,new,14,April,2001,female
299057,COMMERCE,1.1848,97 (NEW),7678 (NEW),2020,ECONOMICS,A,BUSINESS STUDIES,B,ACCOUNTING,C,058,S,new,3,August,2001,female
39976,COMMERCE,.0666,3228 (NEW),27063 (NEW),2020,ECONOMICS,C,BUSINESS STUDIES,C,ACCOUNTING,S,040,S,new,2,September,2001,female
149321,BIOLOGICAL SCIENCE,1.7276,119 (NEW),1892 (NEW),2020,PHYSICS,B,CHEMISTRY,A,BIOLOGY,C,Absent,Absent,new,26,July,2000,male
44351,-,-,-,-,2020,PHYSICS,F,CHEMISTRY,F,COMBINED MATHEMATICS,F,040,S,new,24,May,2000,female
176000,NON,1.3654,-,-,2020,BUDDHIST CIVILIZATION,A,ART,C,SINHALA,A,034,S,new,13,December,2001,female
303009,ENGINEERING TECHNOLOGY,-.2496,178 (NEW),10710 (NEW),2020,INFORMATION & COMMUNICATION TECHNOLOGY,S,ENGINEERING TECHNOLOGY,S,SCIENCE FOR TECHNOLOGY,S,032,F,new,25,March,2000,male
249977,-,-.5537,-,-,2020,ECONOMICS,S,GEOGRAPHY,S,POLITICAL SCIENCE,F,032,F,new,20,June,2000,female
138254,COMMERCE,-.3615,1362 (NEW),35498 (NEW),2020,ECONOMICS,S,BUSINESS STUDIES,S,ACCOUNTING,S,044,F,new,2,February,2001,male
243204,ARTS,.9095,432 (NEW),19804 (NEW),2020,GEOGRAPHY,C,BUDDHIST CIVILIZATION,B,SINHALA,B,040,F,new,31,August,2001,female
255755,-,-,-,-,2020,ECONOMICS,F,BUSINESS STUDIES,Absent,ACCOUNTING,Absent,Absent,Absent,new,13,May,2000,male
228649,-,-.4255,-,-,2020,PHYSICS,S,CHEMISTRY,F,COMBINED MATHEMATICS,S,054,B,new,9,August,2001,female
284652,ARTS,.7256,548 (NEW),25942 (NEW),2020,LOGIC & SCIENTIFIC METHOD,S,HINDU CIVILIZATION,A,TAMIL,B,044,S,new,10,November,2000,female
23923,ARTS,.7155,1799 (NEW),26287 (NEW),2020,INFORMATION & COMMUNICATION TECHNOLOGY,C,ENGLISH,S,FRENCH,B,054,A,new,30,January,2002,female
37767,PHYSICAL SCIENCE,1.1307,487 (NEW),5374 (NEW),2020,PHYSICS,C,CHEMISTRY,B,COMBINED MATHEMATICS,B,062,A,new,3,May,2000,female
65016,COMMERCE,-.7105,2609 (NEW),39699 (NEW),2020,ECONOMICS,S,BUSINESS STUDIES,S,ACCOUNTING,S,038,S,new,20,August,2001,female
171240,ARTS,-.4909,7134 (NEW),68172 (NEW),2020,GEOGRAPHY,S,POLITICAL SCIENCE,S,LOGIC & SCIENTIFIC METHOD,S,044,C,new,6,October,1993,male
212239,ARTS,.1966,3004 (NEW),45692 (NEW),2020,GEOGRAPHY,C,BUDDHIST CIVILIZATION,S,SINHALA,C,066,S,new,31,August,2001,male
329586,-,-,-,-,2020,INFORMATION & COMMUNICATION TECHNOLOGY,Absent,ENGINEERING TECHNOLOGY,Absent,SCIENCE FOR TECHNOLOGY,S,Absent,Absent,old,19,August,1999,female
305420,ARTS,1.0789,383 (NEW),14775 (NEW),2020,GEOGRAPHY,C,HINDU CIVILIZATION,A,TAMIL,A,036,F,new,30,July,2000,male
2231,BIOLOGICAL SCIENCE,1.9621,285 (NEW),1075 (NEW),2020,PHYSICS,A,CHEMISTRY,A,BIOLOGY,B,064,A,new,27,July,2001,female
154367,ENGINEERING TECHNOLOGY,.9805,221 (NEW),2729 (NEW),2020,INFORMATION & COMMUNICATION TECHNOLOGY,C,ENGINEERING TECHNOLOGY,C,SCIENCE FOR TECHNOLOGY,C,056,A,new,19,October,2001,male
321293,-,-,-,-,2020,ECONOMICS,Absent,BUSINESS STUDIES,Absent,ACCOUNTING,Absent,Absent,Absent,old,28,February,1999,female
52988,-,-,-,-,2020,HISTORY OF SRI LANKA & EUROPE,Absent,DANCING(BHARATHA),Absent,TAMIL,Absent,044,Absent,new,18,June,2000,female
273697,ARTS,-.1648,2134 (NEW),59047 (NEW),2020,COMMUNICATION & MEDIA STUDIES,S,ISLAM,B,ARABIC,C,034,F,new,13,August,1997,male
180454,ARTS,-.0506,1864 (NEW),54965 (NEW),2020,GEOGRAPHY,S,CHRISTIANITY,B,TAMIL,C,034,F,new,2,August,2000,female
170723,BIOSYSTEMS TECHNOLOGY,1.2060,113 (NEW),1187 (NEW),2020,AGRICULTURAL SCIENCE,B,BIO SYSTEMS TECHNOLOGY,C,SCIENCE FOR TECHNOLOGY,C,044,S,new,1,January,2002,female
240915,-,-,-,-,2020,PHYSICS,F,COMBINED MATHEMATICS,F,INFORMATION & COMMUNICATION TECHNOLOGY,F,040,F,new,24,July,2000,male
206045,-,-,-,-,2020,HINDU CIVILIZATION,Absent,CARNATIC MUSIC,Absent,TAMIL,Absent,Absent,Absent,new,6,October,2000,female
299880,PHYSICAL SCIENCE,1.8627,64 (NEW),1429 (NEW),2020,PHYSICS,B,CHEMISTRY,A,COMBINED MATHEMATICS,A,062,S,new,6,September,2001,female
205996,-,-,-,-,2020,INFORMATION & COMMUNICATION TECHNOLOGY,F,COMMUNICATION & MEDIA STUDIES,F,DRAMA AND THEATRE (SINHALA),C,046,F,new,16,May,2001,female
197289,ARTS,.0438,1103 (NEW),51453 (NEW),2020,GEOGRAPHY,S,BUDDHIST CIVILIZATION,S,SINHALA,C,042,F,new,7,July,2001,female
30990,PHYSICAL SCIENCE,.4493,2151 (NEW),11440 (NEW),2020,PHYSICS,S,CHEMISTRY,C,COMBINED MATHEMATICS,C,070,C,new,18,January,2002,male
194554,ARTS,-.3807,3435 (NEW),65653 (NEW),2020,GEOGRAPHY,S,ISLAM,C,ARABIC,C,028,F,new,21,March,2000,female
229074,ARTS,.3664,2504 (NEW),39149 (NEW),2020,BUDDHISM,S,PALI,C,SANSKRIT,C,032,Absent,new,5,April,1998,male
172396,ARTS,.9706,1939 (NEW),17967 (NEW),2020,LOGIC & SCIENTIFIC METHOD,B,ENGLISH,C,FRENCH,C,046,A,new,3,May,2001,female
132716,-,-,-,-,2020,ECONOMICS,F,BUSINESS STUDIES,F,ACCOUNTING,F,030,F,new,12,July,2001,male
277162,-,.2696,-,-,2020,INFORMATION & COMMUNICATION TECHNOLOGY,F,GEOGRAPHY,C,TAMIL,B,054,F,new,1,June,2000,female
81352,ARTS,.3870,2254 (NEW),38385 (NEW),2020,ECONOMICS,C,GEOGRAPHY,S,SINHALA,B,Absent,F,new,12,January,2001,female
172951,-,-.7543,-,-,2020,INFORMATION & COMMUNICATION TECHNOLOGY,S,HISTORY OF SRI LANKA & INDIA,F,ART,S,032,F,new,6,January,2002,male
64537,PHYSICAL SCIENCE,.1586,921 (NEW),14744 (NEW),2020,PHYSICS,C,CHEMISTRY,S,COMBINED MATHEMATICS,S,052,Absent,new,10,January,2001,male
185157,-,-.7997,-,-,2020,ECONOMICS,F,COMMUNICATION & MEDIA STUDIES,S,SINHALA,C,042,F,new,12,February,2000,female
294973,ARTS,1.6970,15 (NEW),2497 (NEW),2020,GEOGRAPHY,A,HINDU CIVILIZATION,A,TAMIL,A,024,F,new,27,September,2001,female
80182,BIOSYSTEMS TECHNOLOGY,.8429,86 (NEW),2193 (NEW),2020,AGRICULTURAL SCIENCE,S,BIO SYSTEMS TECHNOLOGY,C,SCIENCE FOR TECHNOLOGY,C,Absent,F,new,30,December,1999,male
215399,-,-,-,-,2020,GEOGRAPHY,Absent,DANCING(INDIGENOUS),Absent,SINHALA,Absent,Absent,Absent,new,23,November,2000,female
300148,BIOLOGICAL SCIENCE,.2499,605 (NEW),13850 (NEW),2020,PHYSICS,S,CHEMISTRY,C,BIOLOGY,C,058,S,new,11,October,2000,female
244195,ARTS,1.5091,207 (NEW),4944 (NEW),2020,GEOGRAPHY,A,DANCING(INDIGENOUS),A,DRAMA AND THEATRE (SINHALA),B,044,S,new,26,March,2001,female
247645,-,-,-,-,2020,POLITICAL SCIENCE,F,HINDU CIVILIZATION,S,TAMIL,F,036,F,new,17,June,2001,female
258564,PHYSICAL SCIENCE,.2480,170 (NEW),13692 (NEW),2020,PHYSICS,S,CHEMISTRY,S,COMBINED MATHEMATICS,C,052,S,new,7,December,2001,female
231949,COMMERCE,.7598,906 (NEW),14328 (NEW),2020,ECONOMICS,B,BUSINESS STUDIES,C,ACCOUNTING,C,052,C,new,20,March,2001,female
218191,ARTS,1.4206,398 (NEW),6545 (NEW),2020,GEOGRAPHY,A,DRAMA AND THEATRE (SINHALA),B,SINHALA,A,042,F,new,18,August,2001,female
138756,BIOLOGICAL SCIENCE,1.7467,68 (NEW),1824 (NEW),2020,PHYSICS,B,CHEMISTRY,A,BIOLOGY,A,076,A,new,28,September,2001,female
117328,ARTS,-.1901,1760 (NEW),59928 (NEW),2020,GEOGRAPHY,C,POLITICAL SCIENCE,S,SINHALA,C,032,F,new,11,September,2001,female
80618,-,-,-,-,2020,GEOGRAPHY,F,HINDU CIVILIZATION,S,TAMIL,F,024,F,new,8,September,1999,male
188075,-,-,-,-,2020,COMMUNICATION & MEDIA STUDIES,Absent,DANCING(INDIGENOUS),Absent,SINHALA,Absent,Absent,Absent,new,2,December,2000,female
329557,-,-,-,-,2020,POLITICAL SCIENCE,Absent,COMMUNICATION & MEDIA STUDIES,Absent,SINHALA,Absent,Absent,Absent,old,15,May,1984,female
236053,ARTS,.7302,626 (NEW),25809 (NEW),2020,GEOGRAPHY,C,POLITICAL SCIENCE,C,TAMIL,C,040,F,new,11,December,2001,female
91009,COMMERCE,1.2300,532 (NEW),7063 (NEW),2020,ECONOMICS,A,BUSINESS STUDIES,B,ACCOUNTING,B,Absent,S,new,29,August,2000,female
27101,ARTS,-.0391,3568 (NEW),54541 (NEW),2020,GEOGRAPHY,C,POLITICAL SCIENCE,C,COMMUNICATION & MEDIA STUDIES,S,030,S,new,21,April,2001,female
161836,ARTS,.2891,4609 (NEW),42113 (NEW),2020,POLITICAL SCIENCE,C,BUDDHIST CIVILIZATION,C,SINHALA,C,032,F,new,21,December,2001,female
315043,PHYSICAL SCIENCE,-.2236,38 (OLD),1499 (OLD),2020,PHYSICS,S,CHEMISTRY,S,COMBINED MATHEMATICS,S,055,Absent,old,30,March,1999,male
240237,BIOSYSTEMS TECHNOLOGY,1.6894,9 (NEW),441 (NEW),2020,AGRICULTURAL SCIENCE,A,BIO SYSTEMS TECHNOLOGY,B,SCIENCE FOR TECHNOLOGY,C,040,S,new,11,August,2001,male
84287,COMMERCE,1.2532,503 (NEW),6726 (NEW),2020,ECONOMICS,B,BUSINESS STUDIES,A,ACCOUNTING,A,040,F,new,21,June,2001,female
309543,-,-,-,-,2020,POLITICAL SCIENCE,Absent,ISLAM,Absent,ARABIC,Absent,Absent,Absent,old,6,March,1999,male
61270,PHYSICAL SCIENCE,.5122,688 (NEW),10758 (NEW),2020,PHYSICS,C,CHEMISTRY,C,COMBINED MATHEMATICS,S,058,B,new,15,March,2001,female
42451,BIOLOGICAL SCIENCE,-.1995,1676 (NEW),19262 (NEW),2020,PHYSICS,S,CHEMISTRY,S,BIOLOGY,C,052,B,new,20,March,2000,female
41326,ARTS,-.1111,4419 (NEW),57207 (NEW),2020,LOGIC & SCIENTIFIC METHOD,S,COMMUNICATION & MEDIA STUDIES,S,SINHALA,C,054,F,new,16,May,2001,male
19904,COMMERCE,.8574,2504 (NEW),12669 (NEW),2020,ECONOMICS,C,BUSINESS STUDIES,C,ACCOUNTING,B,048,A,new,3,October,2001,female
85434,COMMERCE,1.2538,501 (NEW),6712 (NEW),2020,ECONOMICS,A,BUSINESS STUDIES,B,ACCOUNTING,B,038,F,new,18,May,2001,female
263514,-,-,-,-,2020,ECONOMICS,F,BUSINESS STUDIES,F,ACCOUNTING,F,046,F,new,1,December,2001,male
219094,-,-,-,-,2020,GEOGRAPHY,Absent,BUDDHIST CIVILIZATION,Absent,SINHALA,Absent,Absent,Absent,new,1,December,2000,male
136115,-,-.7489,-,-,2020,INFORMATION & COMMUNICATION TECHNOLOGY,S,BUSINESS STUDIES,F,ACCOUNTING,S,052,A,new,26,October,2001,male
276931,ARTS,.4642,817 (NEW),35447 (NEW),2020,POLITICAL SCIENCE,C,DRAMA AND THEATRE (TAMIL),C,TAMIL,C,036,F,new,28,August,2001,female
170413,-,-,-,-,2020,PHYSICS,F,COMBINED MATHEMATICS,F,INFORMATION & COMMUNICATION TECHNOLOGY,F,058,F,new,28,February,2001,male
45939,-,-,-,-,2020,HISTORY OF SRI LANKA & MODERN WORLD,Absent,BUDDHISM,Absent,ENGLISH,Absent,Absent,Absent,new,17,December,1995,female
198827,-,-,-,-,2020,POLITICAL SCIENCE,F,ISLAMIC CIVILIZATION,F,TAMIL,S,030,F,new,20,August,2000,female
253604,COMMERCE,-.2110,1198 (NEW),32707 (NEW),2020,ECONOMICS,S,BUSINESS STUDIES,C,ACCOUNTING,S,036,F,new,30,January,2002,female
267887,-,-,-,-,2020,PHYSICS,F,CHEMISTRY,S,COMBINED MATHEMATICS,F,048,C,new,31,January,2002,male
182053,ARTS,.1160,1642 (NEW),48769 (NEW),2020,GEOGRAPHY,C,ISLAMIC CIVILIZATION,C,TAMIL,S,022,F,new,26,January,2002,female
267949,-,-.4211,-,-,2020,PHYSICS,S,CHEMISTRY,F,COMBINED MATHEMATICS,S,032,S,new,11,February,2001,male
195107,-,-,-,-,2020,HISTORY OF SRI LANKA & INDIA,S,BUDDHIST CIVILIZATION,F,SINHALA,F,032,F,new,21,June,2001,female
232477,PHYSICAL SCIENCE,-.2652,1195 (NEW),19504 (NEW),2020,PHYSICS,S,CHEMISTRY,S,COMBINED MATHEMATICS,S,046,F,new,19,April,2001,male
227407,-,-.6193,-,-,2020,GEOGRAPHY,F,ART,C,SINHALA,C,034,F,new,7,July,2000,female
15934,BIOLOGICAL SCIENCE,.6501,1628 (NEW),9370 (NEW),2020,PHYSICS,S,CHEMISTRY,B,BIOLOGY,C,Absent,A,new,4,April,2000,female
62101,ARTS,1.6003,235 (NEW),3663 (NEW),2020,INFORMATION & COMMUNICATION TECHNOLOGY,C,GEOGRAPHY,A,LOGIC & SCIENTIFIC METHOD,B,044,C,new,6,September,2001,female
168820,BIOLOGICAL SCIENCE,.3126,1019 (NEW),13099 (NEW),2020,PHYSICS,S,CHEMISTRY,C,BIOLOGY,C,046,B,new,9,August,2001,male
193294,ENGINEERING TECHNOLOGY,-.0474,453 (NEW),9218 (NEW),2020,INFORMATION & COMMUNICATION TECHNOLOGY,S,ENGINEERING TECHNOLOGY,S,SCIENCE FOR TECHNOLOGY,C,032,S,new,30,January,2000,male
128026,ARTS,1.3680,563 (NEW),7597 (NEW),2020,GEOGRAPHY,A,POLITICAL SCIENCE,C,SINHALA,B,Absent,S,new,6,November,2000,female
238110,-,-,-,-,2020,PHYSICS,F,CHEMISTRY,F,BIOLOGY,F,046,B,new,16,May,2001,female
332795,-,-,-,-,2020,PHYSICS,Absent,CHEMISTRY,Absent,BIOLOGY,Absent,Absent,Absent,old,25,April,1994,female
215779,COMMERCE,-.0522,1994 (NEW),29409 (NEW),2020,ECONOMICS,C,BUSINESS STUDIES,C,ACCOUNTING,S,Absent,F,new,15,August,2000,female
133179,ARTS,.6473,1863 (NEW),28646 (NEW),2020,AGRICULTURAL SCIENCE,C,GEOGRAPHY,B,SINHALA,B,032,F,new,6,July,2000,male
138143,-,-.2556,-,-,2020,ECONOMICS,F,BUSINESS STUDIES,C,ACCOUNTING,S,058,C,new,10,May,2001,female
179750,ARTS,-.1432,1993 (NEW),58315 (NEW),2020,POLITICAL SCIENCE,S,BUDDHIST CIVILIZATION,C,SINHALA,C,024,F,new,7,July,2001,female
205757,COMMERCE,1.2687,125 (NEW),6515 (NEW),2020,INFORMATION & COMMUNICATION TECHNOLOGY,C,BUSINESS STUDIES,B,ACCOUNTING,A,042,S,new,30,August,2001,female
198614,PHYSICAL SCIENCE,1.1524,31 (NEW),5199 (NEW),2020,PHYSICS,C,CHEMISTRY,B,COMBINED MATHEMATICS,B,052,C,new,18,February,2000,female
277779,BIOSYSTEMS TECHNOLOGY,.7680,68 (NEW),2438 (NEW),2020,INFORMATION & COMMUNICATION TECHNOLOGY,C,BIO SYSTEMS TECHNOLOGY,C,SCIENCE FOR TECHNOLOGY,C,040,F,new,12,January,2001,female
134523,BIOSYSTEMS TECHNOLOGY,1.5528,38 (NEW),600 (NEW),2020,AGRICULTURAL SCIENCE,B,BIO SYSTEMS TECHNOLOGY,B,SCIENCE FOR TECHNOLOGY,B,034,C,new,17,June,2001,female
12463,-,-.4195,-,-,2020,PHYSICS,S,CHEMISTRY,F,BIOLOGY,S,052,A,new,13,August,2001,female
68726,-,-,-,-,2020,POLITICAL SCIENCE,Absent,HISTORY OF SRI LANKA & INDIA,Absent,SINHALA,F,036,F,new,26,February,2001,male
286185,-,-.7636,-,-,2020,ECONOMICS,S,BUSINESS STUDIES,F,ACCOUNTING,S,026,F,new,5,October,2001,female
151824,-,-.1754,-,-,2020,PHYSICS,S,COMBINED MATHEMATICS,F,INFORMATION & COMMUNICATION TECHNOLOGY,C,052,S,new,20,May,2000,male
280910,-,-,-,-,2020,INFORMATION & COMMUNICATION TECHNOLOGY,Absent,POLITICAL SCIENCE,Absent,TAMIL,Absent,Absent,Absent,new,5,May,1999,female
148034,-,-,-,-,2020,POLITICAL SCIENCE,Absent,COMMUNICATION & MEDIA STUDIES,Absent,SINHALA,Absent,Absent,Absent,new,27,March,2000,male
275574,-,-,-,-,2020,POLITICAL SCIENCE,F,DRAMA AND THEATRE (TAMIL),Absent,TAMIL,F,028,Absent,new,11,June,2001,female
49760,BIOLOGICAL SCIENCE,.0783,1390 (NEW),15975 (NEW),2020,PHYSICS,S,CHEMISTRY,S,BIOLOGY,C,058,B,new,15,September,2001,female
260033,-,-,-,-,2020,HOME ECONOMICS,Absent,COMMUNICATION & MEDIA STUDIES,F,SINHALA,S,032,F,new,18,September,2001,female
127554,-,-.0374,-,-,2020,INFORMATION & COMMUNICATION TECHNOLOGY,C,ENGINEERING TECHNOLOGY,F,SCIENCE FOR TECHNOLOGY,C,054,F,new,6,May,2001,male
333973,BIOLOGICAL SCIENCE,-.1952,23 (OLD),4853 (OLD),2020,PHYSICS,S,CHEMISTRY,S,BIOLOGY,S,045,A,old,19,November,1999,female
334433,BIOLOGICAL SCIENCE,-.2916,22 (OLD),5111 (OLD),2020,CHEMISTRY,S,AGRICULTURAL SCIENCE,C,BIOLOGY,S,060,S,old,8,January,2000,female
78423,PHYSICAL SCIENCE,1.8408,146 (NEW),1498 (NEW),2020,PHYSICS,B,CHEMISTRY,B,COMBINED MATHEMATICS,A,Absent,Absent,new,13,June,2000,female
165203,ENGINEERING TECHNOLOGY,.6027,418 (NEW),4580 (NEW),2020,MATHEMATICS,S,ENGINEERING TECHNOLOGY,S,SCIENCE FOR TECHNOLOGY,B,044,C,new,10,December,2001,male
228873,BIOSYSTEMS TECHNOLOGY,-.0643,493 (NEW),5871 (NEW),2020,AGRICULTURAL SCIENCE,S,BIO SYSTEMS TECHNOLOGY,S,SCIENCE FOR TECHNOLOGY,S,044,S,new,4,October,2001,female
85080,COMMERCE,-.0759,1878 (NEW),29908 (NEW),2020,ECONOMICS,S,BUSINESS STUDIES,C,ACCOUNTING,S,036,C,new,6,October,2001,female
331517,-,-,-,-,2020,POLITICAL SCIENCE,Absent,COMMUNICATION & MEDIA STUDIES,Absent,BUDDHIST CIVILIZATION,Absent,Absent,Absent,old,12,August,1993,male
29401,COMMERCE,.9429,2263 (NEW),11269 (NEW),2020,ECONOMICS,A,BUSINESS STUDIES,B,ACCOUNTING,C,042,C,new,18,April,2001,male
312605,-,-,-,-,2020,PHYSICS,Absent,CHEMISTRY,Absent,BIOLOGY,Absent,Absent,Absent,old,Invalid nic error,Invalid nic error,Invalid nic error,
57698,ARTS,-.2602,4815 (NEW),62164 (NEW),2020,COMMUNICATION & MEDIA STUDIES,S,BUDDHIST CIVILIZATION,S,SINHALA,C,038,F,new,25,November,1999,female
51187,-,-,-,-,2020,GEOGRAPHY,Absent,POLITICAL SCIENCE,Absent,LOGIC & SCIENTIFIC METHOD,Absent,Absent,Absent,new,8,March,2000,male
213188,ARTS,.2627,2817 (NEW),43152 (NEW),2020,POLITICAL SCIENCE,S,LOGIC & SCIENTIFIC METHOD,C,SINHALA,B,044,S,new,31,March,2002,female
129427,-,-.6769,-,-,2020,INFORMATION & COMMUNICATION TECHNOLOGY,F,ENGINEERING TECHNOLOGY,S,SCIENCE FOR TECHNOLOGY,S,050,S,new,3,May,2001,female
183559,PHYSICAL SCIENCE,.7551,225 (NEW),8478 (NEW),2020,PHYSICS,C,CHEMISTRY,C,COMBINED MATHEMATICS,C,070,B,new,1,June,2000,male
59728,-,-,-,-,2020,HISTORY OF SRI LANKA & INDIA,Absent,BUDDHIST CIVILIZATION,Absent,SINHALA,Absent,Absent,Absent,new,16,March,2002,male
46070,COMMERCE,-.5111,4523 (NEW),37795 (NEW),2020,ECONOMICS,S,BUSINESS STUDIES,C,ACCOUNTING,S,046,F,new,25,April,2001,female
98282,-,-.5087,-,-,2020,PHYSICS,S,CHEMISTRY,F,COMBINED MATHEMATICS,S,060,Absent,new,24,November,2000,male
17314,COMMERCE,.7680,2784 (NEW),14188 (NEW),2020,INFORMATION & COMMUNICATION TECHNOLOGY,S,BUSINESS STUDIES,B,ACCOUNTING,B,052,A,new,16,April,2001,male
311124,ARTS,.4357,132 (OLD),2898 (OLD),2020,AGRICULTURAL SCIENCE,S,CHRISTIAN CIVILIZATION,B,TAMIL,C,043,F,old,6,February,1999,female
12044,PHYSICAL SCIENCE,.8199,1560 (NEW),7873 (NEW),2020,PHYSICS,C,CHEMISTRY,C,COMBINED MATHEMATICS,C,Absent,Absent,new,28,July,2000,male
241658,BIOLOGICAL SCIENCE,.2879,260 (NEW),13405 (NEW),2020,PHYSICS,S,CHEMISTRY,S,BIOLOGY,C,068,S,new,13,July,2000,male
334446,-,-,-,-,2020,POLITICAL SCIENCE,Absent,ISLAM,Absent,ARABIC,Absent,Absent,Absent,old,26,June,1996,male
285971,COMMERCE,.0932,305 (NEW),26531 (NEW),2020,ECONOMICS,C,BUSINESS STUDIES,C,ACCOUNTING,S,022,C,new,27,April,2001,male
149880,-,-,-,-,2020,GEOGRAPHY,F,HISTORY OF SRI LANKA & INDIA,F,SINHALA,S,036,F,new,2,May,2000,male
254255,ARTS,-.2094,3000 (NEW),60536 (NEW),2020,GEOGRAPHY,S,POLITICAL SCIENCE,S,TAMIL,C,026,F,new,8,June,2000,female
247281,BIOLOGICAL SCIENCE,-.3459,723 (NEW),20608 (NEW),2020,PHYSICS,S,CHEMISTRY,S,BIOLOGY,S,038,S,new,18,July,2001,female
129586,-,-.7904,-,-,2020,ECONOMICS,S,BUSINESS STUDIES,S,ACCOUNTING,F,038,F,new,28,May,2001,female
310227,-,-,-,-,2020,COMMUNICATION & MEDIA STUDIES,Absent,ENGINEERING TECHNOLOGY,Absent,SCIENCE FOR TECHNOLOGY,Absent,Absent,Absent,old,19,April,1992,male
315730,-,-,-,-,2020,AGRICULTURAL SCIENCE,F,GEOGRAPHY,Absent,SINHALA,C,045,Absent,old,1,September,1999,female
208164,ARTS,.9736,428 (NEW),17875 (NEW),2020,COMMUNICATION & MEDIA STUDIES,B,DANCING(INDIGENOUS),B,DRAMA AND THEATRE (SINHALA),B,Absent,F,new,27,August,2000,female
150392,-,-,-,-,2020,ECONOMICS,Absent,BUSINESS STUDIES,Absent,ACCOUNTING,Absent,Absent,Absent,new,9,June,2000,female
116657,-,-,-,-,2020,PHYSICS,F,CHEMISTRY,F,COMBINED MATHEMATICS,S,060,S,new,4,February,2001,female
322198,-,-,-,-,2020,ECONOMICS,Absent,GEOGRAPHY,Absent,COMMUNICATION & MEDIA STUDIES,Absent,Absent,Absent,old,18,May,1983,male
308789,-,-,-,-,2020,COMMUNICATION & MEDIA STUDIES,Absent,BUDDHIST CIVILIZATION,Absent,SINHALA,Absent,Absent,Absent,old,23,June,1998,male
26106,-,-,-,-,2020,ECONOMICS,F,BUSINESS STUDIES,F,ACCOUNTING,F,040,F,new,28,September,2001,male
173811,-,-,-,-,2020,PHYSICS,S,CHEMISTRY,F,COMBINED MATHEMATICS,F,042,F,new,21,August,2001,male
223988,ARTS,1.2189,655 (NEW),11039 (NEW),2020,GEOGRAPHY,B,HOME ECONOMICS,B,TAMIL,B,028,S,new,14,February,2001,female
219319,-,-.0353,-,-,2020,GEOGRAPHY,F,POLITICAL SCIENCE,C,TAMIL,C,034,F,new,9,November,2001,female
224543,-,-,-,-,2020,MATHEMATICS,Absent,ENGINEERING TECHNOLOGY,Absent,SCIENCE FOR TECHNOLOGY,Absent,Absent,Absent,new,4,July,1999,female
31550,-,-,-,-,2020,PHYSICS,F,CHEMISTRY,F,COMBINED MATHEMATICS,S,Absent,C,new,3,April,2000,female
293392,ARTS,1.7466,21 (NEW),2016 (NEW),2020,GEOGRAPHY,B,HINDU CIVILIZATION,A,TAMIL,A,046,F,new,23,October,2001,female
169698,-,-,-,-,2020,AGRICULTURAL SCIENCE,F,BIO SYSTEMS TECHNOLOGY,F,SCIENCE FOR TECHNOLOGY,S,058,F,new,11,June,2001,female
267893,PHYSICAL SCIENCE,1.0213,128 (NEW),6185 (NEW),2020,PHYSICS,C,CHEMISTRY,C,COMBINED MATHEMATICS,B,056,B,new,3,February,2000,male
184296,COMMERCE,-.2360,1248 (NEW),33177 (NEW),2020,ECONOMICS,S,BUSINESS STUDIES,S,ACCOUNTING,S,050,F,new,29,November,2001,female
131018,ENGINEERING TECHNOLOGY,1.4789,91 (NEW),1202 (NEW),2020,INFORMATION & COMMUNICATION TECHNOLOGY,B,ENGINEERING TECHNOLOGY,C,SCIENCE FOR TECHNOLOGY,B,058,C,new,31,December,2001,male
16157,COMMERCE,.7301,2913 (NEW),14820 (NEW),2020,ECONOMICS,C,BUSINESS STUDIES,C,ACCOUNTING,A,066,A,new,20,June,2001,female
155377,PHYSICAL SCIENCE,-.3347,1572 (NEW),20082 (NEW),2020,PHYSICS,S,CHEMISTRY,S,COMBINED MATHEMATICS,S,Absent,S,new,29,May,2000,female
246465,-,-,-,-,2020,PHYSICS,F,CHEMISTRY,S,COMBINED MATHEMATICS,F,058,S,new,15,June,2001,male
113647,-,-,-,-,2020,POLITICAL SCIENCE,Absent,LOGIC & SCIENTIFIC METHOD,Absent,SINHALA,Absent,Absent,Absent,new,30,December,2000,female
326100,ARTS,1.2094,43 (OLD),716 (OLD),2020,HISTORY OF INDIA,A,BUDDHIST CIVILIZATION,A,SINHALA,B,040,F,old,4,November,1998,male
18400,-,-,-,-,2020,HISTORY OF SRI LANKA & INDIA,Absent,COMMUNICATION & MEDIA STUDIES,Absent,BUDDHISM,Absent,Absent,Absent,new,6,April,1987,female
78321,ARTS,1.2143,765 (NEW),11149 (NEW),2020,INFORMATION & COMMUNICATION TECHNOLOGY,C,GEOGRAPHY,A,COMMUNICATION & MEDIA STUDIES,B,054,C,new,21,September,2001,female
70457,COMMERCE,.4495,1371 (NEW),19674 (NEW),2020,ECONOMICS,C,BUSINESS STUDIES,C,ACCOUNTING,B,054,S,new,21,April,2001,female
282800,-,-.3383,-,-,2020,GEOGRAPHY,F,HISTORY OF SRI LANKA & EUROPE,S,HINDU CIVILIZATION,C,038,F,new,12,June,2001,male
99852,COMMERCE,.1995,1085 (NEW),24446 (NEW),2020,INFORMATION & COMMUNICATION TECHNOLOGY,C,BUSINESS STUDIES,S,ACCOUNTING,C,054,C,new,5,October,2001,female
208232,ARTS,1.1216,300 (NEW),13603 (NEW),2020,GEOGRAPHY,B,DANCING(INDIGENOUS),B,SINHALA,B,044,S,new,3,December,2000,female
58172,ARTS,-.7903,5695 (NEW),72187 (NEW),2020,HISTORY OF SRI LANKA & EUROPE,S,COMMUNICATION & MEDIA STUDIES,S,SINHALA,S,052,S,new,3,October,2001,male
275402,ARTS,.0717,1271 (NEW),50455 (NEW),2020,GEOGRAPHY,C,HINDU CIVILIZATION,C,TAMIL,C,038,F,new,6,March,2001,female
279920,-,-,-,-,2020,PHYSICS,F,CHEMISTRY,F,BIOLOGY,F,042,F,new,19,September,2001,male
214252,ARTS,1.6456,181 (NEW),3110 (NEW),2020,INFORMATION & COMMUNICATION TECHNOLOGY,B,ENGLISH,C,FRENCH,A,050,A,new,21,March,2002,female
272800,ARTS,.4768,1207 (NEW),34960 (NEW),2020,GEOGRAPHY,C,ISLAM,A,TAMIL,C,036,F,new,23,May,2001,female
151540,ARTS,.0960,5326 (NEW),49544 (NEW),2020,GEOGRAPHY,C,POLITICAL SCIENCE,C,LOGIC & SCIENTIFIC METHOD,S,052,S,new,26,July,2001,female
216869,COMMERCE,.7127,955 (NEW),15114 (NEW),2020,ECONOMICS,C,BUSINESS STUDIES,C,ACCOUNTING,B,052,C,new,9,October,2001,female
21025,ENGINEERING TECHNOLOGY,.4553,688 (NEW),5479 (NEW),2020,INFORMATION & COMMUNICATION TECHNOLOGY,C,ENGINEERING TECHNOLOGY,S,SCIENCE FOR TECHNOLOGY,C,040,B,new,17,August,2001,female
36656,COMMERCE,.6545,1827 (NEW),16066 (NEW),2020,ECONOMICS,C,BUSINESS STUDIES,B,ACCOUNTING,C,042,C,new,10,June,2001,female
235898,ARTS,.1871,1374 (NEW),46047 (NEW),2020,GEOGRAPHY,S,POLITICAL SCIENCE,C,TAMIL,C,038,S,new,9,June,2001,female
67006,PHYSICAL SCIENCE,.8121,472 (NEW),7935 (NEW),2020,PHYSICS,C,CHEMISTRY,C,COMBINED MATHEMATICS,C,072,S,new,31,August,2001,male
257101,ARTS,.8053,1089 (NEW),23273 (NEW),2020,POLITICAL SCIENCE,C,BUDDHIST CIVILIZATION,B,SINHALA,B,042,Absent,new,25,October,2000,female
36251,PHYSICAL SCIENCE,1.5398,236 (NEW),2815 (NEW),2020,PHYSICS,C,CHEMISTRY,A,COMBINED MATHEMATICS,A,074,A,new,10,March,2001,female
51937,COMMERCE,-.1720,3835 (NEW),31925 (NEW),2020,ECONOMICS,S,BUSINESS STUDIES,S,ACCOUNTING,C,Absent,C,new,16,August,1999,female
20768,ARTS,1.5437,446 (NEW),4380 (NEW),2020,ECONOMICS,B,POLITICAL SCIENCE,A,HISTORY OF SRI LANKA & INDIA,A,028,B,new,23,September,2000,female
212107,COMMERCE,.2316,1552 (NEW),23796 (NEW),2020,ECONOMICS,C,BUSINESS STUDIES,S,ACCOUNTING,B,064,C,new,21,August,2001,male
180969,-,-,-,-,2020,ECONOMICS,F,BUSINESS STUDIES,F,ACCOUNTING,F,052,F,new,10,August,2000,male
224371,-,-,-,-,2020,INFORMATION & COMMUNICATION TECHNOLOGY,F,ENGINEERING TECHNOLOGY,F,SCIENCE FOR TECHNOLOGY,S,038,F,new,11,January,2002,male
116996,COMMERCE,1.5047,53 (NEW),3702 (NEW),2020,ECONOMICS,A,BUSINESS STUDIES,A,ACCOUNTING,A,038,S,new,23,December,2001,female
2827,COMMERCE,1.0540,1988 (NEW),9600 (NEW),2020,ECONOMICS,A,BUSINESS STUDIES,B,ACCOUNTING,C,044,A,new,20,December,2001,female
157340,-,-,-,-,2020,PHYSICS,F,CHEMISTRY,F,COMBINED MATHEMATICS,F,060,C,new,16,June,2001,male
50829,BIOLOGICAL SCIENCE,.0931,1376 (NEW),15803 (NEW),2020,PHYSICS,S,CHEMISTRY,S,BIOLOGY,C,058,A,new,9,January,2002,female
163015,ARTS,.7645,2725 (NEW),24614 (NEW),2020,POLITICAL SCIENCE,B,BUDDHIST CIVILIZATION,S,SINHALA,B,048,F,new,21,September,2001,female
54033,-,-,-,-,2020,ECONOMICS,F,BUSINESS STUDIES,F,ACCOUNTING,S,030,S,new,17,October,2001,male
244427,BIOLOGICAL SCIENCE,.4949,339 (NEW),11050 (NEW),2020,PHYSICS,C,CHEMISTRY,C,BIOLOGY,S,064,A,new,18,October,2000,male
69422,-,-,-,-,2020,ECONOMICS,F,BUSINESS STUDIES,F,ACCOUNTING,F,036,F,new,2,May,2001,male
32058,-,-.5788,-,-,2020,ECONOMICS,F,BUSINESS STUDIES,S,ACCOUNTING,C,Absent,S,new,29,April,2000,female
328593,-,-.7105,-,-,2020,PHYSICS,F,CHEMISTRY,S,BIOLOGY,S,Absent,Absent,old,23,April,1999,male
174846,ARTS,-.3067,2159 (NEW),63635 (NEW),2020,POLITICAL SCIENCE,S,BUDDHIST CIVILIZATION,S,SINHALA,C,048,F,new,20,August,2001,female
307661,BIOLOGICAL SCIENCE,.4325,174 (OLD),3031 (OLD),2020,PHYSICS,C,CHEMISTRY,C,BIOLOGY,C,Absent,Absent,old,9,August,1997,male
136032,PHYSICAL SCIENCE,-.2255,810 (NEW),19103 (NEW),2020,PHYSICS,S,CHEMISTRY,S,COMBINED MATHEMATICS,S,050,C,new,1,June,2001,male
158319,-,-,-,-,2020,INFORMATION & COMMUNICATION TECHNOLOGY,F,BUSINESS STUDIES,S,ACCOUNTING,F,050,C,new,25,October,2001,female
316159,-,-,-,-,2020,PHYSICS,S,CHEMISTRY,F,COMBINED MATHEMATICS,F,Absent,Absent,old,17,December,1993,male
228183,-,-,-,-,2020,INFORMATION & COMMUNICATION TECHNOLOGY,F,ENGINEERING TECHNOLOGY,S,SCIENCE FOR TECHNOLOGY,F,048,C,new,18,June,2001,male
245009,-,-,-,-,2020,INFORMATION & COMMUNICATION TECHNOLOGY,Absent,ENGINEERING TECHNOLOGY,Absent,SCIENCE FOR TECHNOLOGY,Absent,Absent,Absent,new,16,January,2001,male
235586,PHYSICAL SCIENCE,.2892,207 (NEW),13204 (NEW),2020,PHYSICS,C,CHEMISTRY,S,COMBINED MATHEMATICS,S,066,C,new,26,December,2001,male
119051,ARTS,.5478,2080 (NEW),32312 (NEW),2020,GEOGRAPHY,B,LOGIC & SCIENTIFIC METHOD,C,DANCING(INDIGENOUS),S,054,C,new,15,March,2000,female
245393,-,-,-,-,2020,GEOGRAPHY,Absent,HOME ECONOMICS,Absent,DANCING(INDIGENOUS),Absent,Absent,Absent,new,8,April,2000,female
51780,-,-,-,-,2020,POLITICAL SCIENCE,S,COMMUNICATION & MEDIA STUDIES,F,JAPANESE,F,048,S,new,29,April,2001,male
299671,-,-,-,-,2020,AGRICULTURAL SCIENCE,F,BIO SYSTEMS TECHNOLOGY,F,SCIENCE FOR TECHNOLOGY,S,040,F,new,19,May,2001,male
330591,-,-,-,-,2020,AGRICULTURAL SCIENCE,Absent,BIO SYSTEMS TECHNOLOGY,Absent,SCIENCE FOR TECHNOLOGY,Absent,Absent,Absent,old,27,May,1998,female
307861,-,-,-,-,2020,PHYSICS,Absent,CHEMISTRY,Absent,BIOLOGY,Absent,Absent,Absent,old,Invalid nic error,Invalid nic error,Invalid nic error,
171281,ENGINEERING TECHNOLOGY,-.6850,1149 (NEW),12438 (NEW),2020,INFORMATION & COMMUNICATION TECHNOLOGY,S,ENGINEERING TECHNOLOGY,S,SCIENCE FOR TECHNOLOGY,S,038,F,new,26,February,2002,male
273047,ARTS,.0542,1816 (NEW),51095 (NEW),2020,POLITICAL SCIENCE,S,ISLAM,C,TAMIL,C,034,F,new,6,August,1999,female
182712,-,-,-,-,2020,PHYSICS,F,CHEMISTRY,F,BIOLOGY,S,042,C,new,4,October,2001,male
144747,ARTS,.3175,1828 (NEW),41014 (NEW),2020,HISTORY OF SRI LANKA & INDIA,C,BUDDHIST CIVILIZATION,B,SINHALA,C,028,F,new,29,August,2000,female
324416,-,-,-,-,2020,GEOGRAPHY,Absent,POLITICAL SCIENCE,Absent,HISTORY OF INDIA,Absent,Absent,Absent,old,22,November,1999,female
216921,ARTS,-.5486,4908 (NEW),69334 (NEW),2020,AGRICULTURAL SCIENCE,S,GEOGRAPHY,S,SINHALA,S,056,F,new,23,March,2001,female
332207,-,-,-,-,2020,PHYSICS,Absent,CHEMISTRY,Absent,BIOLOGY,Absent,Absent,Absent,old,5,April,1934,female
74581,BIOLOGICAL SCIENCE,1.3865,214 (NEW),3595 (NEW),2020,PHYSICS,C,CHEMISTRY,B,BIOLOGY,B,074,B,new,30,October,2001,male
165221,ENGINEERING TECHNOLOGY,2.2034,26 (NEW),254 (NEW),2020,INFORMATION & COMMUNICATION TECHNOLOGY,B,ENGINEERING TECHNOLOGY,B,SCIENCE FOR TECHNOLOGY,A,042,C,new,10,May,2001,male
32401,ARTS,.9920,1262 (NEW),17321 (NEW),2020,INFORMATION & COMMUNICATION TECHNOLOGY,C,ENGLISH,C,JAPANESE,B,Absent,A,new,2,July,1999,female
170429,-,-,-,-,2020,PHYSICS,F,CHEMISTRY,F,COMBINED MATHEMATICS,F,052,S,new,29,May,2001,male
62199,ARTS,1.4070,438 (NEW),6794 (NEW),2020,ECONOMICS,A,LOGIC & SCIENTIFIC METHOD,A,ART,B,056,B,new,15,February,2001,male
278725,-,-,-,-,2020,PHYSICS,F,COMBINED MATHEMATICS,F,INFORMATION & COMMUNICATION TECHNOLOGY,F,032,F,new,20,May,2001,male
250744,-,-,-,-,2020,PHYSICS,S,CHEMISTRY,F,BIOLOGY,F,066,C,new,16,September,2001,female
2362,BIOLOGICAL SCIENCE,1.7248,454 (NEW),1910 (NEW),2020,PHYSICS,C,CHEMISTRY,A,BIOLOGY,A,076,A,new,10,December,2001,female
36854,ARTS,1.3189,698 (NEW),8701 (NEW),2020,POLITICAL SCIENCE,B,LOGIC & SCIENTIFIC METHOD,A,DANCING(INDIGENOUS),B,038,F,new,6,March,2001,female
239597,ARTS,.8632,481 (NEW),21324 (NEW),2020,GEOGRAPHY,B,POLITICAL SCIENCE,C,TAMIL,B,040,F,new,22,December,2001,female
314144,-,-.7835,-,-,2020,POLITICAL SCIENCE,S,COMMUNICATION & MEDIA STUDIES,F,SINHALA,C,055,S,old,28,December,2002,male
219361,BIOSYSTEMS TECHNOLOGY,.5243,253 (NEW),3318 (NEW),2020,AGRICULTURAL SCIENCE,C,BIO SYSTEMS TECHNOLOGY,S,SCIENCE FOR TECHNOLOGY,C,036,F,new,6,May,2001,male
259027,COMMERCE,-.5772,829 (NEW),38537 (NEW),2020,ECONOMICS,S,BUSINESS STUDIES,C,ACCOUNTING,S,038,S,new,4,May,2001,male
25290,ARTS,1.0483,1160 (NEW),15648 (NEW),2020,GEOGRAPHY,C,COMMUNICATION & MEDIA STUDIES,B,DRAMA AND THEATRE (SINHALA),B,042,F,new,22,December,2001,female
206533,COMMERCE,-.1455,694 (NEW),31367 (NEW),2020,ECONOMICS,S,BUSINESS STUDIES,C,ACCOUNTING,S,048,S,new,3,December,2000,female
83130,BIOLOGICAL SCIENCE,1.5934,215 (NEW),2514 (NEW),2020,PHYSICS,B,CHEMISTRY,B,BIOLOGY,B,Absent,Absent,new,15,March,2000,male
184269,-,-,-,-,2020,ECONOMICS,F,BUSINESS STUDIES,F,ACCOUNTING,S,024,F,new,10,May,2001,female
193592,-,-.7232,-,-,2020,GEOGRAPHY,S,ENGINEERING TECHNOLOGY,F,SCIENCE FOR TECHNOLOGY,S,036,F,new,10,December,2001,male
124647,-,-,-,-,2020,AGRICULTURAL SCIENCE,F,BIO SYSTEMS TECHNOLOGY,F,SCIENCE FOR TECHNOLOGY,F,038,F,new,8,January,2002,female
28658,ARTS,-.1847,3967 (NEW),59742 (NEW),2020,POLITICAL SCIENCE,S,LOGIC & SCIENTIFIC METHOD,S,HISTORY OF SRI LANKA & EUROPE,C,034,F,new,18,December,2001,male
99107,BIOLOGICAL SCIENCE,1.7141,143 (NEW),1948 (NEW),2020,PHYSICS,B,CHEMISTRY,B,BIOLOGY,A,056,S,new,9,November,2001,male
96110,-,-,-,-,2020,INFORMATION & COMMUNICATION TECHNOLOGY,F,POLITICAL SCIENCE,F,COMMUNICATION & MEDIA STUDIES,F,Absent,Absent,new,17,June,2000,male
260560,ARTS,-.7223,2030 (NEW),71660 (NEW),2020,POLITICAL SCIENCE,S,BUDDHIST CIVILIZATION,S,SINHALA,S,056,F,new,24,June,2001,male
52192,COMMERCE,.9657,1234 (NEW),10926 (NEW),2020,ECONOMICS,B,BUSINESS STUDIES,B,ACCOUNTING,B,060,C,new,2,October,2001,male
24697,ARTS,.2838,2774 (NEW),42312 (NEW),2020,LOGIC & SCIENTIFIC METHOD,S,COMMUNICATION & MEDIA STUDIES,C,SINHALA,B,036,S,new,16,February,2001,female
198393,-,-,-,-,2020,INFORMATION & COMMUNICATION TECHNOLOGY,F,ECONOMICS,F,SINHALA,S,032,S,new,8,June,2001,male
284189,ARTS,.9647,383 (NEW),18160 (NEW),2020,GEOGRAPHY,C,POLITICAL SCIENCE,C,SINHALA,A,060,F,new,9,November,2000,male
137067,-,-.3341,-,-,2020,PHYSICS,S,CHEMISTRY,S,COMBINED MATHEMATICS,F,054,C,new,27,June,2001,male
63191,ENGINEERING TECHNOLOGY,1.9632,35 (NEW),422 (NEW),2020,INFORMATION & COMMUNICATION TECHNOLOGY,B,ENGINEERING TECHNOLOGY,B,SCIENCE FOR TECHNOLOGY,B,054,S,new,6,February,2001,male
235496,-,-.3658,-,-,2020,GEOGRAPHY,S,POLITICAL SCIENCE,F,TAMIL,C,034,F,new,13,October,2000,female
150180,-,-,-,-,2020,ECONOMICS,Absent,BUSINESS STUDIES,Absent,ACCOUNTING,Absent,Absent,Absent,new,13,August,2001,female
32762,-,-.4762,-,-,2020,INFORMATION & COMMUNICATION TECHNOLOGY,F,ENGINEERING TECHNOLOGY,S,SCIENCE FOR TECHNOLOGY,S,Absent,C,new,29,January,2001,male
112402,PHYSICAL SCIENCE,-.4571,896 (NEW),20744 (NEW),2020,PHYSICS,S,CHEMISTRY,S,COMBINED MATHEMATICS,S,046,Absent,new,17,October,2000,female
312401,BIOLOGICAL SCIENCE,.7840,54 (OLD),2115 (OLD),2020,PHYSICS,C,CHEMISTRY,C,BIOLOGY,C,Absent,C,old,8,September,1999,male
112197,COMMERCE,1.4456,67 (NEW),4350 (NEW),2020,ECONOMICS,A,BUSINESS STUDIES,A,ACCOUNTING,A,050,F,new,27,April,2001,female
109747,ENGINEERING TECHNOLOGY,.0520,321 (NEW),8387 (NEW),2020,INFORMATION & COMMUNICATION TECHNOLOGY,S,ENGINEERING TECHNOLOGY,S,SCIENCE FOR TECHNOLOGY,C,046,Absent,new,3,March,2000,male
328314,ARTS,1.0185,121 (OLD),1214 (OLD),2020,COMMUNICATION & MEDIA STUDIES,C,BUDDHIST CIVILIZATION,B,SINHALA,A,043,F,old,13,August,1997,female
213602,COMMERCE,.9409,704 (NEW),11300 (NEW),2020,ECONOMICS,B,BUSINESS STUDIES,B,ACCOUNTING,B,040,F,new,19,March,2000,male
101289,ARTS,.9114,1046 (NEW),19736 (NEW),2020,GEOGRAPHY,C,COMMUNICATION & MEDIA STUDIES,C,SINHALA,A,058,S,new,12,April,2001,female
263411,-,-,-,-,2020,POLITICAL SCIENCE,F,HISTORY OF SRI LANKA & INDIA,Absent,SINHALA,F,034,Absent,new,2,May,2001,male
143090,PHYSICAL SCIENCE,-.2325,817 (NEW),19177 (NEW),2020,PHYSICS,S,CHEMISTRY,S,COMBINED MATHEMATICS,S,060,F,new,20,September,2000,male
275231,ARTS,.1075,1232 (NEW),49107 (NEW),2020,AGRICULTURAL SCIENCE,S,GEOGRAPHY,S,POLITICAL SCIENCE,C,044,F,new,26,June,2001,male
133468,ENGINEERING TECHNOLOGY,.7994,266 (NEW),3575 (NEW),2020,INFORMATION & COMMUNICATION TECHNOLOGY,C,ENGINEERING TECHNOLOGY,C,SCIENCE FOR TECHNOLOGY,C,Absent,Absent,new,3,March,2000,male
85754,PHYSICAL SCIENCE,.2904,1113 (NEW),13192 (NEW),2020,PHYSICS,S,CHEMISTRY,C,COMBINED MATHEMATICS,B,Absent,S,new,11,October,2000,female
146017,ARTS,1.3523,241 (NEW),7935 (NEW),2020,POLITICAL SCIENCE,B,HISTORY OF SRI LANKA & INDIA,A,SINHALA,B,028,F,new,22,June,2001,female
7361,COMMERCE,.7082,2961 (NEW),15198 (NEW),2020,ECONOMICS,C,BUSINESS STUDIES,C,ACCOUNTING,B,044,C,new,13,August,2001,female
104223,-,-,-,-,2020,PHYSICS,F,CHEMISTRY,S,COMBINED MATHEMATICS,F,052,S,new,30,November,2001,male
88292,-,-.5336,-,-,2020,GEOGRAPHY,C,ENGINEERING TECHNOLOGY,S,SCIENCE FOR TECHNOLOGY,F,Absent,F,new,30,March,2000,female
99516,-,-,-,-,2020,INFORMATION & COMMUNICATION TECHNOLOGY,F,GEOGRAPHY,F,COMMUNICATION & MEDIA STUDIES,F,042,F,new,10,September,2001,male
247259,COMMERCE,.3976,742 (NEW),20653 (NEW),2020,ECONOMICS,C,BUSINESS STUDIES,C,ACCOUNTING,C,054,S,new,21,May,2000,female
237707,-,-.1502,-,-,2020,CHEMISTRY,F,AGRICULTURAL SCIENCE,C,BIOLOGY,S,Absent,S,new,20,January,2001,female
147008,-,-,-,-,2020,ECONOMICS,F,BUSINESS STUDIES,F,ACCOUNTING,F,028,Absent,new,27,July,2000,female
94486,ENGINEERING TECHNOLOGY,1.9187,52 (NEW),471 (NEW),2020,INFORMATION & COMMUNICATION TECHNOLOGY,B,ENGINEERING TECHNOLOGY,B,SCIENCE FOR TECHNOLOGY,B,Absent,S,new,11,April,2000,female
32540,ARTS,1.3792,651 (NEW),7347 (NEW),2020,POLITICAL SCIENCE,A,HISTORY OF SRI LANKA & INDIA,B,COMMUNICATION & MEDIA STUDIES,B,030,S,new,5,February,2001,female
97053,PHYSICAL SCIENCE,1.0077,451 (NEW),6272 (NEW),2020,PHYSICS,C,CHEMISTRY,B,COMBINED MATHEMATICS,B,060,A,new,29,October,2000,female
183130,COMMERCE,1.8144,30 (NEW),1267 (NEW),2020,ECONOMICS,A,BUSINESS STUDIES,A,ACCOUNTING,A,064,C,new,22,October,2001,male
110217,-,-,-,-,2020,INFORMATION & COMMUNICATION TECHNOLOGY,Absent,ENGINEERING TECHNOLOGY,Absent,SCIENCE FOR TECHNOLOGY,Absent,Absent,Absent,new,7,December,1993,female
121357,-,-,-,-,2020,AGRICULTURAL SCIENCE,Absent,BIO SYSTEMS TECHNOLOGY,Absent,SCIENCE FOR TECHNOLOGY,Absent,Absent,Absent,new,25,January,2001,female
245991,-,-,-,-,2020,AGRICULTURAL SCIENCE,F,DANCING(INDIGENOUS),F,SINHALA,C,042,F,new,24,May,2001,female
92547,COMMERCE,-.3885,2206 (NEW),35949 (NEW),2020,ECONOMICS,C,BUSINESS STUDIES,S,ACCOUNTING,S,052,S,new,16,July,2001,male
159291,-,-,-,-,2020,PHYSICS,F,CHEMISTRY,S,COMBINED MATHEMATICS,F,052,F,new,10,July,2001,male
202706,-,-,-,-,2020,GEOGRAPHY,Absent,ART,Absent,SINHALA,Absent,Absent,Absent,new,23,September,2000,female
100457,-,-,-,-,2020,ECONOMICS,Absent,BUSINESS STUDIES,Absent,ACCOUNTING,Absent,Absent,Absent,new,13,May,2000,male
217321,ARTS,-.3619,4604 (NEW),65156 (NEW),2020,COMMUNICATION & MEDIA STUDIES,S,ORIENTAL MUSIC,C,SINHALA,C,036,F,new,23,February,2001,female
154100,-,-,-,-,2020,ECONOMICS,Absent,BUSINESS STUDIES,Absent,ACCOUNTING,Absent,Absent,Absent,new,11,November,2000,female
15699,-,-,-,-,2020,LOGIC & SCIENTIFIC METHOD,F,COMMUNICATION & MEDIA STUDIES,F,ISLAM,S,032,B,new,30,January,2002,female
48045,ARTS,.3755,2992 (NEW),38814 (NEW),2020,GEOGRAPHY,B,LOGIC & SCIENTIFIC METHOD,C,BUDDHIST CIVILIZATION,C,032,F,new,15,October,2001,female
68560,ARTS,.0486,2748 (NEW),51290 (NEW),2020,POLITICAL SCIENCE,C,HISTORY OF SRI LANKA & INDIA,S,SINHALA,C,026,F,new,5,December,2001,male
109107,-,-,-,-,2020,CHEMISTRY,S,AGRICULTURAL SCIENCE,F,BIOLOGY,F,072,Absent,new,29,March,2000,male
332193,BIOLOGICAL SCIENCE,.1868,293 (OLD),3727 (OLD),2020,PHYSICS,S,CHEMISTRY,S,BIOLOGY,B,058,S,old,17,September,1999,female
6738,-,-.5130,-,-,2020,PHYSICS,F,CHEMISTRY,S,COMBINED MATHEMATICS,S,064,C,new,8,May,2001,male
152710,-,-,-,-,2020,PHYSICS,Absent,CHEMISTRY,Absent,COMBINED MATHEMATICS,Absent,Absent,Absent,new,23,December,2001,male
215447,ARTS,.5895,1934 (NEW),30779 (NEW),2020,GEOGRAPHY,B,HISTORY OF SRI LANKA & EUROPE,C,SINHALA,B,Absent,A,new,15,June,2000,female
168860,-,-,-,-,2020,HISTORY OF SRI LANKA & INDIA,F,BUDDHIST CIVILIZATION,F,SINHALA,S,034,F,new,24,May,2001,male
61233,-,-,-,-,2020,POLITICAL SCIENCE,Absent,HISTORY OF SRI LANKA & EUROPE,Absent,BUDDHIST CIVILIZATION,Absent,Absent,Absent,new,9,December,1985,female
261236,-,-,-,-,2020,ECONOMICS,F,BUSINESS STUDIES,Absent,ACCOUNTING,Absent,Absent,Absent,new,22,December,1994,male
18949,-,-,-,-,2020,PHYSICS,Absent,COMBINED MATHEMATICS,Absent,INFORMATION & COMMUNICATION TECHNOLOGY,Absent,Absent,Absent,new,17,November,2000,female
106739,COMMERCE,1.1832,383 (NEW),7700 (NEW),2020,INFORMATION & COMMUNICATION TECHNOLOGY,B,BUSINESS STUDIES,B,ACCOUNTING,B,064,F,new,18,December,2001,male
41147,ARTS,.8351,1718 (NEW),22280 (NEW),2020,GEOGRAPHY,A,POLITICAL SCIENCE,C,ISLAM,B,030,S,new,2,December,2000,female
11505,-,-.3402,-,-,2020,PHYSICS,S,CHEMISTRY,S,COMBINED MATHEMATICS,F,070,S,new,15,April,2001,male
223916,-,-,-,-,2020,GEOGRAPHY,F,BUDDHIST CIVILIZATION,F,SINHALA,F,020,F,new,23,August,2001,female
72612,ARTS,.8790,1216 (NEW),20780 (NEW),2020,POLITICAL SCIENCE,B,ISLAM,B,TAMIL,B,044,C,new,12,January,2002,female
328573,-,-,-,-,2020,PHYSICS,F,CHEMISTRY,F,BIOLOGY,S,Absent,Absent,old,3,June,1999,female
280499,ARTS,1.7375,31 (NEW),2099 (NEW),2020,POLITICAL SCIENCE,A,ISLAM,A,TAMIL,A,048,A,new,22,August,2001,female
129015,ENGINEERING TECHNOLOGY,.9192,222 (NEW),2977 (NEW),2020,INFORMATION & COMMUNICATION TECHNOLOGY,C,ENGINEERING TECHNOLOGY,C,SCIENCE FOR TECHNOLOGY,C,048,S,new,19,May,2000,female
252096,-,-,-,-,2020,ECONOMICS,F,BUSINESS STUDIES,F,ACCOUNTING,F,028,F,new,21,February,2001,female
210291,ARTS,.2101,1260 (NEW),45185 (NEW),2020,GEOGRAPHY,S,DANCING(INDIGENOUS),B,SINHALA,C,Absent,F,new,12,October,2000,female
176989,BIOLOGICAL SCIENCE,.8000,213 (NEW),7915 (NEW),2020,PHYSICS,C,CHEMISTRY,C,BIOLOGY,C,Absent,Absent,new,26,September,2000,female
157509,ARTS,.2308,4802 (NEW),44350 (NEW),2020,ECONOMICS,S,LOGIC & SCIENTIFIC METHOD,S,SINHALA,B,062,C,new,9,July,2001,female
295211,-,-,-,-,2020,INFORMATION & COMMUNICATION TECHNOLOGY,F,ENGINEERING TECHNOLOGY,F,SCIENCE FOR TECHNOLOGY,S,058,C,new,17,June,2000,male
115948,ARTS,.4989,1244 (NEW),34135 (NEW),2020,POLITICAL SCIENCE,C,BUDDHIST CIVILIZATION,C,SINHALA,C,048,F,new,21,September,2001,female
324835,ARTS,.0976,168 (OLD),3960 (OLD),2020,POLITICAL SCIENCE,S,LOGIC & SCIENTIFIC METHOD,S,SINHALA,A,043,S,old,8,October,1999,female
53847,COMMERCE,.1222,3072 (NEW),25962 (NEW),2020,ECONOMICS,C,BUSINESS STATISTICS,C,ACCOUNTING,S,042,A,new,8,May,2002,female
257559,-,-.7065,-,-,2020,POLITICAL SCIENCE,F,COMMUNICATION & MEDIA STUDIES,S,SINHALA,S,032,F,new,5,March,2001,female
21723,-,-,-,-,2020,ECONOMICS,F,BUSINESS STUDIES,F,ACCOUNTING,S,042,F,new,31,October,2001,female
109735,-,-,-,-,2020,PHYSICS,F,COMBINED MATHEMATICS,F,INFORMATION & COMMUNICATION TECHNOLOGY,S,070,B,new,18,January,2001,male
197188,ARTS,-.3598,1376 (NEW),65112 (NEW),2020,POLITICAL SCIENCE,C,ISLAMIC CIVILIZATION,S,ART,S,048,F,new,28,March,2001,female
3019,-,-,-,-,2020,INFORMATION & COMMUNICATION TECHNOLOGY,F,ENGINEERING TECHNOLOGY,S,SCIENCE FOR TECHNOLOGY,F,052,S,new,29,November,2001,male
125374,-,-,-,-,2020,ECONOMICS,F,BUSINESS STUDIES,F,ACCOUNTING,F,034,Absent,new,30,October,2000,male
62744,ARTS,.9433,1105 (NEW),18764 (NEW),2020,GEOGRAPHY,C,BUDDHIST CIVILIZATION,A,SINHALA,B,044,F,new,5,December,2001,female
262559,-,-,-,-,2020,GEOGRAPHY,F,COMMUNICATION & MEDIA STUDIES,F,SINHALA,F,024,F,new,27,April,2001,male
300048,-,-,-,-,2020,GEOGRAPHY,F,ART,S,TAMIL,F,034,F,new,15,February,2001,male
299380,PHYSICAL SCIENCE,2.0354,48 (NEW),890 (NEW),2020,PHYSICS,B,CHEMISTRY,A,COMBINED MATHEMATICS,A,070,S,new,16,May,2001,male
203263,-,-,-,-,2020,POLITICAL SCIENCE,F,DRAMA AND THEATRE (SINHALA),Absent,SINHALA,S,036,F,new,29,May,2001,male
100358,PHYSICAL SCIENCE,.3847,752 (NEW),12139 (NEW),2020,PHYSICS,S,CHEMISTRY,C,COMBINED MATHEMATICS,C,Absent,Absent,new,5,April,2000,female
299059,BIOLOGICAL SCIENCE,.2742,593 (NEW),13563 (NEW),2020,PHYSICS,S,CHEMISTRY,S,BIOLOGY,C,052,B,new,27,January,2001,female
117604,-,-,-,-,2020,INFORMATION & COMMUNICATION TECHNOLOGY,Absent,ECONOMICS,Absent,ACCOUNTING,Absent,Absent,Absent,new,12,May,2003,male
85196,ENGINEERING TECHNOLOGY,.5343,316 (NEW),4969 (NEW),2020,INFORMATION & COMMUNICATION TECHNOLOGY,S,ENGINEERING TECHNOLOGY,C,SCIENCE FOR TECHNOLOGY,C,050,C,new,27,April,2001,female
155631,BIOSYSTEMS TECHNOLOGY,.5890,324 (NEW),3076 (NEW),2020,AGRICULTURAL SCIENCE,C,BIO SYSTEMS TECHNOLOGY,C,SCIENCE FOR TECHNOLOGY,S,044,F,new,7,October,2001,female
295581,-,-.3665,-,-,2020,PHYSICS,S,CHEMISTRY,F,BIOLOGY,S,064,S,new,30,March,2001,female
193528,-,-,-,-,2020,INFORMATION & COMMUNICATION TECHNOLOGY,F,ENGINEERING TECHNOLOGY,F,SCIENCE FOR TECHNOLOGY,F,032,F,new,11,February,2001,male
47136,-,-.2403,-,-,2020,INFORMATION & COMMUNICATION TECHNOLOGY,F,ENGINEERING TECHNOLOGY,S,SCIENCE FOR TECHNOLOGY,S,046,Absent,new,18,January,2002,male
146657,COMMERCE,.7987,550 (NEW),13650 (NEW),2020,ECONOMICS,B,BUSINESS STUDIES,C,ACCOUNTING,B,Absent,S,new,4,May,2000,male
237386,-,.0333,-,-,2020,PHYSICS,F,COMBINED MATHEMATICS,S,INFORMATION & COMMUNICATION TECHNOLOGY,C,064,S,new,21,May,2001,male
98840,BIOLOGICAL SCIENCE,.2248,806 (NEW),14155 (NEW),2020,PHYSICS,S,CHEMISTRY,C,BIOLOGY,S,Absent,Absent,new,19,September,2000,female
239025,ARTS,-.4238,2226 (NEW),66684 (NEW),2020,GEOGRAPHY,C,POLITICAL SCIENCE,S,TAMIL,S,040,F,new,12,August,2001,male
177256,ARTS,-.5129,2328 (NEW),68643 (NEW),2020,HOME ECONOMICS,C,CHRISTIANITY,C,SINHALA,S,044,F,new,29,December,2001,male
74856,ARTS,.1223,2583 (NEW),48538 (NEW),2020,COMMUNICATION & MEDIA STUDIES,C,DANCING(INDIGENOUS),S,SINHALA,B,026,F,new,28,July,2000,female
162828,ARTS,1.0345,1714 (NEW),16035 (NEW),2020,INFORMATION & COMMUNICATION TECHNOLOGY,C,ECONOMICS,A,GEOGRAPHY,B,040,F,new,27,February,2001,female
186190,-,-,-,-,2020,AGRICULTURAL SCIENCE,F,COMMUNICATION & MEDIA STUDIES,F,SINHALA,F,046,S,new,4,April,2001,male
4124,PHYSICAL SCIENCE,.8370,1525 (NEW),7709 (NEW),2020,PHYSICS,B,CHEMISTRY,S,COMBINED MATHEMATICS,C,072,A,new,18,August,2001,male
81914,BIOLOGICAL SCIENCE,1.1616,413 (NEW),5009 (NEW),2020,CHEMISTRY,C,AGRICULTURAL SCIENCE,B,BIOLOGY,C,Absent,S,new,25,December,2000,female
287993,-,-,-,-,2020,PHYSICS,Absent,CHEMISTRY,Absent,BIOLOGY,Absent,Absent,Absent,new,20,January,2001,female
12232,COMMERCE,-.1351,5806 (NEW),31126 (NEW),2020,ECONOMICS,S,BUSINESS STUDIES,S,ACCOUNTING,C,052,A,new,31,January,2002,female
153008,ARTS,.9899,1875 (NEW),17391 (NEW),2020,ECONOMICS,C,LOGIC & SCIENTIFIC METHOD,C,COMMUNICATION & MEDIA STUDIES,B,046,S,new,27,June,2001,female
240297,COMMERCE,-.1480,803 (NEW),31420 (NEW),2020,ECONOMICS,S,BUSINESS STUDIES,C,ACCOUNTING,S,046,S,new,5,April,2001,female
144207,PHYSICAL SCIENCE,-.4803,896 (NEW),20824 (NEW),2020,PHYSICS,S,CHEMISTRY,S,COMBINED MATHEMATICS,S,042,Absent,new,14,January,2001,male
325071,-,-,-,-,2020,MATHEMATICS,Absent,ENGINEERING TECHNOLOGY,Absent,SCIENCE FOR TECHNOLOGY,Absent,Absent,Absent,old,22,June,1994,female
72901,-,-,-,-,2020,COMMUNICATION & MEDIA STUDIES,F,BUDDHIST CIVILIZATION,F,SINHALA,F,038,F,new,23,April,2001,male
37173,PHYSICAL SCIENCE,.8013,757 (NEW),8036 (NEW),2020,PHYSICS,C,CHEMISTRY,B,COMBINED MATHEMATICS,C,064,A,new,10,January,2002,female
197389,ARTS,.6024,667 (NEW),30269 (NEW),2020,POLITICAL SCIENCE,C,ISLAMIC CIVILIZATION,A,ARABIC,B,040,F,new,20,August,1997,male
159942,ARTS,1.2500,1104 (NEW),10292 (NEW),2020,ECONOMICS,C,POLITICAL SCIENCE,A,SINHALA,B,052,C,new,2,March,2001,female
15967,BIOLOGICAL SCIENCE,2.2924,109 (NEW),371 (NEW),2020,PHYSICS,A,CHEMISTRY,A,BIOLOGY,A,Absent,A,new,14,October,2000,female
116121,-,-,-,-,2020,GEOGRAPHY,Absent,COMMUNICATION & MEDIA STUDIES,Absent,BUSINESS STUDIES,Absent,Absent,Absent,new,25,May,1996,male
42341,COMMERCE,.7158,1705 (NEW),15071 (NEW),2020,ECONOMICS,A,BUSINESS STUDIES,C,ACCOUNTING,C,046,F,new,3,August,2001,female
59406,-,-,-,-,2020,ECONOMICS,Absent,BUSINESS STUDIES,Absent,ACCOUNTING,Absent,Absent,Absent,new,16,February,2000,female
98230,ARTS,.4510,1760 (NEW),35948 (NEW),2020,AGRICULTURAL SCIENCE,S,ECONOMICS,C,SINHALA,B,052,S,new,30,September,2000,male
83314,PHYSICAL SCIENCE,.9311,595 (NEW),6906 (NEW),2020,PHYSICS,C,CHEMISTRY,C,COMBINED MATHEMATICS,C,056,A,new,16,February,2000,male
183019,COMMERCE,.6724,548 (NEW),15782 (NEW),2020,ECONOMICS,S,BUSINESS STUDIES,C,ACCOUNTING,A,062,S,new,10,April,2001,male
38472,BIOLOGICAL SCIENCE,1.1944,426 (NEW),4764 (NEW),2020,PHYSICS,C,CHEMISTRY,B,BIOLOGY,B,Absent,Absent,new,22,October,2000,female
227063,-,-,-,-,2020,GEOGRAPHY,F,BUDDHIST CIVILIZATION,F,SINHALA,S,024,F,new,3,April,2001,female
179519,ARTS,.1324,1624 (NEW),48136 (NEW),2020,GEOGRAPHY,S,ISLAM,C,TAMIL,C,030,F,new,8,August,2000,female
226981,BIOLOGICAL SCIENCE,1.7713,126 (NEW),1725 (NEW),2020,PHYSICS,C,CHEMISTRY,A,BIOLOGY,A,072,A,new,24,July,2001,female
196932,-,-,-,-,2020,ECONOMICS,Absent,BUSINESS STUDIES,Absent,ACCOUNTING,Absent,Absent,Absent,new,14,March,2000,male
235503,-,-,-,-,2020,PHYSICS,S,CHEMISTRY,F,BIOLOGY,F,048,C,new,9,June,2001,female
322207,BIOLOGICAL SCIENCE,.4585,292 (OLD),2968 (OLD),2020,PHYSICS,S,CHEMISTRY,C,BIOLOGY,C,Absent,Absent,old,7,July,1999,female
173647,-,-,-,-,2020,PHYSICS,S,CHEMISTRY,F,COMBINED MATHEMATICS,F,044,S,new,31,October,2000,male
211715,COMMERCE,-.6367,2787 (NEW),39154 (NEW),2020,ECONOMICS,S,BUSINESS STUDIES,S,ACCOUNTING,S,Absent,F,new,31,March,1998,male
141629,-,-,-,-,2020,ECONOMICS,Absent,BUSINESS STUDIES,Absent,ACCOUNTING,Absent,Absent,Absent,new,26,December,2000,female
83832,BIOLOGICAL SCIENCE,2.1517,72 (NEW),603 (NEW),2020,PHYSICS,B,CHEMISTRY,A,BIOLOGY,A,Absent,Absent,new,23,November,2000,male
24485,ARTS,-.2350,4095 (NEW),61401 (NEW),2020,POLITICAL SCIENCE,S,BUDDHIST CIVILIZATION,S,SINHALA,C,Absent,F,new,5,October,1999,female
43496,ARTS,.3905,2947 (NEW),38248 (NEW),2020,LOGIC & SCIENTIFIC METHOD,C,HISTORY OF SRI LANKA & EUROPE,B,JAPANESE,S,046,F,new,8,February,2001,female
285910,BIOLOGICAL SCIENCE,.4207,171 (NEW),11858 (NEW),2020,PHYSICS,C,CHEMISTRY,C,BIOLOGY,C,064,C,new,11,November,2000,female
242227,-,-,-,-,2020,INFORMATION & COMMUNICATION TECHNOLOGY,Absent,BUSINESS STUDIES,Absent,ACCOUNTING,Absent,Absent,Absent,new,25,April,2001,female
11532,PHYSICAL SCIENCE,-.0910,3043 (NEW),17712 (NEW),2020,PHYSICS,S,CHEMISTRY,S,COMBINED MATHEMATICS,S,078,C,new,9,April,2001,male
180559,BIOLOGICAL SCIENCE,1.0028,155 (NEW),6167 (NEW),2020,PHYSICS,C,CHEMISTRY,C,BIOLOGY,B,050,S,new,18,January,2002,female
236781,PHYSICAL SCIENCE,.3832,188 (NEW),12161 (NEW),2020,PHYSICS,S,CHEMISTRY,C,COMBINED MATHEMATICS,B,062,F,new,4,March,2000,male
301893,ARTS,.8053,602 (NEW),23273 (NEW),2020,HISTORY OF SRI LANKA & EUROPE,C,DRAMA AND THEATRE (TAMIL),B,TAMIL,B,036,F,new,2,May,2001,female
182691,-,-.4030,-,-,2020,PHYSICS,S,CHEMISTRY,S,BIOLOGY,F,062,A,new,14,August,2001,male
187080,COMMERCE,1.7978,34 (NEW),1357 (NEW),2020,ECONOMICS,A,BUSINESS STUDIES,A,ACCOUNTING,A,056,B,new,22,November,2001,female
250067,-,-.3953,-,-,2020,AGRICULTURAL SCIENCE,F,INFORMATION & COMMUNICATION TECHNOLOGY,S,ART,C,034,F,new,1,August,2001,male
245231,ARTS,.3102,2009 (NEW),41277 (NEW),2020,GEOGRAPHY,S,DANCING(INDIGENOUS),A,SINHALA,C,034,F,new,29,August,2001,female
211485,-,-,-,-,2020,ECONOMICS,Absent,BUSINESS STUDIES,Absent,ACCOUNTING,Absent,Absent,Absent,new,10,May,1995,male
77007,-,-,-,-,2020,GEOGRAPHY,Absent,ISLAM,Absent,TAMIL,Absent,Absent,Absent,new,10,December,2000,female
224925,ARTS,.3277,2638 (NEW),40635 (NEW),2020,GEOGRAPHY,C,ART,C,SINHALA,C,040,F,new,6,April,2001,female
225262,ARTS,.6050,1897 (NEW),30183 (NEW),2020,GEOGRAPHY,C,POLITICAL SCIENCE,C,SINHALA,B,052,S,new,3,November,2000,female
21710,COMMERCE,.6185,3225 (NEW),16724 (NEW),2020,ECONOMICS,B,BUSINESS STUDIES,B,ACCOUNTING,C,048,C,new,25,July,2001,female
161328,ENGINEERING TECHNOLOGY,.6387,397 (NEW),4397 (NEW),2020,AGRICULTURAL SCIENCE,S,ENGINEERING TECHNOLOGY,C,SCIENCE FOR TECHNOLOGY,C,062,S,new,10,February,2001,male
273983,PHYSICAL SCIENCE,.1001,359 (NEW),15479 (NEW),2020,PHYSICS,S,CHEMISTRY,S,COMBINED MATHEMATICS,C,066,S,new,9,February,2001,male
150838,-,-,-,-,2020,PHYSICS,F,CHEMISTRY,S,COMBINED MATHEMATICS,F,044,S,new,24,October,2001,female
319630,ARTS,.1225,250 (OLD),3892 (OLD),2020,POLITICAL SCIENCE,S,ISLAMIC CIVILIZATION,C,ARABIC,B,038,F,old,29,April,2001,female
173976,ARTS,-.6158,2398 (NEW),70434 (NEW),2020,POLITICAL SCIENCE,S,COMMUNICATION & MEDIA STUDIES,S,SINHALA,S,052,S,new,7,March,2001,male
316768,NON,.2599,-,-,2020,AGRICULTURAL SCIENCE,C,BIOLOGY,C,INFORMATION & COMMUNICATION TECHNOLOGY,S,Absent,Absent,old,17,May,1993,female
79005,-,.1732,-,-,2020,INFORMATION & COMMUNICATION TECHNOLOGY,F,LOGIC & SCIENTIFIC METHOD,S,DRAMA AND THEATRE (SINHALA),A,040,S,new,24,November,2001,female
140796,ENGINEERING TECHNOLOGY,.4778,216 (NEW),5328 (NEW),2020,INFORMATION & COMMUNICATION TECHNOLOGY,S,ENGINEERING TECHNOLOGY,S,SCIENCE FOR TECHNOLOGY,B,032,C,new,7,July,1999,male
208481,ARTS,.2345,1227 (NEW),44203 (NEW),2020,GEOGRAPHY,S,COMMUNICATION & MEDIA STUDIES,C,SINHALA,B,040,S,new,28,May,2001,female
245102,COMMERCE,-.2913,1262 (NEW),34218 (NEW),2020,ECONOMICS,S,BUSINESS STUDIES,C,ACCOUNTING,S,046,F,new,15,March,2001,female
139434,ARTS,1.4219,195 (NEW),6525 (NEW),2020,ECONOMICS,B,POLITICAL SCIENCE,B,SINHALA,A,038,S,new,22,November,2000,female
150832,-,-,-,-,2020,CHEMISTRY,F,AGRICULTURAL SCIENCE,S,BIOLOGY,F,038,C,new,28,February,2001,female
246748,-,-,-,-,2020,PHYSICS,S,CHEMISTRY,F,COMBINED MATHEMATICS,F,Absent,F,new,9,November,2000,male
297265,BIOLOGICAL SCIENCE,-.3090,840 (NEW),20336 (NEW),2020,PHYSICS,S,CHEMISTRY,S,BIOLOGY,S,048,F,new,25,May,2000,male
136432,-,-,-,-,2020,POLITICAL SCIENCE,F,BUDDHIST CIVILIZATION,F,SINHALA,S,034,F,new,29,October,2000,female
151059,COMMERCE,2.1471,7 (NEW),183 (NEW),2020,INFORMATION & COMMUNICATION TECHNOLOGY,A,BUSINESS STUDIES,A,ACCOUNTING,A,062,C,new,10,March,2001,female
333914,-,-,-,-,2020,ECONOMICS,Absent,GEOGRAPHY,Absent,POLITICAL SCIENCE,Absent,Absent,Absent,old,6,July,1997,male
295386,ARTS,-.0955,431 (NEW),56638 (NEW),2020,AGRICULTURAL SCIENCE,S,POLITICAL SCIENCE,S,COMMUNICATION & MEDIA STUDIES,S,028,B,new,2,April,1991,female
146114,BIOSYSTEMS TECHNOLOGY,1.2314,78 (NEW),1128 (NEW),2020,AGRICULTURAL SCIENCE,C,BIO SYSTEMS TECHNOLOGY,B,SCIENCE FOR TECHNOLOGY,C,056,F,new,2,August,2001,female
155335,-,-,-,-,2020,ECONOMICS,Absent,BUSINESS STUDIES,Absent,ACCOUNTING,Absent,Absent,Absent,new,20,September,2000,male
111323,BIOLOGICAL SCIENCE,.8731,248 (NEW),7259 (NEW),2020,PHYSICS,C,CHEMISTRY,C,BIOLOGY,C,070,B,new,30,December,2001,female
275853,COMMERCE,.0007,403 (NEW),28342 (NEW),2020,ECONOMICS,C,BUSINESS STUDIES,C,ACCOUNTING,S,042,F,new,2,August,2001,female
225140,-,-.9321,-,-,2020,COMMUNICATION & MEDIA STUDIES,F,BUDDHIST CIVILIZATION,S,SINHALA,S,040,F,new,12,April,2001,female
134223,PHYSICAL SCIENCE,.7879,333 (NEW),8165 (NEW),2020,PHYSICS,C,CHEMISTRY,C,COMBINED MATHEMATICS,B,Absent,F,new,8,September,2000,male
157301,COMMERCE,1.3818,364 (NEW),5118 (NEW),2020,INFORMATION & COMMUNICATION TECHNOLOGY,B,ECONOMICS,A,ACCOUNTING,A,066,S,new,7,February,2001,male
41513,BIOSYSTEMS TECHNOLOGY,.5860,239 (NEW),3089 (NEW),2020,AGRICULTURAL SCIENCE,C,BIO SYSTEMS TECHNOLOGY,S,SCIENCE FOR TECHNOLOGY,C,046,S,new,7,October,2000,female
230710,-,-.2172,-,-,2020,INFORMATION & COMMUNICATION TECHNOLOGY,C,BUSINESS STUDIES,S,ACCOUNTING,F,030,A,new,16,October,2001,male
207250,PHYSICAL SCIENCE,-.1228,230 (NEW),18104 (NEW),2020,PHYSICS,S,CHEMISTRY,S,COMBINED MATHEMATICS,S,060,A,new,2,February,2001,female
290844,-,-.8428,-,-,2020,INFORMATION & COMMUNICATION TECHNOLOGY,S,ECONOMICS,S,GEOGRAPHY,F,034,S,new,31,October,1999,male
280881,-,-1.5300,-,-,2020,ECONOMICS,F,ISLAM,S,TAMIL,S,022,F,new,27,June,2001,female
178335,ARTS,1.3438,257 (NEW),8160 (NEW),2020,GEOGRAPHY,B,CHRISTIANITY,A,SINHALA,A,050,F,new,15,January,2002,female
240287,ENGINEERING TECHNOLOGY,.0175,206 (NEW),8670 (NEW),2020,INFORMATION & COMMUNICATION TECHNOLOGY,S,ENGINEERING TECHNOLOGY,S,SCIENCE FOR TECHNOLOGY,S,046,C,new,4,September,2001,male
250922,-,-.6198,-,-,2020,ECONOMICS,S,BUSINESS STUDIES,S,ACCOUNTING,F,048,S,new,17,November,2001,male
54727,COMMERCE,.4836,2214 (NEW),19047 (NEW),2020,ECONOMICS,B,BUSINESS STUDIES,C,ACCOUNTING,C,038,B,new,22,October,2001,male
74356,-,-.4143,-,-,2020,POLITICAL SCIENCE,F,BUDDHIST CIVILIZATION,S,SINHALA,C,030,F,new,27,December,1999,male
180451,ARTS,.2124,1511 (NEW),45096 (NEW),2020,GEOGRAPHY,S,POLITICAL SCIENCE,C,CHRISTIANITY,B,040,S,new,16,February,2000,male
298624,-,-,-,-,2020,ECONOMICS,F,BUSINESS STUDIES,F,ACCOUNTING,F,060,S,new,29,January,2002,male
309855,ARTS,.1692,201 (OLD),3751 (OLD),2020,POLITICAL SCIENCE,S,ISLAMIC CIVILIZATION,C,TAMIL,C,047,S,old,5,August,1999,female
140214,-,-,-,-,2020,INFORMATION & COMMUNICATION TECHNOLOGY,F,ECONOMICS,Absent,COMMUNICATION & MEDIA STUDIES,F,028,F,new,5,January,2002,male
90742,-,-,-,-,2020,GEOGRAPHY,Absent,BUDDHIST CIVILIZATION,Absent,SINHALA,Absent,Absent,Absent,new,29,April,2003,female
184816,COMMERCE,.9650,377 (NEW),10938 (NEW),2020,ECONOMICS,A,BUSINESS STUDIES,B,ACCOUNTING,C,038,S,new,14,June,2001,female
298034,COMMERCE,1.2793,72 (NEW),6378 (NEW),2020,ECONOMICS,B,BUSINESS STUDIES,A,ACCOUNTING,B,056,F,new,25,December,2001,female
252444,PHYSICAL SCIENCE,-.3570,801 (NEW),20249 (NEW),2020,PHYSICS,S,CHEMISTRY,S,COMBINED MATHEMATICS,S,056,C,new,30,August,2001,male
19373,-,-,-,-,2020,PHYSICS,F,CHEMISTRY,F,BIOLOGY,F,062,B,new,19,February,2001,male
158573,ARTS,-.3326,6795 (NEW),64394 (NEW),2020,GEOGRAPHY,S,BUDDHIST CIVILIZATION,S,SINHALA,C,026,F,new,2,April,2001,female
102563,-,-.3141,-,-,2020,ECONOMICS,F,GEOGRAPHY,S,SINHALA,C,044,F,new,10,May,2000,female
290048,COMMERCE,.0543,137 (NEW),27305 (NEW),2020,ECONOMICS,C,BUSINESS STUDIES,C,ACCOUNTING,C,040,S,new,16,May,2001,female
271353,-,-,-,-,2020,PHYSICS,F,CHEMISTRY,F,COMBINED MATHEMATICS,F,044,S,new,10,December,2001,male
20458,-,-,-,-,2020,POLITICAL SCIENCE,Absent,BUDDHIST CIVILIZATION,Absent,SINHALA,Absent,Absent,Absent,new,8,June,1997,female
39603,-,-,-,-,2020,ECONOMICS,F,BUSINESS STUDIES,S,ACCOUNTING,F,048,C,new,4,July,2001,male
318483,-,-,-,-,2020,PHYSICS,Absent,CHEMISTRY,Absent,BIOLOGY,S,Absent,Absent,old,25,February,1999,female
174921,BIOLOGICAL SCIENCE,1.1718,118 (NEW),4945 (NEW),2020,CHEMISTRY,C,AGRICULTURAL SCIENCE,B,BIOLOGY,C,050,C,new,27,July,2001,female
161821,ARTS,1.8406,116 (NEW),1337 (NEW),2020,POLITICAL SCIENCE,A,BUDDHIST CIVILIZATION,A,SINHALA,A,056,F,new,23,December,2001,female
329899,BIOLOGICAL SCIENCE,.0731,342 (OLD),4078 (OLD),2020,PHYSICS,S,CHEMISTRY,C,BIOLOGY,S,067,B,old,13,October,1999,female
221977,-,-,-,-,2020,PHYSICS,F,CHEMISTRY,F,BIOLOGY,S,052,A,new,2,April,2001,female
261066,-,-,-,-,2020,ECONOMICS,F,BUSINESS STUDIES,S,ACCOUNTING,F,038,F,new,21,March,2001,male
124305,COMMERCE,.7297,787 (NEW),14829 (NEW),2020,INFORMATION & COMMUNICATION TECHNOLOGY,C,ECONOMICS,C,ACCOUNTING,B,058,S,new,17,October,2001,male
141607,-,-,-,-,2020,CHEMISTRY,F,AGRICULTURAL SCIENCE,C,BIOLOGY,F,028,S,new,19,February,2000,female
182100,ARTS,.2479,1462 (NEW),43688 (NEW),2020,POLITICAL SCIENCE,C,ISLAMIC CIVILIZATION,C,TAMIL,C,046,S,new,25,December,2000,female
276488,-,-,-,-,2020,ECONOMICS,F,BUSINESS STUDIES,F,ACCOUNTING,F,046,F,new,11,July,2001,male
283585,ARTS,.2452,1022 (NEW),43780 (NEW),2020,GEOGRAPHY,S,ISLAM,B,TAMIL,C,026,F,new,24,February,2001,female
72272,BIOLOGICAL SCIENCE,1.6175,132 (NEW),2389 (NEW),2020,PHYSICS,C,CHEMISTRY,B,BIOLOGY,A,Absent,B,new,11,June,2000,female
229391,-,-,-,-,2020,POLITICAL SCIENCE,F,HOME ECONOMICS,Absent,SINHALA,F,036,Absent,new,11,June,2000,female
69312,ARTS,.8520,1271 (NEW),21693 (NEW),2020,POLITICAL SCIENCE,C,COMMUNICATION & MEDIA STUDIES,B,SINHALA,B,022,F,new,23,May,2001,female
211741,-,-1.0448,-,-,2020,GEOGRAPHY,S,POLITICAL SCIENCE,F,SINHALA,S,052,F,new,20,February,2001,male
307551,ARTS,-.4147,237 (OLD),5331 (OLD),2020,COMMUNICATION & MEDIA STUDIES,C,BUDDHIST CIVILIZATION,S,SINHALA,C,032,S,old,22,November,1995,female
116033,-,-,-,-,2020,INFORMATION & COMMUNICATION TECHNOLOGY,Absent,ENGINEERING TECHNOLOGY,Absent,SCIENCE FOR TECHNOLOGY,Absent,Absent,Absent,new,24,December,2001,female
76294,NON,.2562,-,-,2020,PHYSICS,S,COMBINED MATHEMATICS,C,INFORMATION & COMMUNICATION TECHNOLOGY,C,058,S,new,20,October,2001,female
175914,COMMERCE,1.3838,160 (NEW),5086 (NEW),2020,ECONOMICS,A,BUSINESS STUDIES,B,ACCOUNTING,A,040,C,new,27,October,2001,female
142732,BIOSYSTEMS TECHNOLOGY,.8041,171 (NEW),2324 (NEW),2020,AGRICULTURAL SCIENCE,C,BIO SYSTEMS TECHNOLOGY,C,SCIENCE FOR TECHNOLOGY,C,056,S,new,26,August,2001,male
113168,-,-,-,-,2020,INFORMATION & COMMUNICATION TECHNOLOGY,F,ENGINEERING TECHNOLOGY,S,SCIENCE FOR TECHNOLOGY,F,040,F,new,13,August,2001,female
141977,PHYSICAL SCIENCE,.4098,477 (NEW),11868 (NEW),2020,PHYSICS,C,CHEMISTRY,C,COMBINED MATHEMATICS,S,070,C,new,4,December,2000,male
293891,ARTS,.1792,324 (NEW),46357 (NEW),2020,HISTORY OF SRI LANKA & INDIA,A,HINDU CIVILIZATION,C,TAMIL,S,028,F,new,12,November,2001,male
60682,-,-.7686,-,-,2020,ECONOMICS,S,BUSINESS STUDIES,S,ACCOUNTING,F,034,F,new,22,May,2001,male
236645,ARTS,1.9403,12 (NEW),823 (NEW),2020,ECONOMICS,A,GEOGRAPHY,A,POLITICAL SCIENCE,A,058,B,new,12,May,2001,female
233698,ARTS,.8982,1211 (NEW),20172 (NEW),2020,GEOGRAPHY,C,BUDDHIST CIVILIZATION,A,SINHALA,B,030,F,new,19,March,2000,female
56802,-,-.7767,-,-,2020,GEOGRAPHY,S,BUDDHIST CIVILIZATION,F,SINHALA,S,046,F,new,18,April,2001,male
226444,-,-,-,-,2020,PHYSICS,F,COMBINED MATHEMATICS,F,INFORMATION & COMMUNICATION TECHNOLOGY,C,060,S,new,3,April,2000,female
334661,-,-,-,-,2020,INFORMATION & COMMUNICATION TECHNOLOGY,Absent,GEOGRAPHY,Absent,ISLAM,Absent,Absent,Absent,old,Invalid nic error,Invalid nic error,Invalid nic error,
295681,COMMERCE,.3954,78 (NEW),20706 (NEW),2020,ECONOMICS,B,BUSINESS STUDIES,C,ACCOUNTING,S,050,S,new,4,June,2001,female
208641,ENGINEERING TECHNOLOGY,.3156,178 (NEW),6410 (NEW),2020,INFORMATION & COMMUNICATION TECHNOLOGY,C,ENGINEERING TECHNOLOGY,S,SCIENCE FOR TECHNOLOGY,S,050,F,new,29,May,2000,male
83880,PHYSICAL SCIENCE,.8211,687 (NEW),7860 (NEW),2020,PHYSICS,C,CHEMISTRY,B,COMBINED MATHEMATICS,C,Absent,Absent,new,15,February,2000,male
300465,ARTS,.5500,850 (NEW),32216 (NEW),2020,GEOGRAPHY,C,POLITICAL SCIENCE,C,HINDU CIVILIZATION,B,030,F,new,11,July,2001,male
85953,ARTS,1.5728,283 (NEW),3988 (NEW),2020,POLITICAL SCIENCE,A,BUDDHIST CIVILIZATION,A,SINHALA,B,020,F,new,17,August,2001,female
333957,-,-,-,-,2020,HINDU CIVILIZATION,Absent,ART,Absent,TAMIL,Absent,Absent,Absent,old,20,August,1994,male
87064,COMMERCE,-.2532,2080 (NEW),33525 (NEW),2020,ECONOMICS,C,BUSINESS STUDIES,C,ACCOUNTING,S,042,F,new,30,March,2001,female
73548,COMMERCE,.6353,1169 (NEW),16434 (NEW),2020,ECONOMICS,C,BUSINESS STUDIES,C,ACCOUNTING,B,044,S,new,22,August,2001,female
193568,-,-.1517,-,-,2020,PHYSICS,S,CHEMISTRY,S,COMBINED MATHEMATICS,F,056,F,new,10,June,2001,male
281338,ARTS,1.0131,364 (NEW),16692 (NEW),2020,HISTORY OF SRI LANKA & EUROPE,B,DRAMA AND THEATRE (TAMIL),B,TAMIL,B,024,F,new,3,September,2001,female
317968,ARTS,.7267,62 (OLD),2063 (OLD),2020,GEOGRAPHY,B,BUDDHIST CIVILIZATION,B,SINHALA,B,043,S,old,13,May,1998,female
81327,BIOLOGICAL SCIENCE,.5928,751 (NEW),9988 (NEW),2020,PHYSICS,S,CHEMISTRY,C,BIOLOGY,C,060,S,new,19,October,2000,female
74112,-,-,-,-,2020,ECONOMICS,F,BUSINESS STUDIES,S,ACCOUNTING,F,040,F,new,30,September,2001,female
232260,-,-.7940,-,-,2020,INFORMATION & COMMUNICATION TECHNOLOGY,F,ENGINEERING TECHNOLOGY,S,SCIENCE FOR TECHNOLOGY,S,Absent,S,new,9,July,2000,male
241428,ARTS,.4986,911 (NEW),34143 (NEW),2020,ECONOMICS,S,COMMUNICATION & MEDIA STUDIES,C,SINHALA,A,038,F,new,17,January,2002,female
279985,COMMERCE,-.0714,424 (NEW),29822 (NEW),2020,ECONOMICS,C,BUSINESS STUDIES,S,ACCOUNTING,S,054,S,new,24,February,2000,male
120358,ARTS,.2008,2760 (NEW),45517 (NEW),2020,HOME ECONOMICS,C,COMMUNICATION & MEDIA STUDIES,S,BUDDHIST CIVILIZATION,C,044,F,new,19,October,2001,female
103626,ARTS,.4364,1777 (NEW),36494 (NEW),2020,GEOGRAPHY,B,BUDDHIST CIVILIZATION,C,SINHALA,C,038,F,new,7,February,2001,female
246833,-,-,-,-,2020,GEOGRAPHY,Absent,LOGIC & SCIENTIFIC METHOD,C,COMMUNICATION & MEDIA STUDIES,Absent,042,Absent,new,30,November,2000,female
244747,-,-,-,-,2020,AGRICULTURAL SCIENCE,Absent,AGRO TECHNOLOGY,Absent,GEOGRAPHY,Absent,Absent,Absent,new,13,September,1998,male
108480,ARTS,.0293,1816 (NEW),51988 (NEW),2020,POLITICAL SCIENCE,S,LOGIC & SCIENTIFIC METHOD,S,SINHALA,B,050,S,new,23,September,2001,female
97202,BIOLOGICAL SCIENCE,1.0660,356 (NEW),5707 (NEW),2020,PHYSICS,C,CHEMISTRY,B,BIOLOGY,B,058,Absent,new,22,August,2000,female
12808,BIOLOGICAL SCIENCE,.3947,1980 (NEW),12136 (NEW),2020,PHYSICS,S,CHEMISTRY,C,BIOLOGY,C,Absent,Absent,new,6,May,2000,female
284326,PHYSICAL SCIENCE,.0993,159 (NEW),15493 (NEW),2020,PHYSICS,S,CHEMISTRY,S,COMBINED MATHEMATICS,S,050,S,new,2,January,2002,female
316021,-,-,-,-,2020,AGRICULTURAL SCIENCE,Absent,BIOLOGY,Absent,AGRO TECHNOLOGY,Absent,Absent,Absent,old,22,October,1994,female
73073,-,-1.0651,-,-,2020,INFORMATION & COMMUNICATION TECHNOLOGY,S,ECONOMICS,F,SINHALA,S,040,S,new,27,February,2001,male
198664,BIOSYSTEMS TECHNOLOGY,.1041,104 (NEW),5123 (NEW),2020,AGRICULTURAL SCIENCE,C,BIO SYSTEMS TECHNOLOGY,S,SCIENCE FOR TECHNOLOGY,S,040,F,new,11,December,2001,female
134778,-,-,-,-,2020,GEOGRAPHY,F,POLITICAL SCIENCE,F,SINHALA,S,040,F,new,26,September,2001,female
314534,-,-.5093,-,-,2020,PHYSICS,S,CHEMISTRY,S,BIOLOGY,F,Absent,Absent,old,17,October,1999,male
277061,-,-,-,-,2020,AGRICULTURAL SCIENCE,S,BIO SYSTEMS TECHNOLOGY,F,SCIENCE FOR TECHNOLOGY,F,024,F,new,2,January,2002,male
231965,ARTS,1.0595,926 (NEW),15309 (NEW),2020,POLITICAL SCIENCE,C,BUDDHIST CIVILIZATION,B,SINHALA,B,046,C,new,8,October,2001,female
210361,COMMERCE,.1536,552 (NEW),25322 (NEW),2020,ECONOMICS,C,BUSINESS STUDIES,C,ACCOUNTING,S,048,F,new,8,February,2001,male
12993,PHYSICAL SCIENCE,1.6885,500 (NEW),2152 (NEW),2020,PHYSICS,B,CHEMISTRY,B,COMBINED MATHEMATICS,A,076,A,new,16,July,2001,female
236982,-,-,-,-,2020,INFORMATION & COMMUNICATION TECHNOLOGY,F,BUSINESS STUDIES,F,ACCOUNTING,F,032,F,new,19,February,2001,male
69338,COMMERCE,.7326,1050 (NEW),14783 (NEW),2020,ECONOMICS,C,BUSINESS STUDIES,C,ACCOUNTING,A,056,S,new,10,May,2000,female
222506,-,-1.2059,-,-,2020,GEOGRAPHY,F,HOME ECONOMICS,S,SINHALA,C,034,F,new,14,February,2001,female
141318,ARTS,.2819,1895 (NEW),42404 (NEW),2020,COMMUNICATION & MEDIA STUDIES,S,DANCING(INDIGENOUS),A,SINHALA,C,040,C,new,25,May,2001,female
132110,PHYSICAL SCIENCE,2.4444,6 (NEW),212 (NEW),2020,PHYSICS,A,CHEMISTRY,A,COMBINED MATHEMATICS,A,072,B,new,4,May,2001,male
269705,-,-,-,-,2020,POLITICAL SCIENCE,F,HISTORY OF SRI LANKA & EUROPE,F,HINDU CIVILIZATION,F,034,F,new,27,October,2001,male
94879,BIOSYSTEMS TECHNOLOGY,.9227,84 (NEW),1921 (NEW),2020,AGRICULTURAL SCIENCE,C,BIO SYSTEMS TECHNOLOGY,C,SCIENCE FOR TECHNOLOGY,B,046,C,new,17,June,2001,female
264078,-,-,-,-,2020,PHYSICS,F,CHEMISTRY,S,BIOLOGY,F,044,S,new,15,December,2001,female
300368,ARTS,-.5322,2009 (NEW),69044 (NEW),2020,POLITICAL SCIENCE,S,COMMUNICATION & MEDIA STUDIES,S,TAMIL,S,028,F,new,9,June,2001,male
144515,ARTS,.0398,2331 (NEW),51612 (NEW),2020,HOME ECONOMICS,C,BUDDHIST CIVILIZATION,C,SINHALA,C,050,F,new,25,October,1998,female
2129,PHYSICAL SCIENCE,.8905,1455 (NEW),7246 (NEW),2020,PHYSICS,C,CHEMISTRY,C,COMBINED MATHEMATICS,C,068,A,new,6,January,2001,male
216813,-,-,-,-,2020,CHEMISTRY,F,AGRICULTURAL SCIENCE,S,BIOLOGY,F,034,S,new,30,October,2001,female
74790,-,-,-,-,2020,ECONOMICS,F,BUSINESS STUDIES,F,ACCOUNTING,F,032,S,new,11,November,2001,male
205995,COMMERCE,.6320,365 (NEW),16488 (NEW),2020,INFORMATION & COMMUNICATION TECHNOLOGY,S,BUSINESS STUDIES,B,ACCOUNTING,C,044,S,new,11,December,2000,female
211990,ENGINEERING TECHNOLOGY,.4059,396 (NEW),5813 (NEW),2020,INFORMATION & COMMUNICATION TECHNOLOGY,S,ENGINEERING TECHNOLOGY,C,SCIENCE FOR TECHNOLOGY,S,052,C,new,16,March,2001,male
31035,ENGINEERING TECHNOLOGY,2.0571,58 (NEW),359 (NEW),2020,GEOGRAPHY,A,ENGINEERING TECHNOLOGY,B,SCIENCE FOR TECHNOLOGY,A,Absent,C,new,24,May,2000,male
229040,-,-.6414,-,-,2020,ECONOMICS,F,BUSINESS STUDIES,S,ACCOUNTING,S,Absent,F,new,20,November,2000,female
240511,-,-,-,-,2020,INFORMATION & COMMUNICATION TECHNOLOGY,S,GREEK & ROMAN CIVILIZATION,F,ENGLISH,F,020,A,new,8,August,2000,male
17899,-,-,-,-,2020,PHYSICS,S,CHEMISTRY,F,COMBINED MATHEMATICS,F,052,C,new,20,July,2000,male
200042,-,-,-,-,2020,AGRICULTURAL SCIENCE,Absent,BUDDHIST CIVILIZATION,Absent,SINHALA,Absent,Absent,Absent,new,21,April,1987,female
27124,ARTS,.2651,2826 (NEW),43050 (NEW),2020,POLITICAL SCIENCE,S,COMMUNICATION & MEDIA STUDIES,C,CHRISTIANITY,B,030,F,new,15,February,2000,female
227787,ARTS,-.1839,4140 (NEW),59714 (NEW),2020,GEOGRAPHY,S,COMMUNICATION & MEDIA STUDIES,C,SINHALA,C,036,F,new,23,November,2001,female
179735,-,-.7633,-,-,2020,POLITICAL SCIENCE,F,ISLAM,S,ARABIC,C,030,F,new,20,February,1999,male
263659,-,-,-,-,2020,POLITICAL SCIENCE,F,HISTORY OF SRI LANKA & INDIA,F,BUDDHIST CIVILIZATION,F,024,F,new,18,September,2001,female
56239,BIOLOGICAL SCIENCE,.3326,1121 (NEW),12863 (NEW),2020,PHYSICS,S,CHEMISTRY,C,BIOLOGY,C,062,B,new,26,April,2001,female
312313,-,-.3711,-,-,2020,CHEMISTRY,F,AGRICULTURAL SCIENCE,C,BIOLOGY,S,037,S,old,7,June,1999,female
18751,ARTS,.2587,2844 (NEW),43285 (NEW),2020,LOGIC & SCIENTIFIC METHOD,S,COMMUNICATION & MEDIA STUDIES,C,SINHALA,C,032,S,new,10,October,2001,female
71544,PHYSICAL SCIENCE,1.4605,178 (NEW),3242 (NEW),2020,PHYSICS,B,CHEMISTRY,B,COMBINED MATHEMATICS,B,068,A,new,13,September,2001,male
272351,-,-,-,-,2020,AGRICULTURAL SCIENCE,Absent,INFORMATION & COMMUNICATION TECHNOLOGY,Absent,ISLAM,Absent,Absent,Absent,new,8,January,1997,male
238375,BIOLOGICAL SCIENCE,.7525,137 (NEW),8368 (NEW),2020,PHYSICS,C,CHEMISTRY,C,BIOLOGY,S,064,S,new,22,June,2000,male
264331,ARTS,.7243,864 (NEW),25987 (NEW),2020,POLITICAL SCIENCE,B,BUDDHIST CIVILIZATION,C,SINHALA,C,048,F,new,10,May,2000,female
274900,-,-.4957,-,-,2020,AGRICULTURAL SCIENCE,F,GEOGRAPHY,S,POLITICAL SCIENCE,S,050,F,new,2,June,2001,male
228525,ARTS,.0183,3548 (NEW),52398 (NEW),2020,GEOGRAPHY,S,LOGIC & SCIENTIFIC METHOD,C,SINHALA,C,040,S,new,22,June,2000,female
237684,COMMERCE,.3567,532 (NEW),21430 (NEW),2020,ECONOMICS,C,BUSINESS STUDIES,C,ACCOUNTING,S,054,S,new,19,September,2000,female
167979,ARTS,.1206,5235 (NEW),48597 (NEW),2020,COMMUNICATION & MEDIA STUDIES,C,ORIENTAL MUSIC,C,DRAMA AND THEATRE (SINHALA),C,036,F,new,1,March,2001,male
333105,BIOLOGICAL SCIENCE,-.7187,137 (OLD),5806 (OLD),2020,PHYSICS,S,CHEMISTRY,S,BIOLOGY,S,050,A,old,12,January,1999,male
16234,ARTS,.1596,3081 (NEW),47101 (NEW),2020,LOGIC & SCIENTIFIC METHOD,S,DANCING(INDIGENOUS),A,SINHALA,C,052,B,new,17,April,2001,female
19173,-,-,-,-,2020,GEOGRAPHY,S,COMMUNICATION & MEDIA STUDIES,F,BUDDHIST CIVILIZATION,F,032,F,new,23,December,2001,female
80091,-,-,-,-,2020,ECONOMICS,F,BUSINESS STUDIES,F,ACCOUNTING,F,028,F,new,23,July,2001,male
220938,-,-,-,-,2020,CHEMISTRY,F,AGRICULTURAL SCIENCE,F,BIOLOGY,F,054,C,new,6,June,2001,male
125841,ARTS,-.5411,3961 (NEW),69207 (NEW),2020,POLITICAL SCIENCE,S,BUDDHIST CIVILIZATION,S,ART,S,026,F,new,14,May,2001,female
45961,-,-,-,-,2020,ECONOMICS,F,BUSINESS STUDIES,F,ACCOUNTING,F,Absent,F,new,31,July,2000,male
99921,-,-.3623,-,-,2020,INFORMATION & COMMUNICATION TECHNOLOGY,C,POLITICAL SCIENCE,S,BUSINESS STATISTICS,F,042,S,new,12,October,2001,female
45344,-,-,-,-,2020,GEOGRAPHY,F,BUDDHIST CIVILIZATION,F,ART,S,034,F,new,2,July,2001,male
250726,BIOLOGICAL SCIENCE,-.0692,598 (NEW),17864 (NEW),2020,PHYSICS,S,CHEMISTRY,S,BIOLOGY,S,056,B,new,4,January,2002,female
212619,-,-,-,-,2020,PHYSICS,Absent,CHEMISTRY,Absent,COMBINED MATHEMATICS,Absent,Absent,Absent,new,9,January,2002,male
299596,BIOLOGICAL SCIENCE,1.2519,218 (NEW),4381 (NEW),2020,PHYSICS,C,CHEMISTRY,B,BIOLOGY,C,Absent,Absent,new,14,February,2000,male
294860,ARTS,.1285,336 (NEW),48276 (NEW),2020,GEOGRAPHY,S,HINDU CIVILIZATION,B,TAMIL,C,030,F,new,1,March,2001,female
232178,-,-,-,-,2020,AGRICULTURAL SCIENCE,Absent,BIO SYSTEMS TECHNOLOGY,Absent,SCIENCE FOR TECHNOLOGY,Absent,Absent,Absent,new,24,May,2000,female
128,COMMERCE,.2867,4304 (NEW),22794 (NEW),2020,ECONOMICS,C,BUSINESS STUDIES,C,ACCOUNTING,C,040,S,new,26,August,2001,female
142903,BIOLOGICAL SCIENCE,-.5043,956 (NEW),21422 (NEW),2020,PHYSICS,S,CHEMISTRY,S,BIOLOGY,S,040,F,new,30,June,2001,male
272533,-,-,-,-,2020,INFORMATION & COMMUNICATION TECHNOLOGY,F,ENGINEERING TECHNOLOGY,F,SCIENCE FOR TECHNOLOGY,F,030,Absent,new,10,April,2001,male
158729,ARTS,.7818,2663 (NEW),24053 (NEW),2020,GEOGRAPHY,C,BUDDHIST CIVILIZATION,C,SINHALA,B,036,C,new,1,January,2001,female
191249,ARTS,.7139,1405 (NEW),26344 (NEW),2020,GEOGRAPHY,C,HOME ECONOMICS,C,ISLAMIC CIVILIZATION,A,040,F,new,23,December,2000,female
22428,COMMERCE,.0404,5142 (NEW),27562 (NEW),2020,ECONOMICS,S,BUSINESS STUDIES,C,ACCOUNTING,S,046,S,new,15,May,2001,female
305259,-,-.7599,-,-,2020,POLITICAL SCIENCE,S,LOGIC & SCIENTIFIC METHOD,F,TAMIL,S,032,F,new,13,September,1999,female
159115,ENGINEERING TECHNOLOGY,.3252,587 (NEW),6336 (NEW),2020,INFORMATION & COMMUNICATION TECHNOLOGY,C,ENGINEERING TECHNOLOGY,S,SCIENCE FOR TECHNOLOGY,C,068,F,new,19,October,2001,male
202696,-,-1.0228,-,-,2020,GEOGRAPHY,S,ORIENTAL MUSIC,F,SINHALA,S,Absent,F,new,1,February,2000,female
145728,ENGINEERING TECHNOLOGY,.1490,343 (NEW),7607 (NEW),2020,INFORMATION & COMMUNICATION TECHNOLOGY,C,ENGINEERING TECHNOLOGY,S,SCIENCE FOR TECHNOLOGY,S,046,S,new,31,January,2002,male
271284,BIOLOGICAL SCIENCE,-.0859,613 (NEW),18052 (NEW),2020,PHYSICS,S,CHEMISTRY,S,BIOLOGY,S,060,C,new,24,April,2001,female
149293,PHYSICAL SCIENCE,1.6017,206 (NEW),2523 (NEW),2020,PHYSICS,C,CHEMISTRY,A,COMBINED MATHEMATICS,A,Absent,C,new,23,March,2000,male
175492,ARTS,.5624,1053 (NEW),31758 (NEW),2020,AGRICULTURAL SCIENCE,C,GEOGRAPHY,C,SINHALA,C,042,F,new,5,April,2001,female
194205,-,-.2411,-,-,2020,PHYSICS,F,CHEMISTRY,S,BIOLOGY,S,048,B,new,24,September,2001,female
185449,COMMERCE,.2690,834 (NEW),23144 (NEW),2020,ECONOMICS,S,BUSINESS STUDIES,B,ACCOUNTING,C,036,S,new,28,April,2001,male
263293,PHYSICAL SCIENCE,-.0649,219 (NEW),17399 (NEW),2020,PHYSICS,S,CHEMISTRY,S,COMBINED MATHEMATICS,S,056,S,new,20,December,2001,female
30972,COMMERCE,-.4499,6848 (NEW),36938 (NEW),2020,ECONOMICS,S,BUSINESS STUDIES,S,ACCOUNTING,S,046,C,new,2,July,2001,female
46886,-,-,-,-,2020,INFORMATION & COMMUNICATION TECHNOLOGY,F,BIO SYSTEMS TECHNOLOGY,F,SCIENCE FOR TECHNOLOGY,F,026,F,new,30,July,2001,female
76919,ARTS,-.7180,3678 (NEW),71622 (NEW),2020,POLITICAL SCIENCE,S,HISTORY OF SRI LANKA & INDIA,S,SINHALA,S,036,B,new,29,May,2000,male
41282,ARTS,-.0012,4106 (NEW),53124 (NEW),2020,POLITICAL SCIENCE,C,BUDDHIST CIVILIZATION,C,SINHALA,S,032,F,new,9,September,2001,female
168142,-,-,-,-,2020,PHYSICS,F,CHEMISTRY,F,COMBINED MATHEMATICS,F,048,B,new,10,March,2001,female
167520,BIOLOGICAL SCIENCE,-.3278,1644 (NEW),20474 (NEW),2020,PHYSICS,S,CHEMISTRY,S,BIOLOGY,S,066,C,new,20,July,2001,female
188988,PHYSICAL SCIENCE,.6894,244 (NEW),9057 (NEW),2020,PHYSICS,C,CHEMISTRY,C,COMBINED MATHEMATICS,C,070,S,new,16,December,2001,male
102894,-,-,-,-,2020,HOME ECONOMICS,S,BUDDHIST CIVILIZATION,F,SINHALA,F,030,F,new,4,May,2001,female
55619,COMMERCE,1.2628,720 (NEW),6594 (NEW),2020,ECONOMICS,B,BUSINESS STUDIES,A,ACCOUNTING,B,032,S,new,7,March,2001,female
321838,ARTS,.6437,216 (OLD),2295 (OLD),2020,HISTORY OF EUROPE,C,COMMUNICATION & MEDIA STUDIES,B,SINHALA,C,040,C,old,30,December,1999,female
146117,ENGINEERING TECHNOLOGY,1.0078,108 (NEW),2635 (NEW),2020,INFORMATION & COMMUNICATION TECHNOLOGY,C,ENGINEERING TECHNOLOGY,B,SCIENCE FOR TECHNOLOGY,C,Absent,F,new,2,January,2001,male
2141,PHYSICAL SCIENCE,-.1819,3181 (NEW),18687 (NEW),2020,PHYSICS,S,CHEMISTRY,S,COMBINED MATHEMATICS,S,070,A,new,23,January,2002,female
244363,PHYSICAL SCIENCE,2.1470,7 (NEW),621 (NEW),2020,PHYSICS,A,CHEMISTRY,A,COMBINED MATHEMATICS,A,Absent,A,new,29,April,2000,male
162127,-,-,-,-,2020,ECONOMICS,Absent,BUSINESS STUDIES,Absent,ACCOUNTING,Absent,Absent,Absent,new,10,October,2000,male
164686,ARTS,-.7918,7486 (NEW),72201 (NEW),2020,GEOGRAPHY,S,ART,S,SINHALA,S,030,F,new,5,January,2002,male
72783,COMMERCE,.5733,1232 (NEW),17495 (NEW),2020,ECONOMICS,B,BUSINESS STUDIES,C,ACCOUNTING,C,052,S,new,8,August,2001,female
223986,-,-1.0207,-,-,2020,GEOGRAPHY,F,HOME ECONOMICS,C,TAMIL,S,038,F,new,16,August,2001,female
156214,ARTS,1.3081,941 (NEW),8960 (NEW),2020,GEOGRAPHY,A,HISTORY OF SRI LANKA & EUROPE,B,SINHALA,B,048,C,new,26,July,2000,female
323811,-,-,-,-,2020,ECONOMICS,Absent,BUSINESS STUDIES,Absent,ACCOUNTING,Absent,Absent,Absent,old,19,August,1995,female
121408,-,-,-,-,2020,INFORMATION & COMMUNICATION TECHNOLOGY,F,ENGINEERING TECHNOLOGY,S,SCIENCE FOR TECHNOLOGY,F,036,S,new,28,June,2001,female
279928,-,-,-,-,2020,PHYSICS,F,CHEMISTRY,F,COMBINED MATHEMATICS,F,060,F,new,1,June,2001,male
267009,ENGINEERING TECHNOLOGY,-.2525,334 (NEW),10729 (NEW),2020,GEOGRAPHY,S,ENGINEERING TECHNOLOGY,S,SCIENCE FOR TECHNOLOGY,S,042,F,new,28,October,2001,male
107371,ARTS,1.3196,452 (NEW),8684 (NEW),2020,ECONOMICS,A,BUDDHIST CIVILIZATION,A,SINHALA,B,064,Absent,new,26,March,1999,female
157947,COMMERCE,.4327,1408 (NEW),20007 (NEW),2020,ECONOMICS,C,BUSINESS STUDIES,C,ACCOUNTING,C,Absent,S,new,7,June,2000,female
196030,COMMERCE,.8342,459 (NEW),13043 (NEW),2020,ECONOMICS,B,BUSINESS STUDIES,B,ACCOUNTING,C,060,F,new,14,October,2001,female
8362,-,-,-,-,2020,PHYSICS,F,CHEMISTRY,F,BIOLOGY,S,048,A,new,29,November,2001,male
303250,ARTS,.7962,615 (NEW),23574 (NEW),2020,HISTORY OF SRI LANKA & EUROPE,C,COMMUNICATION & MEDIA STUDIES,C,CHRISTIAN CIVILIZATION,A,032,F,new,3,June,2001,female
286442,ARTS,-.2580,1504 (NEW),62103 (NEW),2020,GEOGRAPHY,S,ISLAM,C,TAMIL,S,040,F,new,26,November,1999,female
206508,-,-.4836,-,-,2020,POLITICAL SCIENCE,F,BUDDHIST CIVILIZATION,S,SINHALA,C,032,F,new,5,December,2001,female
6918,-,-,-,-,2020,PHYSICS,F,CHEMISTRY,F,BIOLOGY,S,060,A,new,26,September,2001,male
259340,-,-,-,-,2020,ECONOMICS,Absent,BUSINESS STUDIES,Absent,ACCOUNTING,Absent,Absent,Absent,new,18,August,2000,female
298053,COMMERCE,.0185,503 (NEW),27980 (NEW),2020,INFORMATION & COMMUNICATION TECHNOLOGY,S,BUSINESS STUDIES,C,ACCOUNTING,S,040,C,new,26,March,2001,female
75697,ARTS,.3776,2103 (NEW),38738 (NEW),2020,POLITICAL SCIENCE,B,ISLAM,S,SINHALA,B,036,F,new,26,May,2001,female
